code_produit,nom_commercial,groupe_therapeutique,dci
7112216,A CERUMEN SOLUTION DOUCE D4HYGIENE AURICULAIRE B/10X2ML,"ORL, BOUCHON DE CERUMEN",SODIUM ACYLSARCOSINATE ET SUCROSE ESTER
2475011,AARCOLD BLISTER DE 4 COMPRIMES,"ORL, RHUME ET GRIPPE",PARACETAMOL + PHENYLEPHRINE + CETIRIRIZINE + CHLORPHENIRAMINE
3909974,AARLEFLOX COMPRIME 500MG B/10,"ANTIBIOTIQUE, QUINOLONE",LÉFLOXACINE
2475022,AARLEFLOX 500MG COMP B/10,ANTIBIOTIQUE ET ANTIPARASITAIRE,LEVOFLOXACINE
3909998,AARLOFLOX OZ COMPRIME 200MG/500MG B/10,ASSOCIATION D'ANTIBIOTIQUES,OFLOXACINE+ ORDIDAZOLE
3999998,AARLOFLOX OZ 200MG/500MG COMP B/10,ANTIBIOTIQUE ET ANTIPARASITAIRE,OFLOXACINE + ORNIDAZOLE
2475025,AARTMIN G COMP 80/500MG B/30,AUTRES ANTIDIABETIQUES,GLICAZIDE +METFORMINE
2475993,ABLEPT GELU 300MG BT30,"NEUROLOGIE, ANTI-EPILEPTIQUE",GABAPENTINE
3352892,ABUFENE CP 400 MG B/30,"GYNECOLOGIE,TRAITEMENTS DE LA MENOPAUSE",BETA ALANINE
3258453,ABZ SUSP BUV FL/10 ML,"PARASITOLOGIE, ANTHELMINTIQUE",ALBENDAZOLE
5015703,ACARILBIAL SOL P APPL LOC FL/200 ML,"DERMATOLOGIE, ANTIPARASITAIRE EXTERNE",BENZOATE DE BENZYLE
8003794,"ACCULOL CY 0,5% FL/5 ML","OPHTALMOLOGIE, ANTIGLAUCOMATEUX",BETAXOLOL
8028179,ACCUZON INJ 1G B/1,"ANTIBIOTIQUE, CEPHALOSPORINE",CEFTRIAXONE
2475298,A-CEF PDRE POUR SOL INJ 1000MG IM/IV FL/1,"ANTIBIOTIQUE, CEPHALOSPORINE",CEFTRIAXONE
3240410,ACEFYL SIROP FL/120ML,"PNEUMOLOGIE, ANTITUSSIF",ACEPHYLLINE PIPERAZINE + DIPHENYLDRAMINE
2473652,ACELODON CP PELL 100MG B/10,ANTI-INFLAMMATOIRE NON STEROIDIEN (AINS),ACECLOFENAC
2473651,ACELODON-P COMP PELL 100MG/500MG B/10,ANTALGIQUE/ANTIPYRETIQUE + AINS,ACECLOFENAC + PARACETAMOL
8096749,ACEM CP 500 MG B/10,"ANTIBIOTIQUE, MACROLIDE",CLARITHROMYCINE
164426,ACENLAND CP 100 MG B/10,ANTI-INFLAMMATOIRE NON STEROIDIEN (AINS),ACECLOFENAC
164464,ACENLAND-P CP 100MG/500MG B/10,ANTALGIQUE/ANTIPYRETIQUE + AINS,ACECLOFENAC + PARACETAMOL
3180631,ACEPAR CP B/10,ANTALGIQUE/ANTIPYRETIQUE + AINS,ACECLOFENAC + PARACETAMOL
2474212,ACESON-P 100/500MG B/10,ANTALGIQUE/ANTIPYRETIQUE + AINS,ACECLOFENAC + PARACETAMOL
3991923,ACEWEL COMPRIME PELLICULE 100MG B/10,ANTI-INFLAMMATOIRE NON STEROIDIEN (AINS),ACÉCLOFÉNAC
8016577,ACFOL CP 5 MG B/25,"HEMATOLOGIE, ANTIANEMIQUES",ACIDE FOLIQUE (VITAMINE B9)
3262979,ACFRAN CP B/30,"HEMATOLOGIE, ANTIANEMIQUES",ASCORBATE DE FER + CYANOCOBALAMINE
3145029,ACFRAN SIROP FL/200 ML,"HEMATOLOGIE, ANTIANEMIQUES",FERRICITRATE DE CHOLINE + VIAMINE B12 + ACIDE FOLIQUE + LYSINE
2475514,ACIBAN SUSP BUV FL 200ML,"GASTRO.E.H., ANTIACIDE ET PANSEMENT GASTROINTESTINAL",HYDROXY DE MAGNESIUM + MAGNESIUM HYDROXYDE + SIMETHICONE
3224717,ACICLOVIR GENERIS CP 200 MG B/25,ANTIVIRAUX,ACICLOVIR
3484317,ACICROF-P COMP PELL 100MG/500MG B/10,ANTALGIQUE/ANTIPYRETIQUE + AINS,PARACETAMOL + ACECLOFENAC
8054001,ACIDE ACETYLSALICYLIQUE UBI CP 500 MG PLAQUETTE DE 10,ANTALGIQUE/ANTIPYRETIQUE,ACIDE ACETYLSALICYLIQUE
8307181,ACIDE FOLIQUE TM COMP 5MG B/40,"HEMATOLOGIE, ANTIANEMIQUE",ACIDE FOLIQUE
2474725,ACIDE FUSIDIQUE UBIGEN 2% CREME DE 15G,"DERMATOLOGIE, ANTIBACTERIEN LOCAL",ACIDE FUSIDIQUE
2476924,"ACIFER COMP PELL 100MG/1,5MG B/30","HEMATOLOGIE, ANTIANEMIQUE",FER + ACIDE FOLIQUE
8513928,ACILIN AMP INJ 40 MG B/1,"GASTRO.E.H., ULCERE GASTRODUODENAL",OMEPRAZOLE
3461648,ACILOC SOL INJ 25MG/ML IM/IV B/5,"GASTRO.E.H., ULCERE GASTRODUODENAL",RANITIDINE
3347614,A-CIN CP PELL 500 MG B/3,"ANTIBIOTIQUE, MACROLIDE",AZITHROMYCINE
8304426,ACINET POUDRE POUR SOLUT INJECT IM/ IV1000MG/200MG B/1,"ANTIBIOTIQUE, PENICILLINE",AMOXICILLINE + ACIDE CLAVULANIQUE
8066553,ACLAV PDRE P SUSP BUV 1G/SACHET B/12,"ANTIBIOTIQUE, PENICILLINE",AMOXICILLINE+ACIDE CLAVULANIQUE
8066582,ACLAV PDRE P SUSP BUV 100MG FL/100ML,"ANTIBIOTIQUE, PENICILLINE",AMOXICILLINE+ACIDE CLAVULANIQUE
8066547,ACLAV PDRE P SUSP BUV 500 MG/SACH B/12,"ANTIBIOTIQUE, PENICILLINE",AMOXICILLINE+ACIDE CLAVULANIQUE
1334701,"ACLAV SUSP BUV 100MG/12,5MG FL/30ML","ANTIBIOTIQUE, PENICILLINES",AMOXICILLINE + ACIDE CLAVULANIQUE
3411643,ACLAV 1G/125MG B/16 SACHETS,"ANTIBIOTIQUE, PENICILLINE",AMOXICILLINE + ACIDE CLAVULANIQUE
2475201,ACLAV 1G/200MG PDRE INJ B/1,"ANTIBIOTIQUE, PENICILLINE",AMOXICILLINE + ACIDE CLAVULANIQUE
2477004,ACLAV 500MG/50MG PDRE INJ B/1,"ANTIBIOTIQUE, PENICILLINE",AMOXICILLINE + ACIDE CLAVULANIQUE
3411650,"ACLAV 500MG/62,5MG B/16 SACHETS","ANTIBIOTIQUE, PENICILLINE",AMOXICILLINE + ACIDE CLAVULANIQUE
8091769,ACLIN GEL 1% TUBE/15G,"DERMATOLOGIE, ANTIBACTERIEN LOCAL",CLINDAMYCINE
3096673,ACLOGEL GEL P APPL LOC T/30 G,ANTI-INFLAMMATOIRE NON STEROIDIEN (AINS),ACECLOFENAC
3136911,ACLOP CP 100MG/500MG B/10,ANTALGIQUE/ANTIPYRETIQUE + AINS,ACECLOFENAC + PARACETAMOL
841042,ACLOP SUSP FL/100ML,ANTALGIQUE/ANTIPYRETIQUE + AINS,ACECLOFENAC + PARACETAMOL
8550160,ACLOPOL COMPRIMES 500MG/100MG B/20,ANTALGIQUE/ANTIPYRETIQUE + AINS,ACECLOFENAC + PARACETAMOL
3000549,ACTAPULGITE PDRE P SUSP BUV 3 G/SACH B/30,"GASTRO.E.H., ANTIACIDE ET PANSEMENT GASTROINTESTINAL",ATTAPULGITE DE MORMOIRON ACTIVEE
3282499,ACTAPULGITE PED PDRE P SUSP BUV ENF B/20 SACH,"GASTRO.E.H., ANTIACIDE ET PANSEMENT GASTROINTESTINAL",ATTAPULGITE DE MORMOIRON ACTIVEE
3000710,ACTICARBINE CP ENR B/42,ANTISPASMODIQUE,PAPAVERINE+CHARBON ACTIVE
3197718,ACTIFED CP B/20,"ORL,ANTI-GRIPPE,ANTI-RHUME",PARACETAMOL+TRIPROLIDINE+PSEUDOEPHEDRINE
3820841,ACTINAC COMP LP 200MG B/10,ANTIINFLAMMATOIRE NON STEROIDIEN (AINS),ACECLOFENAC
8018095,ACTINAC COMPRIME 100MG B/30,ANTIINFLAMMATOIRE NON STEROIDIEN (AINS),ACECLOFENAC
8109825,ACTINAC CP 100 MG B/10,ANTI-INFLAMMATOIRE NON STEROIDIEN (AINS),ACECLOFENAC
8018382,ACTINAC PLUS B/20,ANTALGIQUE /ANTIPYRETIQUE + AINS,ACECLOFENAC + PARACETAMOL
8018383,ACTINAC PLUS CP ENR B/10,ANTALGIQUE/ANTIPYRETIQUE + AINS,ACECLOFENAC + PARACETAMOL
3516715,ACTISOUFRE PULV NAS FL100ML,"ORL, DECONGESTIONNANTS",SOUFRE + LEVURE
3248232,ACTPRO AL CP 20 MG /120 MG B/24,"PARASITOLOGIE, ANTIPALUDIQUE",ARTEMETHER+LUMEFANTRINE
4025652,ACTRAPID HM SOL INJ 100 UI/ML FL/10 ML,ANTIDIABETIQUES ( INSULINES),INSULINE HUMAINE BIOGENETIQUE
3334463,ACTRAPID HM 100UI SOL INJ 100UI/ML FL/3ML PENFILL,ANTIDIABETIQUES ( INSULINES),INSULINE HUMAINE BIOGENETIQUE
3474302,"ACUIGEN COLLYRE 0,3% FL/5ML","OPHTALMOLOGIE, ANTIBACTERIEN LOCAL",GENTAMICINE
3364079,ACUILIX CP ENR B/28,"ANTIHYPERTENSEUR,INHIBITEUR ENZYME DE CONVERSION, DIURETIQUE",QUINAPRIL+HYDROCHLOROTHIAZIDE
3317223,ACUITEL CP ENR 20 MG B/28,"ANTIHYPERTENSEUR, INHIBITEUR DE L'ENZYME DE CONVERSION",QUINAPRIL
3317252,ACUITEL CP ENR 5 MG B/28,"ANTIHYPERTENSEUR, INHIBITEUR DE L'ENZYME DE CONVERSION",QUINAPRIL
3080399,ACUMOL CP PELL B/20,ANTALGIQUE/ANTIPYRETIQUE + AINS,ACECLOFENAC + PARACETAMOL
5900010,ACUPAN AMP INJ B/5,ANTALGIQUE/ANTIPYRETIQUE,NEFOPAM
3320654,ACURE CP DISP 20MG/120 MG B/6,"PARASITOLOGIE, ANTIPALUDIQUE",ARTEMETHER+LUMEFANTRINE
3405921,ACURE CP DISP 40MG/240MG B/6,"PARASITOLOGIE, ANTIPALUDIQUE",ARTEMETHER+LUMEFANTRINE
3446524,ACURE CP DISPERS 60MG/360 B/6,"PARASITOLOGIE, ANTIPALUDIQUE",ARTEMETHER+LUMEFANTRINE
3381694,ACURE CP 80/480MG B/6,"PARASITOLOGIE, ANTIPALUDIQUE",ARTEMETHER+LUMEFANTRINE
3381731,ACURE PDRE P SUSP BUV 20MG/120MG NOURRISSON FL/30ML,"PARASITOLOGIE, ANTIPALUDIQUE",ARTEMETHER+LUMEFANTRINE
3381779,ACURE PDRE P SUSP BUV 40MG/240MG ENFT FL/ 30ML,"PARASITOLOGIE, ANTIPALUDIQUE",ARTEMETHER+LUMEFANTRINE
3388495,ACURE PDRE P SUSP BUV 60MG/360MG FL/30ML,"PARASITOLOGIE, ANTIPALUDIQUE",ARTEMETHER+LUMEFANTRINE
8040714,ACYCLOVIR DENK CP 200 MG B/25,ANTIVIRAUX,ACICLOVIR
2270005,ACYCLOVIR DENK CREME 5% T/7G,ANTIVIRAUX,ACICLOVIR
3223479,ADALATE GELULE 10 MG B/30,"ANTIHYPERTENSEUR, INHIBITEUR CALCIQUE",NIFEDIPINE
3362330,ADALATE LA CP 30 MG B/30,"ANTIHYPERTENSEUR, INHIBITEUR CALCIQUE",NIFEDIPINE
3001230,ADIAZINE CP 500 MG B/20,"ANTIBIOTIQUE, SULFAMIDE",SULFADIAZINE
3627204,ADIONE COMP B/10,"GASTRO E H , NAUSEES ET VOMISSEMENT",SUCCINATE DE DOXYLAMINE + CHLORHYDRATE DE PYRIDOXINE
3627259,ADIONE COMP 10MG/10MG LP B/30,"GASTRO E H, TRAITEMENT DES NAUSEES ET VOMISSEMENTS",DOXYLAMINE + PYRIDOXINE
3153796,ADRIBLASTINE AMP INJ 10 MG B/1,"CANCEROLOGIE, ANTINEOPLASIQUE",DOXORUBICINE
3153804,ADRIBLASTINE AMP INJ 50 MG B/1,"CANCEROLOGIE, ANTINEOPLASIQUE",DOXORUBICINE
3317723,ADRIDE CP 2 MG B/30,SULFAMIDE ANTIDIABETIQUE,GLIMEPIRIDE
3317761,ADRIDE CP 4 MG B/30,SULFAMIDE ANTIDIABETIQUE,GLIMEPIRIDE
3317808,ADRIDE M CP PELL 2MG/500MG B/30,AUTRES ANTIDIABETIQUES,GLIMEPIRIDE + METFORMINE
9000444,ADVIL SIROP FL/200 ML,ANTI-INFLAMMATOIRE NON STEROIDIEN (AINS),IBUPROFENE
3364062,ADVILMED SUSP BUV 20MG/ML FL/200ML,ANTI-INFLAMMATOIRE NON STEROIDIEN (AINS),IBUPROFENE
3842432,ADZIL COMPRIMES PELLICULES B/3,"ANTIBIOTIQUE, MACROLIDE",AZITHROMYCINE
3595347,AERIUS SIROP FL/60 ML,"ALLERGOLOGIE,ANTIHISTAMINIQUE",DESLORATADINE
9283011,AEROL SUSP P INHAL 100 MCG FL/200 DOSES,"PNEUMOLOGIE, ANTIASTHMATIQUE",SALBUTAMOL
4045782,AERO-OM 105MG/ML EMULSION BUVABLE FL/25ML,"GASTRO E.H, TROUBLES FONCTIONNELS DIGESTIFS",SIMETICONE
4156893,AERO-OM 42MG COMPRIME A CROQUER B/60,"GASTRO E.H, TROUBLES FONCTIONNELS DIGESTIFS",SIMETICONE
8076681,AFATA CP 100MG/500MG B/20,ANTALGIQUE/ANTIPYRETIQUE + AINS,ACECLOFENAC + PARACETAMOL
2474129,AFENAC COMP 100MG B/20,ANTIINFLAMMATOIRE NON STEROIDIEN (AINS),ACECLOFENAC
2474116,AFENAC PLUS COMP B/20,ANTALGIQUE/ANTIPYRETIQUE + AINS,ACECLOFENAC + PARACETAMOL
2483651,AFINE C 500/25/200 PDR AD B/10,"ORL, ANTI-GRIPPE, ANTI-RHUME",PARACETAMOL + CHLORYDRATE DE PHENYLEPHRINE + CHLORPHENAMINE MALEATE
8508962,AFINE CP PELL 500 MG B/10,"ORL,ANTI-GRIPPE,ANTI-RHUME",PARACETAMOL + PHENYLEPHRINE + CHLORPHENIRAMINE + CAFEINE
8601874,AFINE SIROP FL DE 100ML,"ORL, ANTI-GRIPPE, ANTI-RHUME",PARACETAMOL + CHLORYDRATE DE PHENYLEPHRINE + CHLORPHENAMINE MALEATE
8003825,AFLACIN CY FL/5 ML,"OPHTALMOLOGIE, ANTIBACTERIENS LOCAUX",OFLOXACINE
3850749,AFRIDOL 125MG / 5ML SUSP BUV F / 100ML,ANTALGIQUE /ANTIPYRETIQUE,PARACETAMOL
3850947,AFRIDOM 1MG / ML SUSP BUV F / 100ML,"GASTRO E.H, NAUSEES ET VOMISSEMENTS",DOMPERIDONE
3850695,AFRIFEN PLUS 125 / 100MG SUSP BUV F / 100ML,ANTALGIQUE /ANTIPYRETIQUE + AINS,IBUPROFENE + PARACETAMOL
3850640,AFRIFEN 100MG / 5ML SUSP BUV F / 100ML,ANTIINFLAMMATOIRE NON STEROIDIEN (AINS),IBUPROFENE
2481516,AFRILUME CAPSULES MOLLES 80MG/480MG B/6,"PARASITOLOGIE, ANTIPALUDIQUE",ARTEMETHER + LUMEFANTRINE
2481517,AFRILUME COMPRIMES 80MG/480MG B/6,"PARASITOLOGIE, ANTIPALUDIQUE",ARTEMETHER + LUMEFANTRINE
2481518,AFRILUME POUDRE POUR SUSPENSION 180MG/ 1080MG FL/60ML,"PARASITOLOGIE, ANTIPALUDIQUE",ARTEMETHER + LUMEFANTRINE
3850848,AFRIRELIEF 2/10 / 5MG / 5ML SUSP BUV F100ML,"ORL, RHUME ET GRIPPE",DEXTROMETHORPHAN + PHENYLEPHRINE + CHLORPHENIRAMINE
3850893,AFRITRIM 40 / 200MG / 5ML SUSP BUV F / 100ML,"ANTIBIOTIQUE, SULFAMIDE",COTRIMOXAZOLE
3851142,AFRIZINE 5MG / 5ML SOL BUV F / 60ML,"ALLERGOLOGIE, ANTIHISTAMINIQUE",CETIRIZINE
3851098,AFRIZOLE 200MG / 5ML SUSP BUV F / 10ML,"PARASITOLOGIE, ANTHELMINTIQUE",ALBENDAZOLE
3080436,AFSC KIT 1G/1G/150MG CP B/4,"INFECTIOLOGIE, DIVERS ANTIBACTERIENS",FLUCONAZOLE + AZITHROMYCINE + SECNIDAZOLE
6110202,AGIDERM CREME 2% T/15 G,"DERMATOLOGIE, ANTIBACTERIEN LOCAL",ACIDE FUSIDIQUE
6110870,AGIDERM PDE 2% T 15G,"DERMATOLOGIE, ANTIBACTERIEN LOCAL",ACIDE FUSIDIQUE
8594246,AGIFENE GEL 5% TUBE DE 50G,ANTI-INFLAMMATOIRE NON STEROIDIEN (AINS),IBUPROFENE
3992630,AGIFENE SUSP BUV FL/150 ML,ANTI-INFLAMMATOIRE NON STEROIDIEN (AINS),IBUPROFENE
1304491,AGILIS COMP 100MG/500MG B/20,ANTALGIQUE/ANTIPYRETIQUE + AINS,ACECLOFENAC + PARACETAMOL
3348838,AGYRAX CP 25MG B/15,"NEUROLOGIE, ANTIVERTIGINEUX",CHLORHYDRATE DE MECLOZINE
8594312,AIRLIX CP 10 MG B/15,"ALLERGOLOGIE,ANTIHISTAMINIQUE",CETIRIZINE
8594252,AIRLIX SOL BUVABLE 1MG/ML FL/60ML,"ALLERGOLOGIE,ANTIHISTAMINIQUE",CETIRIZINE
8309576,AIRTAL COMPRIMES 100MG B/10,ANTIINFLAMMATOIRE NON STEROIDIEN (AINS),ACECLOFENAC
2023873,AIRTAL CP 100 MG B/40,ANTI-INFLAMMATOIRE NON STEROIDIEN (AINS),ACECLOFENAC
3993064,AKEROL CP 5 MG B/20,"ALLERGOLOGIE,ANTIHISTAMINIQUE",DESLORATADINE
3993017,"AKEROL SIROP 2,5MG/5ML FL/60ML","ALLERGOLOGIE,ANTIHISTAMINIQUE",DESLORATADINE
8011960,ALBACT COMP B/10,"ANTIBIOTIQUE, MACROLIDE",OFLOXACINE
1552161,ALBELA 400MG SUSP BUV FL/10ML,"PARASITOLOGIE, ANTHELMINTIQUE",ALBENDAZOL
5612020,ALBENDOL SUSP BUV 4% FL/10 ML,"PARASITOLOGIE, ANTHELMINTIQUE",ALBENDAZOLE
3262535,ALBIZOL SUSP BUV FL/10 ML,"PARASITOLOGIE, ANTHELMINTIQUE",ALBENDAZOLE
3408753,ALBUNORM 20% 20MG/ML SOL INJ PERF/100ML,MAINTIEN DU VOLUME SANGUIN,ALBUMINE HUMAINE
8083818,ALCER CP 40 MG B/30,"GASTRO.E.H., ULCERE GASTRODUODENAL",PANTOPRAZOLE
9228801,ALCER-D GELULE B/10,"GASTRO ENTER, ANTI ACIDE ET PANSEMENT GASTRO- INTESTINAL",PANTOPRAZOLE + DOMPERIDONE
3002152,ALDACTAZINE CP ENR B/20,"ANTIHYPERTENSEUR, DIURETIQUE",SPIRONOLACTONE+ALTIZIDE
3272503,ALDACTONE CP ENR 50 MG B/20,"UROLOGIE NEPHROLOGIE, DIURETIQUES",SPIRONOLACTONE
3260799,ALDACTONE CP ENR 75 MG B/20,"UROLOGIE NEPHROLOGIE, DIURETIQUES",SPIRONOLACTONE
3011250,ALDEPRAZ COMP 40MG B/30,"GASTRO E H, ULCERE GASTRO-DUODENAL",PANTOPRAZOLE
3011274,ALDEZOL SIROP FL/10ML,"PARASITOLOGIE, ANTHELMINTI",ALBENDAZOL
3917511,ALDE-12 COMPRIME 75MG B/30,"NEUROLOGIE, ANTIEPILEPTIQUES",PREGABALINE
3002198,ALDOMET CP ENR 250 MG B/30,ANTIHYPERTENSEUR D'ACTION CENTRALE,METHYL DOPA
3173801,ALDOMET CP ENR 500 MG B/30,ANTIHYPERTENSEUR D'ACTION CENTRALE,METHYL DOPA
8524240,ALEMONT CP PELLICULES 5MG/10MG B/10,"ALLERGOLOGIE,ANTIHISTAMINIQUE","LEVOCETIRIZINE, MONTELUKAST"
3289610,ALEPSAL CP 100 MG B/30,"NEUROLOGIE, ANTIEPILEPTIQUES",PHENOBARBITAL+CAFEINE
3002229,ALEPSAL CP 50 MG B/30,"NEUROLOGIE, ANTIEPILEPTIQUES",PHENOBARBITAL+CAFEINE
3241782,ALERBIX 10MG CP ORODISPERSIBLS B/20,"ALLERGOLOGIE, ANTIHISTAMINIQUE",BILASTINE
3231011,ALERBIX 20MG CP B/10,"ALLERGOLOGIE, ANTIHISTAMINIQUE",BILASTINE
3241997,ALERBIX 20MG CP B/20,"ALLERGOLOGIE, ANTIHISTAMINIQUE",BILASTINE
3258460,"ALERCHEK CY 0,1% FL/5 ML","OPHTALMOLOGIE, ANTIALLERGIQUES LOCAUX",OLOPATADINE
3774489,"ALERDAN SIROP 0,5ML/ML FL/100ML","ALLERGOLOGIE, ANTIHISTAMINIQUE",DESLORATADINE
3212325,ALEVO CP 500MG B/5,"ANTIBIOTIQUE, QUINOLONE",LEVOFLOXACINE
3389256,ALFACURE CP DISP 20MG/120 MG B/6,"PARASITOLOGIE, ANTIPALUDIQUE",ARTEMETHER+LUMEFANTRINE
3389263,ALFACURE CP 40MG/240MG B/6,"PARASITOLOGIE, ANTIPALUDIQUE",ARTEMETHER+LUMEFANTRINE
3389270,ALFACURE CP 80/480 MG B/6,"PARASITOLOGIE, ANTIPALUDIQUE",ARTEMETHER+LUMEFANTRINE
3234434,ALFAMOX PDRE P SUSP BUV 250MG FL/100ML,"ANTIBIOTIQUE, PENICILLINE",AMOXICILLINE
3234426,ALFAMOX PDRE P SUSP BUVABLE 500MG B/14,"ANTIBIOTIQUE, PENICILLINE",AMOXICILLINE
3234433,ALFAMOX PDTRE POUR SUSP BUVABLE 1G B/14,"ANTIBIOTIQUE, PENICILLINE",AMOXICILLINE
8093030,ALFER CP B/30,"HEMATOLOGIE, ANTIANEMIQUES",FER + MULTIVITAMINES
8097677,ALFER SIROP FL/200 ML,"HEMATOLOGIE, ANTIANEMIQUES",FER + MULTIVITAMINES
3106356,ALFOSA PLUS COMP 70MG/2800 UI B/4,"RHUMATOLOGIE, OSTEOPOROSE",ACIDE ALENDRONIQUE + CHOLECALCIFEROL
2473350,ALFOSA-35 COMP 35MG B/4,"RHUMATOLOGIE, OSTEOPOROSE",ACIDE ALENDRONIQUE
3006356,ALFOSA-70 COMP 70MG B/4,"RHUMATOLOGIE, OSTEOPOROSE",ACIDE ALENDRONIQUE
3732100,ALFUZOSINE BIOGARAN COMPRIME 10MG B/30,"UROLOGIE , HYPERTROPHIE BENIGNE DE LA PROSTATE",ALFUZOSINE
3002318,ALGESAL SURACTIVE CREME T/40 G,"RHUMATOLOGIE, DOULEURS D'ORIGINE MUSCULAIRE",ACIDE SALICYLIQUE+DIETHYLAMINE+MYRTECAINE
6001356,ALGESIC CP 1 G B/8,ANTALGIQUE/ANTIPYRETIQUE,PARACETAMOL
6001851,ALGESIC CP 500 MG B/20,ANTALGIQUE/ANTIPYRETIQUE,PARACETAMOL
6001455,ALGESIC EXTRA CP 500MG/65MG B/16,ANTALGIQUE/ANTIPYRETIQUE,PARACETAMOL+CAFEINE
3331909,ALGISEDAL CP B/16,"ANTALGIQUE/ANTIPYRETIQUE, ASSOCIATION CONTENANT UN OPIACE",PARACETAMOL+CODEINE
8068552,ALGIXENE SUPPO 500 MG B/12,ANTI-INFLAMMATOIRE NON STEROIDIEN (AINS),NAPROXENE
2473456,ALGOFENE SUSP BUVABLE 20MG/ML FL/150ML,ANTIINFLAMMATOIRE NON STEROIDIEN (AINS),IBUPROFENE
9078001,ALLCOLD SIROP FL/100 ML,"ORL, ANTIGRIPE, ANTI RHUME",PARACETAMOL + PHENYLEPHRINE + CHLORPHENIRAMINE
5015733,ALLERCET CP 10 MG B/10,"ALLERGOLOGIE,ANTIHISTAMINIQUE",CETIRIZINE
5612030,ALLERCET SIROP FL/100 ML,"ALLERGOLOGIE,ANTIHISTAMINIQUE",CETIRIZINE
5610040,ALLERCROM CY FL/5 ML,"OPHTALMOLOGIE, ANTIALLERGIQUES LOCAUX",CROMOGLYCATE DE SODIUM
3476720,"ALLERGODIL COLLYRE 0,05% FL/6ML","OPHTALMOLOGIE, ANTIALLERGIQUES LOCAUX",CHLORHYAZELASTINE
9023361,ALLERGOSONE SOL GTTE BUV FL/30 ML,ANTI-INFLAMMATOIRE STEROIDIEN (AIS),BETAMETHASONE
9994560,ALLERGOSTOP CP 5MG B/10,"ALLERGOLOGIE,ANTIHISTAMINIQUE",LEVOCETIRIZINE
6001820,ALLERGUS CP 5MG B/15,"ALLERGOLOGIE,ANTIHISTAMINIQUE",DESLORATADINE
6001837,ALLERGUS SIROP FL/150 ML,"ALLERGOLOGIE,ANTIHISTAMINIQUE",DESLORATADINE
3221181,ALLERGYL CP 25MG DETAIL PLAQ DE 10,"ALLERGOLOGIE,ANTIHISTAMINIQUE",PROMETHAZINE
2291059,"ALLERGYL SIROP 0,1% FL/60 ML","ALLERGOLOGIE,ANTIHISTAMINIQUE",PROMETHAZINE
3209042,ALLERTIN COMP 10MG B/10,"ALLERGOLOGIE, ANTIHISTAMINIQUE",CETIRIZINE
2474554,ALLESTENE COMP DISPERS 2MG B/20,ANTI INFLAMMATOIRE STEROIDIEN (AIS),BETAMETHASONE
2475331,ALLESTENE SOL INJ IM 4MG/ML B/3,AIS,BETAMETHASONE
2474557,"ALLESTENE 0,05 SOLUTION BUVABLE EN GOUTTE FLACON COMPTE GOUTTE DE 30ML",ANTI INFLAMMATOIRE STEROIDIEN (AIS),BETAMETHASONE
3564660,ALLNAT PDRE P P INJ 120 MG B/1,"PARASITOLOGIE, ANTIPALUDIQUE",ARTESUNATE
3564653,ALLNAT PDRE P SOL INJ 60MG B/1,"PARASITOLOGIE, ANTIPALUDIQUE",ARTESUNATE
3492642,ALM DS CP 80/480 MG B/6,"PARASITOLOGIE, ANTIPALUDIQUE",ARTEMETHER+LUMEFANTRINE
3547724,ALM PDRE POUR SUSPENSION BUVABLE 20MG/ 120MG FL/60ML,"PARASITOLOGIE, ANTIPALUDIQUE",ARTEMETHER + LUMEFANTRINE
2486139,ALMAGAZ SACHET POUR SUSPENSION ORALE B/20,"GASTRO.E.H., ANTIACIDE ET PANSEMENT GASTROINTESTI",NAALLMAGATE + SIMETHICONE
8416421,ALMAX FORTE SUSP BUV B/30 SACH,"GASTRO.E.H., ANTIACIDE ET PANSEMENT GASTROINTESTINAL",ALMAGATE
8416438,ALMAX SUSP BUV FL/225ML,"GASTRO.E.H., ANTIACIDE ET PANSEMENT GASTROINTESTINAL",ALMAGATE
3328646,"ALMIDE CY 0,1% FL/5 ML","OPHTALMOLOGIE, ANTIALLERGIQUES LOCAUX",LODOXAMIDE
3145067,ALOFACT CP 100MG/500MG B/20,ANTALGIQUE/ANTIPYRETIQUE + AINS,ACECLOFENAC + PARACETAMOL
8084143,ALOX CP B/40,"GASTRO.E.H., ANTIACIDE ET PANSEMENT GASTROINTESTINAL",ALUMINIUM HYDROXYDE + MAGNESIUM HYDROXYDE
8494774,ALPHA GH SR COMP 10MG B/30,"UROLOGIE, HYPERTROPHIE BENIGNE DE LA PROSTATE",ALFUZOSINE
3553022,ALRAT CP PELL 5MG B/15,"ALLERGOLOGIE,ANTIHISTAMINIQUE",DESLORATADINE
999079,"ALRAT SIROP 0,5MG/ML FL/60ML","ALLERGOLOGIE, ANTIHISTAMINIQUE",DESLORATADINE
3135798,"ALTIM SUSP INJ 3,75 MG B/1",ANTI-INFLAMMATOIRE STEROIDIEN (AIS),CORTIVAZOL
8086449,ALTRAFLAM CP 100 MG B/10,ANTI-INFLAMMATOIRE NON STEROIDIEN (AINS),ACECLOFENAC
3120409,ALTRAFLAM CP 100 MG B/30,ANTI-INFLAMMATOIRE NON STEROIDIEN,ACECLOFENAC
188200,ALTRIM FORTE COMPRIME 960MG B/9,"ANTIBIOTIQUE, SULFAMIDE",SULFAMETHOXAZOLE+TRIMETHOPRIME
8440431,ALUCONE SUSP BUVABLE FL/200ML,GASTRO E.H ANTI ACIDE ET PANSEMENT GASTRO INTESTINAL,HYDROXYDE D'ALUMINIUM + HYDROXYDE DE MAGNESIUM + SIMETHICONE
2482250,"ALUPHO SUSPENSION BUVABLE 10,4G B/20","GASTRO.E.H., ANTIACIDE ET PANSEMENT GASTROINTESTINAL",PHOSPHATE D'ALUMINIUM
8036256,ALVIR CP 200 MG B/30,ANTIVIRAUX,ACICLOVIR
8036233,ALVIR CREME T/5 G,ANTIVIRAUX,ACICLOVIR
8594335,ALZOLE GELULE 20 MG B/15,"GASTRO.E.H., ULCERE GASTRODUODENAL",OMEPRAZOLE
2475205,AMADAY COMPRIME 10MG B/60,"ANTIHYPERTENSEUR, INHIBITEUR CALCIQUE",AMLODIPINE
2475206,AMADAY COMPRIME 5MG B/60,"ANTIHYPERTENSEUR, INHIBITEUR CALCIQUE",AMLODIPINE
5613040,AMADAY CP 10 MG B/30,"ANTIHYPERTENSEUR, INHIBITEUR CALCIQUE",AMLODIPINE
8071874,AMADAY CP 5 MG B/30,"ANTIHYPERTENSEUR, INHIBITEUR CALCIQUE",AMLODIPINE
3460641,AMADAY PL CP 10MG/4MG B/30,AUTRES ASSOCIATIONS D'ANTIHYPERTENSEURS,PERINDOPRIL+AMLODIPINE
3460665,AMADAY PL CP 5MG/4MG B/30,AUTRES ASSOCIATIONS D'ANTIHYPERTENSEURS,PERINDOPRIL+AMLODIPINE
3460658,AMADAY PL CP 5MG/8MG B/30,AUTRES ASSOCIATIONS D'ANTIHYPERTENSEURS,PERINDOPRIL+AMLODIPINE
3460634,AMADAY PL CP10MG/8MG B/30,AUTRES ASSOCIATIONS D'ANTIHYPERTENSEURS,PERINDOPRIL+AMLODIPINE
3840825,"AMADAY TRIO 10MG/2,5MG/8MG CPR B/30",AUTRES ASSOCIATIONS D'ANTIHYPERTENSEURS,AMLODIPINE + INDAPAMIDE + PERINDOPRIL
3840818,"AMADAY TRIO 5MG/1,25MG/4MG CPR B/30",AUTRES ASSOCIATIONS D'ANTIHYPERTENSEURS,AMLODIPINE + INDAPAMIDE + PERINDOPRIL
8084858,AMAPINE CP 10 MG B/30,"ANTIHYPERTENSEUR, INHIBITEUR CALCIQUE",AMLODIPINE
8084640,AMAPINE CP 5 MG B/30,"ANTIHYPERTENSEUR, INHIBITEUR CALCIQUE",AMLODIPINE
3421021,AMAREL CP 1 MG B/30,SULFAMIDE ANTIDIABETIQUE,GLIMEPIRIDE
3421031,AMAREL CP 2 MG B/30,SULFAMIDE ANTIDIABETIQUE,GLIMEPIRIDE
3421044,AMAREL CP 3 MG B/30,SULFAMIDE ANTIDIABETIQUE,GLIMEPIRIDE
5015725,AMAREL CP 4 MG B/30,SULFAMIDE ANTIDIABETIQUE,GLIMEPIRIDE
3067931,AMARYL M CP PELL SR 2MG/500MG B/30,AUTRES ANTIDIABETIQUES,GLIMEPIRIDE + METFORMINE
8097447,AMARYL -M CP PELL 1MG/250MG B/30,AUTRES ANTIDIABETIQUES,GLIMEPIRIDE + METFORMINE
8097482,AMARYL -M CP PELL 2MG/500MG B/30,AUTRES ANTIDIABETIQUES,GLIMEPIRIDE + METFORMINE
3007642,AMATRIX CP 1000MG LP B/30,BIGUANIDES ANTIDIABETIQUES,METFORMINE
3007635,AMATRIX CP 850MG B/30,BIGUANIDES ANTIDIABETIQUES,METFORMINE
3007659,AMATRIX PLUS CP B/30,AUTRES ANTIDIABETIQUE,METFORMINE + GLIBENCLAMIDE
3085974,AMBROLYTE-GS SIROP FL/100 ML,"PNEUMOLOGIE, ANTIASTHMATIQUE",AMBROXOL + SALBUTAMOL + GUAIFENESINE + MENTHOL
3910147,AMCAN 5MG COMPRIMÉS BTE DE 30,"ANTIBIOTIQUE, MACROLIDE",AMLODIPINE
8050090,AMCARD CP 10 MG B/28,"ANTIHYPERTENSEUR, INHIBITEUR CALCIQUE",AMLODIPINE
8050084,AMCARD CP 5 MG B28,"ANTIHYPERTENSEUR, INHIBITEUR CALCIQUE",AMLODIPINE
8098369,AMECIDE CP PELL 500 MG B/20,ANTIBIOTIQUE ET ANTIPARASITAIRE,METRONIDAZOLE
8098323,AMECIDE CP 250 MG PLAQUETTE DE 10,ANTIBIOTIQUE ET ANTIPARASITAIRE,METRONIDAZOLE
3253435,AMECIDE OVULE 500 MG B/10,"GYNECOLOGIE,TRAITEMENT DES VULVOVAGINITES",METRONIDAZOLE
3007435,AMEP CP 10 MG B/28,"ANTIHYPERTENSEUR, INHIBITEUR CALCIQUE",AMLODIPINE
3074411,AMEP CP 5 MG B28,"ANTIHYPERTENSEUR, INHIBITEUR CALCIQUE",AMLODIPINE
8081594,AMEP CP 5MG B/14,"ANTIHYPERTENSEUR, INHIBITEUR CALCIQUE",AMLODIPINE
2299871,AMETHER DENK SUPPOCAPS B/6,"PARASITOLOGIE, ANTIPALUDIQUE",ARTEMETHER
9990417,AMFOCIN CP 500MG/62.5MG B/16,"ANTIBIOTIQUE, PENICILLINE",AMOXICILLINE+ACIDE CLAVULANIQUE
9990418,AMFOCIN CP 875 MG/125 MG B/14,"ANTIBIOTIQUE, PENICILLINE",AMOXICILLINE+ACIDE CLAVULANIQUE
2477024,AMFOCIN PDR SUSP 500/62MG5 FL30,"ANTIBIOTIQUE, PENICILLINE",AMOXICILLINE + ACIDE CLAVULANIQUE
2477026,AMFOCIN PDR SUSP500/62MG5 FL60,"ANTIBIOTIQUE, PENICILLINE",AMOXICILLINE + ACIDE CLAVULANIQUE
3437353,AMFOCIN PDRE P SUSP BUV SACHET 1000MG/ 125MG B/12,"ANTIBIOTIQUE, PENICILLINE",AMOXICILLINE+ACIDE CLAVULANIQUE
3691755,AMFOCIN PDRE SOL INJ 1G/200MG FL/1,"ANTIBIOTIQUE, PENICILLINE",AMOXICILLINE + ACIDE CLAVULANIQUE
8043368,AMIBAZOL SUSP BUV FL/100 ML,ANTIBIOTIQUE ET ANTIPARASITAIRE,METRONIDAZOLE
8155423,AMICAL 5MG COMP B/30,"ANTIHYPERTENSEUR, INHIBITEUR CALCIQUE",AMLODIPINE
3858745,AMIDOL COMPRIMES,"ORL, RHUME ET GRIPPE",CHLORPHENIRAMINE + PARACETAMOL + PHENIRAMINE
3858738,AMIDOL SIROP,"ORL, RHUME ET GRIPPE",CHLORPHENIRAMINE + PARACETAMOL + PHENIRAMINE
8089519,AMIFER SIROP FL/200 ML,"HEMATOLOGIE, ANTIANEMIQUES",FER+AC FOLIQUE+VIT B12
2008514,AMIKLIN PDRE P P INJ 250 MG B/1,"ANTIBIOTIQUE, AMINOSIDE",AMIKACINE
2008520,AMIKLIN PDRE P P INJ 500 MG B/1,"ANTIBIOTIQUE, AMINOSIDE",AMIKACINE
8099110,AMINOHEAM SIROP FL/200 ML,"HEMATOLOGIE, ANTIANEMIQUES",FER+ ACIDE FOLIQUE + ACIDES AMINES + COMPLEXE VITAMIQUE + COMPLEXE MINERAL
2263413,AMITRON GELULE 500 MG B/12,"ANTIBIOTIQUE, PENICILLINE",AMOXICILLINE
8042216,AMITRON GELULE 500MG DETAIL,"ANTIBIOTIQUE, PENICILLINE",AMOXICILLINE
8017170,AMITRON PDRE P SUSP BUV 250 MG/5 ML FL/60 ML,"ANTIBIOTIQUE, PENICILLINE",AMOXICILLINE
2299049,AMLIBON CP 10 MG B/30,"ANTIHYPERTENSEUR, INHIBITEUR CALCIQUE",AMLODIPINE
2299055,AMLIBON CP 5 MG B/30,"ANTIHYPERTENSEUR, INHIBITEUR CALCIQUE",AMLODIPINE
2253975,AMLO DENK CP 10 MG B/50,"ANTIHYPERTENSEUR, INHIBITEUR CALCIQUE",AMLODIPINE
2253981,AMLO DENK CP 5 MG B/50,"ANTIHYPERTENSEUR, INHIBITEUR CALCIQUE",AMLODIPINE
3283097,"AMLO VH COMPRIMES PELLICULES 10MG/12,5MG/ 160MG B/30",AUTRES ASSOCIATIONS D'ANTIHYPERTENSEURS,AMLODIPINE + VALSARTAN + HYDROCHLOROTHIAZIDE
3283103,AMLO VH COMPRIMES PELLICULES 10MG/25MG/ 160MG B/30,AUTRES ASSOCIATIONS D'ANTIHYPERTENSEURS,AMLODIPINE + VALSARTAN + HYDROCHLOROTHIAZIDE
3283073,"AMLO VH COMPRIMES PELLICULES 5MG/12,5MG/ 160MG B/30",AUTRES ASSOCIATIONS D'ANTIHYPERTENSEURS,AMLODIPINE + VALSARTAN + HYDROCHLOROTHIAZIDE
3283080,AMLO VH COMPRIMES PELLICULES 5MG/25MG/ 160MG B/30,AUTRES ASSOCIATIONS D'ANTIHYPERTENSEURS,AMLODIPINE + VALSARTAN + HYDROCHLOROTHIAZIDE
3104491,AMLOAS-AT COMPRIMES PELLICULES 5MG/50MG B/30,AUTRES ASSOCIATIONS D'ANTIHYPERTENSEURS,AMLODIPINE + ATENOLOL
2473680,AMLOCIAN 10MG CP B/30,"ANTIHYPERTENSEUR, INHIBITEUR CALCIQUE",AMLODIPINE
2473687,AMLOCIAN 5MG CP B/30,"ANTIHYPERTENSEUR, INHIBITEUR CALCIQUE",AMLODIPINE
3090824,AMLOCLASS CP 10 MG B/30,"ANTIHYPERTENSEUR, INHIBITEUR CALCIQUE",AMLODIPINE
3090862,AMLOCLASS CP 5 MG B/30,"ANTIHYPERTENSEUR, INHIBITEUR CALCIQUE",AMLODIPINE
2471219,AMLOCLASS-AT COMPRIMES 5MG/50MG B/30,"ANTIHYPERTENSEUR, INHIBITEUR CALCIQUE + BETA BLOQUANT",AMLODIPINE + ATENOLOL
3891049,AMLODAC VL 10MG/80MG COMPRIMES B/30,AUTRES ASSOCIATIONS D'ANTIHYPERTENSEURS,AMLODIPINE + VALSARTAN
3891056,AMLODAC VL 5MG/160MG COMPRIMES B/30,AUTRES ASSOCIATIONS D'ANTIHYPERTENSEURS,AMLODIPINE + VALSARTAN
3891063,AMLODAC VL 5MG/80MG COMPRIMES B/30,AUTRES ASSOCIATIONS D'ANTIHYPERTENSEURS,AMLODIPINE + VALSARTAN
3379776,AMLODIPINE BIOGARAN GELULE 10 MG B/30,"ANTIHYPERTENSEUR, INHIBITEUR CALCIQUE",AMLODIPINE
3797743,AMLODIPINE BIOGARAN GELULE 10MG B/90,"ANTIHYPERTENSEUR, INHIBITEUR CALCIQUE",AMLODIPINE
3379773,AMLODIPINE BIOGARAN GELULE 5 MG B/30,"ANTIHYPERTENSEUR, INHIBITEUR CALCIQUE",AMLODIPINE
2471854,AMLODIPINE GH CP 10 MG B/28,"ANTIHYPERTENSEUR, INHIBITEUR CALCIQUE",AMLODIPINE
3526286,AMLODIPINE GH CP 5 MG B28,"ANTIHYPERTENSEUR, INHIBITEUR CALCIQUE",AMLODIPINE
3104538,AMLODIPINE GP CP 10 MG B/60,"ANTIHYPERTENSEUR, INHIBITEUR CALCIQUE",AMLODIPINE
3320419,AMLODIPINE GP CP 5MG B/60,"ANTIHYPERTENSEUR, INHIBITEUR CALCIQUE",AMLODIPINE
3013422,AMLODIPINE VALSARTAN BIOGARAN COMPRIME 5MG/160MG B/30,AUTRES ASSOCIATIONS D'ANTIHYPERTENSEURS,AMLODIPINE + VALSARTAN
3013425,AMLODIPINE VALSARTAN BIOGARAN COMPRIME 5MG/160MG B/90,AUTRES ASSOCIATIONS D'ANTIHYPERTENSEURS,AMLODIPINE + VALSARTAN
3013415,AMLODIPINE VALSARTAN BIOGARAN COMPRIME 5MG/80MG B/30,AUTRES ASSOCIATIONS D'ANTIHYPERTENSEURS,AMLODIPINE + VALSARTAN
3013418,AMLODIPINE VALSARTAN BIOGARAN COMPRIME 5MG/80MG B/90,AUTRES ASSOCIATIONS D'ANTIHYPERTENSEURS,AMLODIPINE + VALSARTAN
3434306,AMLODIPINE VALSARTAN BIOGARAN 10MG/160MG CPR B/30,AUTRES ASSOCIATIONS D'ANTIHYPERTENSEURS,AMLODIPINE + VALSARTAN
3434337,AMLODIPINE VALSARTAN BIOGARAN 10MG/160MG CPR PEL B/90,AUTRES ASSOCIATIONS D'ANTIHYPERTENSEURS,AMLODIPINE + VALSARTAN
1448691,AMLODIPINE VIR COMP 10MG B/30,"ANTIHYPERTENSEUR, INHIBITEUR CALCIQUE",AMLODIPINE
1448701,AMLODIPINE VIR COMP 5MG B/30,"ANTIHYPERTENSEUR, INHIBITEUR CALCIQUE",AMLODIPINE
8147323,AMLODIS CP 10 MG B/30,"ANTIHYPERTENSEUR, INHIBITEUR CALCIQUE",AMLODIPINE
8147317,AMLODIS CP 5 MG B/30,"ANTIHYPERTENSEUR, INHIBITEUR CALCIQUE",AMLODIPINE
1155096,AMLOMAX COMPRIME 10MG/10MG B/30,AUTRES ASSOCIATIONS D'ANTIHYPERTENSEURS,AMLODIPINE + PERINDOPRIL
1143208,AMLOMAX COMPRIME 5MG/5MG B/30,AUTRES ASSOCIATIONS D'ANTIHYPERTENSEURS,AMLODIPINE + PERINDOPRIL
3788806,AMLONEX AT CPR 5MG/50MG B/100,"ANTIHYPERTENSEUR, INHIBITEUR CALCIQUE + BETA BLOQUANT",AMLODIPINE + ATENOLOL
3788790,AMLONEX CPR 10MG BT 100,"ANTIHYPERTENSEUR, INHIBITEUR CALCIQUE",AMLODIPINE
8087638,AMLONG - A CP B/30,AUTRES ASSOCIATIONS D'ANTIHYPERTENSEURS,AMLODIPINE + ATENOLOL
8076988,AMLONG - 10 CP 10 MG B/30,"ANTIHYPERTENSEUR, INHIBITEUR CALCIQUE",AMLODIPINE
8076960,AMLONG-5 CP 5 MG B/30,"ANTIHYPERTENSEUR, INHIBITEUR CALCIQUE",AMLODIPINE
2475717,"AMLOPAMIDE COMP 10MG/1,5MG B/30","ANTIHYPERTENSEUR, INHIBITEUR CALCIQUE + DIURETIQUE",AMLODIPINE + INDAPAMIDE
2475716,"AMLOPAMIDE COMP 5MG/1,5MG B/30","ANTIHYPERTENSEUR, INHIBITEUR CALCIQUE + DIURETIQUE",AMLODIPINE + INDAPAMIDE
3718636,AMLOPERIN COMPRIME 10MG/10MG B/100,AUTRES ASSOCIATIONS D'ANTIHYPERTENSEURS,AMLODIPINE + PERINDOPRIL
3718629,AMLOPERIN COMPRIME 5MG/5MG B/100,AUTRES ASSOCIATIONS D'ANTIHYPERTENSEURS,AMLODIPINE + PERINDOPRIL
8127349,AMLOPERIN CP 10MG/10MG B/30,AUTRES ASSOCIATIONS D'ANTIHYPERTENSEURS,PERINDOPRIL+AMLODIPINE
8127365,AMLOPERIN CP 10MG/5MG B/30,AUTRES ASSOCIATIONS D'ANTIHYPERTENSEURS,PERINDOPRIL+AMLODIPINE
8127361,AMLOPERIN CP 5MG/10MG B/30,AUTRES ASSOCIATIONS D'ANTIHYPERTENSEURS,PERINDOPRIL+AMLODIPINE
8127378,AMLOPERIN CP 5MG/5MG B/30,AUTRES ASSOCIATIONS D'ANTIHYPERTENSEURS,PERINDOPRIL+AMLODIPINE
3374030,AMLOPRES CP 10MG B/100,"ANTIHYPERTENSEUR, INHIBITEUR CALCIQUE",AMLODIPINE
3374047,AMLOPRES CP 5 MG B/100,"ANTIHYPERTENSEUR, INHIBITEUR CALCIQUE",AMLODIPINE
8004808,AMLOR CP 5 MG B/56,"ANTIHYPERTENSEUR, INHIBITEUR CALCIQUE",AMLODIPINE
2473654,AMLORAV-AT COMP 5MG/50MG B/30,"ANTIHYPERTENSEUR, BÊTA BLOQUANT + INHIBITEUR CALCIQUE",AMLODIPINE + ATENOLOL
3356272,AMLOSARTAN COMPRIMES PELLICULES 5MG/ 50MG B/30,AUTRES ASSOCIATIONS D'ANTIHYPERTENSEURS,LOSARTAN+AMLODIPINE
8410950,AMLOSTAR CP 10 MG B/30,"ANTIHYPERTENSEUR, INHIBITEUR CALCIQUE",AMLODIPINE
8410996,AMLOSTAR CP 5 MG B/30,"ANTIHYPERTENSEUR, INHIBITEUR CALCIQUE",AMLODIPINE
3339732,AMLOSTAR PLUS COMPRIMES PELLICULES 5MG/ 50MG B/30,AUTRES ASSOCIATIONS D'ANTIHYPERTENSEURS,AMLODIPINE + ATENOLOL
3424346,AMLOSTAT COMP 10MG/10MG B/30,"CARDIOLOGIE, ANTIHYPERTENSEUR",AMLODIPINE + ATORVASTATINE
3323038,AMLOSTAT COMP 5MG/10MG B/30,"CARDIOLOGIE, ANTIHYPERTENSEUR",AMLODIPINE + ATORVASTATINE
8715655,AMLOTEL COMP 10MG/40MG B/30,ASSOCIATION DE PLUSIEURS ANTIHYPERTENSEURS,AMLODIPINE + TELMISARTAN
8715657,AMLOTEL COMP 10MG/80MG B/30,ASSOCIATION DE PLUSIEURS ANTIHYPERTENSEURS,AMLODIPINE + TELMISARTAN
8715653,AMLOTEL COMP 5MG/40MG B/30,ASSOCIATION DE PLUSIEURS ANTIHYPERTENSEURS,AMLODIPINE + TELMISARTAN
8715654,AMLOTEL COMP 5MG/80MG B/30,ASSOCIATION DE PLUSIEURS ANTIHYPERTENSEURS,AMLODIPINE + TELMISARTAN
3356319,AMLOTENSINE CP 10 MG B/30,"ANTIHYPERTENSEUR, INHIBITEUR CALCIQUE",AMLODIPINE
8091261,AMLOTENSINE CP 5 MG B/30,"ANTIHYPERTENSEUR, INHIBITEUR CALCIQUE",AMLODIPINE
2474085,AMLOTOME TM COMP 5MG B/100,ANTIHYPERTENSEUR INHIBITEUR CALCIQUE,AMLODIPINE
3428559,AMLOTROY 10 CP 10 MG B/30,"ANTIHYPERTENSEUR, INHIBITEUR CALCIQUE",AMLODIPINE
3428573,AMLOTROY 5 CP 5 MG B/30,"ANTIHYPERTENSEUR, INHIBITEUR CALCIQUE",AMLODIPINE
8069244,AMLOVAS CP 10 MG B/30,"ANTIHYPERTENSEUR, INHIBITEUR CALCIQUE",AMLODIPINE
2277272,AMLOVAS CP 5 MG B/30,"ANTIHYPERTENSEUR, INHIBITEUR CALCIQUE",AMLODIPINE
3991930,AMLOWEL CP SEC 10 MG B/30,"ANTIHYPERTENSEUR, INHIBITEUR CALCIQUE",AMLODIPINE
8025465,AMLOZAAR CP 50MG/5MG B/30,AUTRES ASSOCIATIONS D'ANTIHYPERTENSEURS,LOSARTAN+AMLODIPINE
8084433,"AMLOZAAR-H CP PELLICULES 5MG/50MG/12,5MG B/30",AUTRES ASSOCIATIONS D’ANTIHYPERTENSEURS,LOSARTAN + AMLODIPINE
8103811,AMOCLAN PDRE P P INJ 1000 MG B/1,"ANTIBIOTIQUE, PENICILLINE",AMOXICILLINE+ACIDE CLAVULANIQUE
8070371,AMOCLAN BID CP 875 MG/125 MG B/14,"ANTIBIOTIQUE, PENICILLINE",AMOXICILLINE+ACIDE CLAVULANIQUE
8103797,AMOCLAN BID PDRE P SUSP BUV 457 MG FL/70 ML,"ANTIBIOTIQUE, PENICILLINE",AMOXICILLINE+ACIDE CLAVULANIQUE
8103780,AMOCLAN BID PDRE SUSP BUV 200MG/285.5MG FL/ 70ML,"ANTIBIOTIQUE, PENICILLINE",AMOXICILLINE+ACIDE CLAVULANIQUE
8055615,AMOCLAN FORTE CP 500 MG/125 MG B/15,"ANTIBIOTIQUE, PENICILLINE",AMOXICILLINE+ACIDE CLAVULANIQUE
8052479,AMOCLAN FORTE PDRE P SUSP BUV 312MG FL/ 60ML,"ANTIBIOTIQUE, PENICILLINE",AMOXICILLINE+ACIDE CLAVULANIQUE
8103805,AMOCLAN PDRE P P INJ 500 MG B/1,"ANTIBIOTIQUE, PENICILLINE",AMOXICILLINE+ACIDE CLAVULANIQUE
6283041,AMOCLASS CP 10 MG B/30,"ANTIHYPERTENSEUR, INHIBITEUR CALCIQUE",AMLODIPINE
3234520,AMODEX GELULE 500 MG B/12,"ANTIBIOTIQUE, PENICILLINE",AMOXICILLINE
3234537,AMODEX PDRE P SUSP BUV 250 MG/5 ML FL/60 ML,"ANTIBIOTIQUE, PENICILLINE",AMOXICILLINE
8037238,AMODEX SUSP BUV 125MG FL/60ML,"ANTIBIOTIQUE, PENICILLINE",AMOXICILLINE
8018146,AMOSEC CP PELL 1000 MG B/2,ANTIBIOTIQUE ET ANTIPARASITAIRE,SECNIDAZOLE
8071198,AMOXI DENK CP 1000MG B/10,"ANTIBIOTIQUE, PENICILLINE",AMOXICILLINE
5611030,AMOXI DENK CP 500 MG B/20,"ANTIBIOTIQUE, PENICILLINE",AMOXICILLINE
3992432,AMOXICAP GELULE 500MG PLAQUETTE/10,"ANTIBIOTIQUE, PENICILLINE",AMOXICILLINE
2473433,AMOXICIL DISP IG 250MG BT20,"ANTIBIOTIQUE, PENICILLINE",AMOXICILLINE
8025956,AMOXICILLIN PPH GELULE 500 MG B/12,"ANTIBIOTIQUE, PENICILLINE",AMOXICILLINE
2489153,AMOXICILLINE AFRICURE PDRE POUR SUSP BUVABLE 250MG/5ML FL/100ML,"ANTIBIOTIQUE, PENICILLINE",AMOXICILLINE
8066091,AMOXICILLINE CIPHARM CP 500 MG PLAQUETTE DE 10,"ANTIBIOTIQUE, PENICILLINE",AMOXICILLINE
8043109,AMOXICILLINE TM CP 500 MG B/12,"ANTIBIOTIQUE, PENICILLINE",AMOXICILLINE
8054024,AMOXICILLINE UBI CP 500 MG PLAQUETTE DE 12,"ANTIBIOTIQUE, PENICILLINE",AMOXICILLINE
8054194,AMOXICILLINE UBI PDRE P SUSP BUV 125 MG/5 ML FL/60 ML,"ANTIBIOTIQUE, PENICILLINE",AMOXICILLINE
8054231,AMOXICILLINE UBI PDRE P SUSP BUV 250 MG/5 ML FL/60 ML,"ANTIBIOTIQUE, PENICILLINE",AMOXICILLINE
8071324,"AMOXICLAV DENK CP 562,5 MG B/16","ANTIBIOTIQUE, PENICILLINE",AMOXICILLINE+ACIDE CLAVULANIQUE
3221105,AMOXICLAV DENK PDRE P SOL BUV B/12 SACH,"ANTIBIOTIQUE, PENICILLINE",AMOXICILLINE+ACIDE CLAVULANIQUE
8071264,AMOXICLAV DENK PDRE P SUSP BUV SACHET 1000MG B/8,"ANTIBIOTIQUE, PENICILLINE",AMOXICILLINE+ACIDE CLAVULANIQUE
8051592,AMOXICO GELULE 500 MG B/20,"ANTIBIOTIQUE, PENICILLINE",AMOXICILLINE
8046562,AMOXICO PDRE P P INJ 1G B/1,"ANTIBIOTIQUE, PENICILLINE",AMOXICILLINE
3992425,AMOXIGRAN PDRE P SUSP BUV 125 MG/5 ML FL/60 ML,"ANTIBIOTIQUE, PENICILLINE",AMOXICILLINE
8073369,AMOXIREX GELULE 500 MG B/12,"ANTIBIOTIQUE, PENICILLINE",AMOXICILLINE
8092409,AMOXIREX PDRE P SUSP BUV 250 MG/5 ML FL/60 ML,"ANTIBIOTIQUE, PENICILLINE",AMOXICILLINE
1559771,AMPHONEX 50MG PDRE PR INJ B/1,ANTIFONGIQUE SYSTEMIQUE,AMPHOTERICINE B
8054461,AMPICILLINE UBI PDRE P P INJ 1 G UNITE,"ANTIBIOTIQUE, PENICILLINE",AMPICILLINE
8001269,AMPIPHAR PDRE P SUSP BUV 250 MG/5 ML FL/60 ML,"ANTIBIOTIQUE, PENICILLINE",AMPICILLINE
2035244,AMPIPHAR GELLULE 500 MG PLAQUETTE 12,"ANTIBIOTIQUE, PENICILLINE",AMPICILLINE
5007990,AMPIPHAR-AMPIC CP 500 MG B/12,"ANTIBIOTIQUE, PENICILLINE",AMPICILLINE
3630129,AMPLEX COMP 1000MG/125MG B/14,"ANTIBIOTIQUE, PENICILLINE",AMOXICILLINE + ACIDE CLAVULANIQUE
3673621,AMPLEX SOL INJ 1G/200MG B/1,"ANTIBIOTIQUE, PENICILLINE",AMOXICILLINE + ACIDE CLAVULANIQUE
3673614,"AMPLEX SUSP 100MG/12,5MG FL/60ML","ANTIBIOTIQUE, PENICILLINE",AMOXICILLINE + ACIDE CLAVULANIQUE
3673603,"AMPLEX SUSP 250MG/31,5MG FL/60ML","ANTIBIOTIQUE, PENICILLINE",AMOXICILLINE + ACIDE CLAVULANIQUE
4208163,AMRIZOLE N SUPPO VAGINAUX B/5,"GYNECOLOGIE,TRAITEMENT DES VULVOVAGINITES",METRONIDAZOLE+NYSTATINE
2474748,AMRIZOLE-N OVULE 500MG/100.000 UI B/10,"GYNECOLOGIE, TRAITEMENT ANTIFONGIQUE DES VULVOVAGINITES",METRONIDAZOLE + NYSTATINE
3543641,AMSTAN CP PELL 5MG/160MG B/30,AUTRES ASSOCIATIONS D'ANTIHYPERTENSEURS,AMLODIPINE + VALSARTAN
3543603,AMSTAN CP PELL 5MG/80MG B/30,AUTRES ASSOCIATIONS D'ANTIHYPERTENSEURS,AMLODIPINE + VALSARTAN
3543689,AMSTAN CP 10MG/160MG B/30,AUTRES ASSOCIATIONS D'ANTIHYPERTENSEURS,AMLODIPINE + VALSARTAN
8018761,AMTIBA CP 500 MG B/4,ANTIBIOTIQUE ET ANTIPARASITAIRE,TINIDAZOLE
3224175,AMTOR CP 10MG/5MG B/30,"CARDIOLOGIE, ANTIHYPERTENSEUR",AMLODIPINE + ATORVASTATINE
9023271,AMUSTIL CREME T/30 G,"DERMATOLOGIE, ANTIBACTERIEN LOCAL",IRGASAN DP 300
2475480,"AMZVAL COMPRIMES 10MG/160MG/12,5MG B/30",ASSOCIATION D'ANTIHYPERTENSEURS,AMLODIPINE + VALSARTAN + HYDROCHLOROTHIAZIDE
2475472,AMZVAL COMPRIMES 10MG/160MG/25MG B/30,ASSOCIATION D'ANTIHYPERTENSEURS,AMLODIPINE + VALSARTAN + HYDROCHLOROTHIAZIDE
2475478,"AMZVAL COMPRIMES 5MG/160MG/12,5MG B/30",ASSOCIATION D'ANTIHYPERTENSEURS,AMLODIPINE + VALSARTAN + HYDROCHLOROTHIAZIDE
2475468,AMZVAL COMPRIMES 5MG/160MG/25MG B/30,ASSOCIATION D'ANTIHYPERTENSEURS,AMLODIPINE + VALSARTAN + HYDROCHLOROTHIAZIDE
3016916,ANADEX SIROP FL/60 ML,"ORL,ANTI-GRIPPE,ANTI-RHUME",PARACETAMOL + DEXTROMETHOPHANE + CHLORPHENIRAMINE + PHENYLPROPANOLAMINE
1096166,ANALGAN CODEINE CP 300/25MG B/16,"ANTALGIQUE/ANTIPYRETIQUE, ASSOCIATION CONTENANT UN OPIACE",PARACETAMOL + CODEINE
1096173,ANALGAN CODEINE CP 600/50MG B/12,"ANTALGIQUE/ANTIPYRETIQUE, ASSOCIATION CONTENANT UN OPIACE",PARACETAMOL + CODEINE
1096128,ANALGAN EXTRA CP 500/65MG B/16,ANTALGIQUE/ANTIPYRETIQUE,PARACETAMOL+CAFEINE
8001795,ANALGIN CP 500 MG B/10,ANTALGIQUE/ANTIPYRETIQUE ET ANTISPASMODIQUE,METAMIZOLE SODIQUE
8072312,ANAPAIN - EXTRA CP 500 MG PLAQUETTE DE 10,ANTALGIQUE/ANTIPYRETIQUE,PARACETAMOL+CAFEINE
1015136,ANASPASM ORO CP ORODISP 80MG B/10,ANTISPASMODIQUE,PHLOROGLUCINOL
3590114,ANASTROZOLE BIOGARAN COMP PELL 1MG B/30,"CANCEROLOGIE, ANTINEOPLASIQUE",ANASTROZOLE
3239220,ANASTROZOLE DENK CP 1 MG B/30,"CANCEROLOGIE, ANTINEOPLASIQUE",ANASTROZOLE
4966816,ANCOOL SUSPENSION FL/170ML,"GASTRO.E.H., ANTIACIDE ET PANSEMENT GASTROINTESTINAL",HYDROXYDE D'ALUMINIUM + HYDROXYSE DE MAGNESIUM + SIMETHICONE + OXETACAINE
3236642,ANDOL C CP EFFERVESCENTS 500MG/300MG B/10,ANTALGIQUE/ANTIPYRETIQUE,PARACETAMOL
3207697,ANDOL CP EFF 1G B/8,ANTALGIQUE/ANTIPYRETIQUE,PARACETAMOL
3207703,ANDOL CP EFF 500 MG B/16,ANTALGIQUE/ANTIPYRETIQUE,PARACETAMOL
3235100,ANDROCUR CP 50 MG B/20,"ENDOCRINOLOGIE, HIRSUTISME DE LA FEMME, ADENOME PROSTATIQUE",CYPROTERONE
3774533,ANGINET COMP PELL 160MG B/30,"ANTIHYPERTENSEUR, ANTAGONISTE RECEPTEUR DE L'ANGIOTENSINE",VALSARTAN
3774588,ANGINET COMP PELL 80MG B/30,"ANTIHYPERTENSEUR, ANTAGONISTE RECEPTEUR DE L'ANGIOTENSINE",VALSARTAN
8594329,ANGINIB CP PELLICULE 50MG B/28,"ANTIHYPERTENSEUR, ANTAGONISTE RECEPTEURS ANGIOTENSINE II",LOSARTAN
8594430,ANGINIB CP 100 MG B/30,"ANTIHYPERTENSEUR, ANTAGONISTE RECEPTEURS ANGIOTENSINE II",LOSARTAN
5612010,ANGIZAAR-H CP B/30,ANTIHYPERTENSEUR ANTAGONISTE RECEPTEURS ANGIOTENSINE II + DIURETIQUE,LOSARTAN+HYDROCHLOROTHIAZIDE
5612000,ANGIZAAR-25 CP 25 MG B/30,"ANTIHYPERTENSEUR, ANTAGONISTE RECEPTEURS ANGIOTENSINE II",LOSARTAN
8059984,ANGIZAAR-50 CP 50 MG B/30,"ANTIHYPERTENSEUR, ANTAGONISTE RECEPTEURS ANGIOTENSINE II",LOSARTAN
2475220,ANOFEL COMP 80MG/480MG B/6,"PARASITOLOGIE, ANTIPALUDIQUE",ARTEMETHER + LUMEFANTRINE
3409473,ANOMEX PDE TUBE DE 30G,"GASTRO.E.H., MEDICAMENT DE PROCTOLOGIE",HYDROCORTISONE ACETATE + LIDOCAINE +OXYDE DE ZINC + ALLANTOINE
8393542,ANOMEX SUPPO BT10,"GASTRO EH, PROCTOLOGIE",ACETATE D'HYDROCORTISONE + LIDOCAINE + OXYDE DE ZI
3383292,ANOX CP PELL 200 MG B/10,"ANTIBIOTIQUE, QUINOLONE",OFLOXACINE
2289973,ANOXACIN CAPS 500MG B/20,"ANTIBIOTIQUE, PENICILLINE",CLOXACILLINE
3267672,ANTADYS CP ENR 100 MG B/15,ANTI-INFLAMMATOIRE NON STEROIDIEN (AINS),FLUBIPROFENE
5600003,ANTAFENE CP PELL 200 MG B/20,ANTI-INFLAMMATOIRE NON STEROIDIEN (AINS),IBUPROFENE
8085964,ANTAFENE PEDIATRIQUE SUP BUV 100 MG/5 ML FL/ 90 ML,ANTI-INFLAMMATOIRE NON STEROIDIEN (AINS),IBUPROFENE
3040546,ANTALGEX T GELULE B/20,"ANTALGIQUE/ANTIPYRETIQUE, ASSOCIATION CONTENANT UN OPIACE",PARACETAMOL + TRAMADOL
9755878,ANTARENE CP 400MG/60MG B/10,ANTI-INFLAMMATOIRE NON STEROIDIEN (AINS),IBUPROFENE + CODEINE
3036495,ANTICID PLUS SUSP BUV FL/200 ML,"GASTRO.E.H., ANTIACIDE ET PANSEMENT GASTROINTESTINAL",OXYDE D'ALUMINIUM + HYDROXYDE DE MAGNESIUM + SIMETHICONE
3005423,ANTIGRIPPINE VIT C CP B/12,"ORL,ANTI-GRIPPE,ANTI-RHUME",ACIDE ASCORBIQUE+CAFEINE
8034926,ANTIHEMORROIDAL PDE T/30 G,"GASTRO.E.H., MEDICAMENT DE PROCTOLOGIE",HYDROCORTISONE + NEOMYCINE + BENZOCAINE + ACIDE TANIQUE
8111437,ANTI-KALIUM PDRE P SUSP BUV B/20 SACH,UROLOGIE NEPHROLOGIE,SULFONATE DE POLYSTYRENE SODIQUE
3278796,ANTI-SPA CP PELL 200 MG B/30,ANTISPASMODIQUE,MEBEVERINE
9755880,ANXIOMYL CP 6 MG B/30,"PSYCHIATRIE, ANXYOLITIQUES",BROMAZEPAM
8304917,APAZIDE GELULE 200 MG B/16,"GASTRO.E.H., ANTI- DIARRHEIQUE",NIFUROXAZIDE
8304923,APAZIDE SUSP VUB 4% FL/100 ML,"GASTRO.E.H., ANTI- DIARRHEIQUE",NIFUROXAZIDE
8072909,APDROPS CY FL/3 ML,"OPHTALMOLOGIE, ANTIBACTERIENS LOCAUX",MOXIFLOXACINE
8177011,APDROPS DX CY FL/3 ML,"OPHTALMOLOGIE, ANTIBACTERIENS LOCAUX",MOXIFLOXACINE
2264140,APDYL-H SIROP FL/100ML,"PNEUMOLOGIE, ANTITUSSIF",VASAKA + YASTIMADHU + PIPALLI + KUNLINJAN
3404782,APEXIME CP PELL 250 MG B/6,"ANTIBIOTIQUE, MACROLIDE",AZITHROMYCINE
3404829,APEXIME CP 500 MG B/3,"ANTIBIOTIQUE, MACROLIDE",AZITHROMYCINE
3404744,APEXIME PDRE POUR SUSP BUV 200MG/5ML FL/ 15ML,"ANTIBIOTIQUE, MACROLIDE",AZITHROMYCINE
2482806,APFLU JUNIOR SP FL 100ML,"ORL, ANTI-RHUME, ANTI-GRIPPE","CHLORHYDRATE + PHENILEPHRINE 2,5MG + PARACETAMOL 125MG + MALEATE DE CHLORPHENIRAMINE 1G"
3767924,APFLU PDRE SUSP SACHET B/10,"ORL,ANTI-GRIPPE,ANTI-RHUME",PARACETAMOL + VITAMINE C + PHENIRAMINE
8156753,APFLU POUDRE EFFERVESCENT SACHET B/10,"ORL,ANTI-GRIPPE,ANTI-RHUME",PARACETAMOL+ACIDE ASCORBIQUE (VITAMINE C) +CHLOPHENIRAMINE
3788813,APHTEX GEL TUBE DE 25G,"STOMATOLOGIES, ANTI-INFLAMMATOIRE ET/ OU ANTIBACTERIEN",ACACIA FARANESIANA + ACACIA CATECHU + GLYCYRRHYZA GLABRA + CINNAMONIUM CAMPHORA
8008030,APIFEN CP 200 MG B/20,ANTI-INFLAMMATOIRE NON STEROIDIEN (AINS),IBUPROFENE
3853108,APMALT EFT COMPRIMES EFFERVESCENTS BTE 12,"HEMATOLOGIE, ANTIANEMIQUES",HYDROXYDE POLYMALTOSE DE FER
3853115,APMALT FOL COMPRIMES EFFERVESCENTS BTE 12,"HEMATOLOGIE, ANTIANEMIQUES",HYDROXYDE POLYMALTOSE DE FER
3658574,APMALT SIROP FL/100ML,"HEMATOLOGIE, ANTIANEMIQUE",HYDROXYDE POLYMALTOSE DE FER
8674319,APOTEL MAX 10MG/ML SOL INJ P PERFUSION FL/ 100ML,ANTALGIQUE/ANTIPYRETIQUE,PARACETAMOL
8011581,APOTEL PLUS AMP INJ (600 + 20)MG/4ML B/3,ANTALGIQUE/ANTIPYRETIQUE,PARACETAMOL + LIDOCAINE
2032234,APRAMOL COMP SEC 500MG B/20,ANTALGIQUE/ANTIPYRETIQUE,PARACETAMOL
8178157,APRAMOL CP EFF 1G B/8,ANTALGIQUE/ANTIPYRETIQUE,PARACETAMOL
8018092,APRAMOL CP EFF 500 MG B/16,ANTALGIQUE/ANTIPYRETIQUE,PARACETAMOL
8079662,APRANAX CP 550 MG B/10,ANTI-INFLAMMATOIRE NON STEROIDIEN (AINS),NAPROXENE
3611500,APROFORT CP PELL 150MG/5MG B/30,AUTRES ASSOCIATIONS D'ANTIHYPERTENSEURS,IRBESARTAN + AMLODIPINE
3611588,APROFORT CP PELL 300MG/10MG B/30,AUTRES ASSOCIATIONS D'ANTIHYPERTENSEURS,IRBESARTAN + AMLODIPINE
3611548,APROFORT CP PELL 300MG/5MG B/30,AUTRES ASSOCIATIONS D'ANTIHYPERTENSEURS,IRBESARTAN + AMLODIPINE
3100742,APROVEL CP 150MG B/28,"ANTIHYPERTENSEUR, ANTAGONISTE RECEPTEURS ANGIOTENSINE II",IBESARTAN
3100118,APROVEL CP 300 MG B/28,"ANTIHYPERTENSEUR, ANTAGONISTE RECEPTEURS ANGIOTENSINE II",IBESARTAN
8147228,APROZAR CP 150 MG B/30,"ANTIHYPERTENSEUR, ANTAGONISTE RECEPTEURS ANGIOTENSINE II",IRBESARTAN
8147234,APROZAR CP 300 MG B/30,"ANTIHYPERTENSEUR, ANTAGONISTE RECEPTEURS ANGIOTENSINE II",IRBESARTAN
3398111,AQUANATE POUDRE POUR SOLUTION INJECT 60MG B/1,"PARASITOLOGIE, ANTIPALUDIQUE",ARTESUNATE
2483815,AQUANATE 120MG PDR+SOLV INJ B2,"PARASITOLOGIE, ANTIPALUDIQUE",ARTESUNATE
2483816,AQUANATE 30MG PDR+SOLV INJ B2,"PARASITOLOGIE, ANTIPALUDIQUE",ARTESUNATE
3026721,ARACYTINE AMP INJ 500 MG B/1,"CANCEROLOGIE, ANTINEOPLASIQUE",CYTARABINE
3087961,ARBITEL CP 40 MG B/30,"ANTIHYPERTENSEUR, ANTAGONISTE RECEPTEURS ANGIOTENSINE II",TELMISARTAN
3087923,ARBITEL CP 80 MG B/30,"ANTIHYPERTENSEUR, ANTAGONISTE RECEPTEURS ANGIOTENSINE II",TELMISARTAN
3088005,ARBITEL H CP 40MG/125MG B/30,ANTIHYPERTENSEUR ANTAGONISTE RECEPTEURS ANGIOTENSINE II + DIURETIQUE,TELMISARTAN + HYDROCHLOROTHIAZIDE
8434212,ARBITEL-AM CP 40MG/5MG B/30,AUTRES ASSOCIATIONS D'ANTIHYPERTENSEURS,TELMISARTAN + AMLODIPINE
8043374,ARCET CP 500 MG B/20,ANTALGIQUE/ANTIPYRETIQUE,PARACETAMOL
8043380,ARCET SIROP 120 MG/5 ML FL/60 ML,ANTALGIQUE/ANTIPYRETIQUE,PARACETAMOL
1154431,ARCET 1 G PERFUSION FL/100ML,ANTALGIQUE/ANTIPYRETIQUE,PARACETAMOL
3111086,ARCONIFED SR CP 20 MG B/30,"ANTIHYPERTENSEUR, INHIBITEUR CALCIQUE",NIFEDIPINE
3879642,ARCOXIA CP 120 MG B/7,ANTI-INFLAMMATOIRE NON STEROIDIEN (AINS),ETORICOXIB
3879234,ARCOXIA CP 60MG B/7,ANTI-INFLAMMATOIRE NON STEROIDIEN (AINS),ETORICOXIB
3879530,ARCOXIA CP 90MG B/7,ANTI-INFLAMMATOIRE NON STEROIDIEN (AINS),ETORICOXIB
3838563,ARFANTHER COMPRIMES 80MG/480MG B/6,"PARASITOLOGIE, ANTIPALUDIQUE",ARTEMETHER + LUMEFANTRINE
2484658,ARGESUN INJ 30 MG B/1+1,"PARASITOLOGIE, ANTIPALUDIQUE",ARTESUNATE
3647752,ARIAL-3 40 MG/320 CPR SEC B/9,"PARASITOLOGIE, ANTIPALUDIQUE",DIHYDROARTEMISINE+ PIPERAQUINE
3423652,ARIMIDEX CP 1 MG B/30,"CANCEROLOGIE, ANTINEOPLASIQUE",ANASTROZOLE
3113295,ARINAX CP 40/240MG B/6,"PARASITOLOGIE, ANTIPALUDIQUE",ARTEMETHER+LUMEFANTRINE
3109953,ARINAX CP 80/480 MG B/6,"PARASITOLOGIE, ANTIPALUDIQUE",ARTEMETHER+LUMEFANTRINE
3227947,ARINAX GRANULE POUR SUSP BUV SACHET B/6,"PARASITOLOGIE, ANTIPALUDIQUE",ARTEMETHER+LUMEFANTRINE
3109955,ARINAX PDRE P SUSP BUV 180/1080 MG FL/60 ML,"PARASITOLOGIE, ANTIPALUDIQUE",ARTEMETHER+LUMEFANTRINE
6041321,ARIXA COMP PELL 10MG B/30,"HEMOSTASE, ANTICOAGULANTS ORAUX",RIVAROXABAN
2479139,ARIXA COMP PELL 15MG B/30,"HEMOSTASE, ANTICOAGULANTS ORAUX",RIVAROXABAN
6093426,ARIXA COMP PELL 20MG B/30,"HEMOSTASE, ANTICOAGULANTS ORAUX",RIVAROXABAN
8066731,ARMETRINE CP 20 MG /120 MG B/24,"PARASITOLOGIE, ANTIPALUDIQUE",ARTEMETHER+LUMEFANTRINE
3559966,ARSIQUINOFORME CP 250MG B/15,"PARASITOLOGIE, ANTIPALUDIQUE",SELS DE QUININE
3006687,ARTANE CP 2 MG B/50,"NEUROLOGIE, ANTIPARKINSONIENS",TRIHEXYPHENIDYLE
3006693,ARTANE CP 5 MG B/20,"NEUROLOGIE, ANTIPARKINSONIENS",TRIHEXYPHENIDYLE
8010564,ARTECOM CP DISP B/12,"PARASITOLOGIE, ANTIPALUDIQUE",DIHYDROARTEMISININE + PIPERAQUINE
8074570,ARTECOM CP PELL 8 MG B/8,"PARASITOLOGIE, ANTIPALUDIQUE",DIHYDROARTEMISININE + PIPERAQUINE + TRIMETHOPRIME
8063980,ARTECOM PDRE P SUSP BUV FL/60 ML,"PARASITOLOGIE, ANTIPALUDIQUE",DIHYDROARTEMISININE + PIPERAQUINE + TRIMETHOPRIME
8053881,ARTEDIAM CP 400 MG B/12,"PARASITOLOGIE, ANTIPALUDIQUE",ARTESUNATE+AMODIAQUINE
8053635,ARTEDIAM PDRE P SUSP BUV 1FL/30ML AMODIAQUINE+1FL/30 ML ARTESUNATE,"PARASITOLOGIE, ANTIPALUDIQUE",ARTESUNATE+AMODIAQUINE
8053935,ARTEDIAM PDRE P SUSP BUV 1FL/30ML AMODIAQUINE+1FL/30 ML ARTESUNATE,"PARASITOLOGIE, ANTIPALUDIQUE",ARTESUNATE+AMODIAQUINE
2288927,ARTEFAN CP DISP 20MG/120 MG B/6,"PARASITOLOGIE, ANTIPALUDIQUE",ARTEMETHER+LUMEFANTRINE
3564561,ARTEFAN CP DISP 40MG/240MG B/6,"PARASITOLOGIE, ANTIPALUDIQUE",ARTEMETHER+LUMEFANTRINE
2298795,ARTEFAN CP 20 MG /120 MG B/24,"PARASITOLOGIE, ANTIPALUDIQUE",ARTEMETHER+LUMEFANTRINE
8056916,ARTEFAN CP 40 MG/240 MG B/12,"PARASITOLOGIE, ANTIPALUDIQUE",ARTEMETHER+LUMEFANTRINE
8024715,ARTEFAN CP 40MG/240MG B/6,"PARASITOLOGIE, ANTIPALUDIQUE",ARTEMETHER+LUMEFANTRINE
8145293,ARTEFAN CP 60MG/360MG B/6,"PARASITOLOGIE, ANTIPALUDIQUE",ARTEMETHER+LUMEFANTRINE
2298794,ARTEFAN CP 80/480 MG B/6,"PARASITOLOGIE, ANTIPALUDIQUE",ARTEMETHER+LUMEFANTRINE
2260828,ARTEFAN PDRE P SUSP BUV 180/1080 MG FL/60 ML,"PARASITOLOGIE, ANTIPALUDIQUE",ARTEMETHER+LUMEFANTRINE
3564509,ARTEFAN PDRE P SUSP BUV 20MG/120MG NOURRISSON FL/30ML,"PARASITOLOGIE, ANTIPALUDIQUE",ARTEMETHER+LUMEFANTRINE
3564516,ARTEFAN PDRE P SUSP BUV 40MG/240MG ENFT FL/ 30ML,"PARASITOLOGIE, ANTIPALUDIQUE",ARTEMETHER+LUMEFANTRINE
3564523,ARTEFAN PDRE P SUSP BUV 60MG/360MG FL/30ML,"PARASITOLOGIE, ANTIPALUDIQUE",ARTEMETHER+LUMEFANTRINE
3564530,ARTEFAN PDRE P SUSP BUV 80MG/480MG FL/30ML,"PARASITOLOGIE, ANTIPALUDIQUE",ARTEMETHER+LUMEFANTRINE
3340202,ARTEGEN INJECTABLE 60MG IM/IV FL/1,"PARASITOLOGIE, ANTIPALUDIQUE",ARTESUNATE
3440414,ARTEJECT SOL INJ 80 MG B/6,"PARASITOLOGIE, ANTIPALUDIQUE",ARTEMETHER
3997949,ARTEL COMP 80MG/480MG B/6,"PARASITOLOGIE, ANTIPALUDIQUE",ARTEMETHER + LUMEFANTRINE
1002888,"ARTELAC CY 0,3% FL/10 ML","OPHTALMOLOGIE, SUPPLEANCE LACRYMALE",HYPROMELLOSE
8043279,ARTEM SOL INJ 40 MG B/6,"PARASITOLOGIE, ANTIPALUDIQUE",ARTEMETHER
8043285,ARTEM SOL INJ 80 MG B/6,"PARASITOLOGIE, ANTIPALUDIQUE",ARTEMETHER
8083497,ARTEMETHER + LUMEFANTRINE TM CP 20 MG /120 MG B/24,"PARASITOLOGIE, ANTIPALUDIQUE",ARTEMETHER+LUMEFANTRINE
8015194,ARTEMETHER TM SOL INJ 80 MG B/6,"PARASITOLOGIE, ANTIPALUDIQUE",ARTEMETHER
8099469,ARTEMETHER UBI INJ 20MG B/10,"PARASITOLOGIE, ANTIPALUDIQUE",ARTEMETHER
8099475,ARTEMETHER UBI SOL INJ 40MG/ML B/10,"PARASITOLOGIE, ANTIPALUDIQUE",ARTEMETHER
8099452,ARTEMETHER UBI SOL INJ 80MG/ML B/10,"PARASITOLOGIE, ANTIPALUDIQUE",ARTEMETHER
5052021,ARTENAM AMP INJ 100MG B/7,"PARASITOLOGIE, ANTIPALUDIQUE",BETA ARTEMETHER
8093515,ARTEPAL SUSP BUV FL/60 ML + POUDRE PR SUSP BUV FL/30 ML,"PARASITOLOGIE, ANTIPALUDIQUE",ARTESUNATE+AMODIAQUINE
2475900,"ARTEQUICK COMP ENROBE 62,5MG/375MG B/6","PARASITOLOGIE, ANTIPALUDIQUE",DIHYDROARTEMISININE + PIPERAQUINE
5015717,ARTEQUIN CP B/6,"PARASITOLOGIE, ANTIPALUDIQUE",ARTESUNATE+MEFLOQUINE
8039355,ARTEQUIN ENF CP 300/375MG B/3+3,"PARASITOLOGIE, ANTIPALUDIQUE",ARTESUNATE+MEFLOQUINE
5609070,ARTEQUIN PEDIATRIQUE STICK 50/125MG B/3,"PARASITOLOGIE, ANTIPALUDIQUE",ARTESUNATE+MEFLOQUINE
3917597,ARTERIA PDRE SOL INJ IV 60MG B/1,"PARASITOLOGIE, ANTIPALUDIQUE",ARTESUNATE
3255766,ARTEROPIRINE CP 75MG B/30,"HEMOSTASE, ANTIAGREGANTS PLAQUETTAIRES",CLOPIDOGREL
8027688,ARTESIANE AMP INJ 20MG B/10,"PARASITOLOGIE, ANTIPALUDIQUE",ARTEMETHER
8027702,ARTESIANE AMP INJ 20MG B/3,"PARASITOLOGIE, ANTIPALUDIQUE",ARTEMETHER
8027694,ARTESIANE AMP INJ 80 MG B/5,"PARASITOLOGIE, ANTIPALUDIQUE",ARTEMETHER
8109104,ARTESIANE SOLUTION INJECTABLE 300MG/3ML B/ 1,"PARASITOLOGIE, ANTIPALUDIQUE",ARTEMETHER
2265458,ARTESIANE SUPPO 40 MG B/6,"PARASITOLOGIE, ANTIPALUDIQUE",ARTEMETHER
3096185,ARTESUN SOL INJ 60MG IM/IV B/1,"PARASITOLOGIE, ANTIPALUDIQUE",ARTESUNATE
3339862,ARTESUN PDRE P P INJ 120 MG B/1,"PARASITOLOGIE, ANTIPALUDIQUE",ARTESUNATE
3222577,ARTESUN PDRE P SOL INJ 30MG IM/IV B/1,"PARASITOLOGIE, ANTIPALUDIQUE",ARTESUNATE
2472000,ARTESUPPO SUPPO 100MG B/6,"PARASITOLOGIE, ANTIPALUDIQUE",ARTESUNATE
2471998,ARTESUPPO SUPPO 200 MG B/6,"PARASITOLOGIE, ANTIPALUDIQUE",ARTESUNATE
2471999,ARTESUPPO SUPPO 50 MG B/6,"PARASITOLOGIE, ANTIPALUDIQUE",ARTESUNATE
8065660,ARTESWI 80 MG INJECTABLE,"PARASITOLOGIE, ANTIPALUDIQUE",ARTEMETHER
1099921,ARTHEL COMP 40MG/240MG B/12,"PARASITOLOGIE, ANTIPALUDIQUE",ARTEMETHER + LUMEFANTRINE
8173071,ARTHEL COMP 80MG/480MG B/6,"PARASITOLOGIE, ANTIPALUDIQUE",ARTEMETHER + LUMEFANTRINE
1523371,ARTHEL INJECTABLE 120MG B/1,"PARASITOLOGIE, ANTIPALUDIQUE",ARTESUNATE
120560,ARTHEL INJECTABLE 60MG B/1,"PARASITOLOGIE, ANTIPALUDIQUE",ARTESUNATE
1129611,ARTHEL SUSPENSION FL/60ML,"PARASITOLOGIE, ANTIPALUDIQUE",ARTEMETHER + LUMEFANTRINE
8064689,ARTHEPA-1 AMP INJ 80MG/ML B/6,"PARASITOLOGIE, ANTIPALUDIQUE",ARTEMETHER
3190656,ARTHROCINE CP 200 MG B/30,ANTI-INFLAMMATOIRE NON STEROIDIEN (AINS),SULINDAC
8491256,"ARTILARMES 0,5% COLL F/10ML","OPHTALMOLOGIE, SUPPLEANCE LACRYMALE",CARMELLOSE SODIUM
8418696,ARTILEX CP 80/480 MG B/6,"PARASITOLOGIE, ANTIPALUDIQUE",ARTEMETHER+LUMEFANTRINE
8418710,ARTILEX PDRE P SUSP BUV 180/1080 MG FL/60 ML,"PARASITOLOGIE, ANTIPALUDIQUE",ARTEMETHER+LUMEFANTRINE
1555231,ARTILEX 60MG/360MG COMPRIMÉS DISPERSIBLES BTES DE 6,"PARASITOLOGIE, ANTIPALUDIQUE",ARTEMETHER + LUMEFANTRINE
3155884,ARTILIUM CP DISP 20MG/120 MG B/6,"PARASITOLOGIE, ANTIPALUDIQUE",ARTEMETHER+LUMEFANTRINE
3155783,ARTILIUM CP 20 MG /120 MG B/24,"PARASITOLOGIE, ANTIPALUDIQUE",ARTEMETHER+LUMEFANTRINE
3155786,ARTILIUM CP 40 MG/240 MG B/12,"PARASITOLOGIE, ANTIPALUDIQUE",ARTEMETHER+LUMEFANTRINE
8004871,ARTILIUM PDRE P SUSP BUV 15MG/90MG FL/60ML,"PARASITOLOGIE, ANTIPALUDIQUE",ARTEMETHER+LUMEFANTRINE
2474208,ARTISON INJ 120MG BT 1,"PARASITOLOGIE, ANTIPALUDIQUE",ARTESUNATE
2474206,ARTISON INJ 60MG BT1,"PARASITOLOGIE, ANTIPALUDIQUE",ARTESUNATE
3150399,ARTIZ DP CP 80/480 MG B/6,"PARASITOLOGIE, ANTIPALUDIQUE",ARTEMETHER+LUMEFANTRINE
8086604,ARTIZ FORTE CP 40 MG/240 MG B/12,"PARASITOLOGIE, ANTIPALUDIQUE",ARTEMETHER+LUMEFANTRINE
8083959,ARTIZ PDRE P SUSP BUV 180/1080 MG FL/60 ML,"PARASITOLOGIE, ANTIPALUDIQUE",ARTEMETHER+LUMEFANTRINE
3214244,ARTLUF CP 80/480 MG B/6,"PARASITOLOGIE, ANTIPALUDIQUE",ARTEMETHER+LUMEFANTRINE
6192849,ARTLUF PDRE P SUSP BUV 180/1080 MG FL/60 ML,"PARASITOLOGIE, ANTIPALUDIQUE",ARTEMETHER+LUMEFANTRINE
8014160,ARTOME PDRE P SUSP BUV 180/1080 MG FL/60 ML,"PARASITOLOGIE, ANTIPALUDIQUE",ARTEMETHER+LUMEFANTRINE
3364926,ARTOTEC CP 50 MG B/20,ANTI-INFLAMMATOIRE NON STEROIDIEN (AINS),DICLOFENAC+MISOPROSTOL
3526547,ARTOTEC CP 75 MG B/20,ANTI-INFLAMMATOIRE NON STEROIDIEN (AINS),DICLOFENAC+MISOPROSTOL
3038578,ARTRIM GH CP 20MG/120MG B/6,"PARASITOLOGIE, ANTIPALUDIQUE",ARTEMETHER+LUMEFANTRINE
2287856,ARTRIM gh CP 40 MG/240 MG B/12,"PARASITOLOGIE, ANTIPALUDIQUE",ARTEMETHER+LUMEFANTRINE
8585833,ARTRIM GH CP 40/240MG B/6,"PARASITOLOGIE, ANTIPALUDIQUE",ARTEMETHER+LUMEFANTRINE
3314661,ARTRIM GH CP 80/480MG B/6,"PARASITOLOGIE, ANTIPALUDIQUE",ARTEMETHER+LUMEFANTRINE
2287767,ARTRIM PDRE P SUSP BUV 15MG/90MG FL/60ML,"PARASITOLOGIE, ANTIPALUDIQUE",ARTEMETHER+LUMEFANTRINE
8056138,ARTRIN CP 20 MG /120 MG B/24,"PARASITOLOGIE, ANTIPALUDIQUE",ARTEMETHER+LUMEFANTRINE
8092711,ARTRINE CP 20 MG /120 MG B/24,"PARASITOLOGIE, ANTIPALUDIQUE",ARTEMETHER+LUMEFANTRINE
8086797,ARTRINE CP 40 MG/240 MG B/12,"PARASITOLOGIE, ANTIPALUDIQUE",ARTEMETHER+LUMEFANTRINE
8005296,ARTRINE CP 80/480 MG B/6,"PARASITOLOGIE, ANTIPALUDIQUE",ARTEMETHER+LUMEFANTRINE
8010624,ARTRINE PDRE P SUSP BUV 180/1080 MG FL/60 ML,"PARASITOLOGIE, ANTIPALUDIQUE",ARTEMETHER+LUMEFANTRINE
8026772,ASAQ DENK CP B/6,"PARASITOLOGIE, ANTIPALUDIQUE",ARTESUNATE+AMODIAQUINE
3006902,ASCABIOL SOL P APPL LOC FL/125 ML,"DERMATOLOGIE, ANTIPARASITAIRE EXTERNE",BENZOATE DE BENZYLE+SULFIRAM
2290545,ASCALOL SOL P APPL LOC 25% FL/125ML,"DERMATOLOGIE, ANTIPARASITAIRE EXTERNE",BENZOATE DE BENZYLE
5015731,ASCORIL CP B/20,"PNEUMOLOGIE, ANTIASTHMATIQUE",SALBUTAMOL+BROMHEXINE+GUAIFENESINE
5015732,ASCORIL SOL BUV FL/100 ML,"PNEUMOLOGIE, ANTIASTHMATIQUE",SALBUTAMOL+BROMHEXINE+GUAIFENESINE
2485198,ASEPSY ALCOOLIQUE SOL FL/125ML,"DERMATOLOGIE, ANTISEPTIQUES EXTERNES",IRGASAN
2481177,ASEPSY SOLUTION ANTISEPTIQUE FL/250ML,"DERMATOLOGIE, ANTISEPTIQUES EXTERNES",IRGASAN + ALLANTOINE + ALUN
2483047,ASEPSY-M SOLUTION MOUSSANTE ANTISEPTIQUE FL/250ML,"DERMATOLOGIE, ANTISEPTIQUES EXTERNES",IRGASAN + ALUN
2481712,ASFY COMPRIME 100MG B/10,ANTI-INFLAMMATOIRE NON STEROIDIEN (AINS),ACECLOFENAC
3321782,ASMET-GZ COMPRIMES 500MG/80MG B/30,AUTRES ANTIDIABETIQUES,GLICAZIDE + METFORMINE
3320051,ASMETHER L 80/480 CPR B/6,"PARASITOLOGIE, ANTIPALUDIQUE",ARTEMETHER + LUMEFANTRINE
8551768,ASMETHER-L CP 20MG/120MG B/6,"PARASITOLOGIE, ANTIPALUDIQUE",ARTEMETHER+LUMEFANTRINE
8551722,ASMETHER-L CP 40/240MG B/6,"PARASITOLOGIE, ANTIPALUDIQUE",ARTEMETHER+LUMEFANTRINE
3387481,ASMOCET-MTS COMPRIMES 5MG/10MG B/20,"ALLERGOLOGIE,ANTIHISTAMINIQUE","LEVOCETIRIZINE, MONTELUKAST"
8488946,ASMOCID CP PELLICULE 40MG B/20,"GASTRO.E.H., ULCERE GASTRODUODENAL",PANTOPRAZOLE+DOMPERIDONE
8551751,ASMODROX CP 250 MG B/10,"ANTIBIOTIQUE, CEPHALOSPORINE",CEFADROXIL
8488969,ASMOFLAM COMPRIMES PELLICULES 400MG/ 325MG B/20,ANTALGIQUE/ANTIPYRETIQUE + AINS,PARACETAMOL+IBUPROFENE
3320174,ASMOFLOX CP 200 MG B/20,"ANTIBIOTIQUE, QUINOLONE",OFLOXACINE
3387443,"ASMOLOS-HT COMPRIMES PELLICULES 50MG/ 12,5MG B/30",ANTIHYPERTENSEUR ANTAGONISTE RECEPTEURS ANGIOTENSINE II + DIURETIQUE,LOSARTAN POTASSIQUE + HYDROCHLOROTHIAZIDE
3492314,ASMORIDE 2MG CPR B/30,SULFAMIDE ANTIDIABETIQUE,GLIMEPIRIDE
2291220,"ASOMEX CP 2,5 MG B/50","ANTIHYPERTENSEUR, INHIBITEUR CALCIQUE",S-AMLODIPINE
8038367,ASOMEX CP 5 MG B/50,"ANTIHYPERTENSEUR, INHIBITEUR CALCIQUE",S-AMLODIPINE
2480829,ASP COMPRIME 100MG B/60,"CARDIOLOGIE, PREVENTION CARDIOVASCULAIRE",ACIDE ACETYLSALICYLIQUE
2039207,ASPEGIC VITAMINE C PDRE P SUSP BUV B/10 SACH,ANTALGIQUE/ANTIPYRETIQUE,ACETYLSALYCYLATE DE DL - LYSINE+ACIDE ASCORBIQUE
3007244,"ASPEGIC 0,5G PDRE P P INJ 500 MG B/6",ANTALGIQUE/ANTIPYRETIQUE,DL - LYSINE ACETYL SALICYLATE
3189363,ASPEGIC 100 PDRE P SUSP BUV 100 MG/SACH B/ 20,ANTALGIQUE/ANTIPYRETIQUE,DL - LYSINE ACETYL SALICYLATE
3189819,ASPEGIC 1000 PDRE P SUSP BUV 1000 MG/SACH B/ 20,ANTALGIQUE/ANTIPYRETIQUE,DL - LYSINE ACETYL SALICYLATE
3270361,ASPEGIC 250 PDRE P SUSP BUV 250 MG/SACH B/20,ANTALGIQUE/ANTIPYRETIQUE,DL - LYSINE ACETYL SALICYLATE
3122689,ASPEGIC 500 PDRE P SUSP BUV 500 MG/SACH B/20,ANTALGIQUE/ANTIPYRETIQUE,DL - LYSINE ACETYL SALICYLATE
8089293,ASPIRIN CARDIO CP GASTRO-RESISTANT 100MG B/ 30,"CARDIOLOGIE, PREVENTION CARDIOVASCULAIRE",ACIDE ACETYLSALICYLIQUE
2019475,ASPIRINE CP 100 MG B/20,ANTALGIQUE/ANTIPYRETIQUE,ACIDE ACETYLSALICYLIQUE
3629790,ASPIRINE CP 500 MG PLAQUETTE DE 10,ANTALGIQUE/ANTIPYRETIQUE,ACIDE ACETYLSALICYLIQUE
3135261,ASPIRINE DU RHONE CP 500 MG B/30,ANTALGIQUE/ANTIPYRETIQUE,ACIDE ACETYLSALICYLIQUE
3007681,ASPIRINE UPSA CP EFF B/20,ANTALGIQUE/ANTIPYRETIQUE,ACIDE ACETYLSALICYLIQUE+ACIDE ASCORBIQUE
3353153,ASPIRINE UPSA 1G CP 1 G B/20,ANTALGIQUE/ANTIPYRETIQUE,ACIDE ACETYLSALICYLIQUE
8031862,ASTAPH GELULE 500 MG B/24,"ANTIBIOTIQUE, PENICILLINE",FLUCLOXACILLINE
8034517,ASTAPH PDRE P SUSP BUV 250MG FL/100ML,"ANTIBIOTIQUE, PENICILLINE",FLUCLOXACILLINE
8018991,ASTAPH 125 PDRE P SUSP BUV 125 MG/5 ML FL/60 ML,"ANTIBIOTIQUE, PENICILLINE",FLUCLOXACILLINE
8034518,ASTAPH 250 PDRE P SUSP BUV 250 MG/5 ML FL/60 ML,"ANTIBIOTIQUE, PENICILLINE",FLUCLOXACILLINE
8019051,ASTAPH 500 GELULE 500 MG B/12,"ANTIBIOTIQUE, PENICILLINE",FLUCLOXACILLINE
3892876,ASTAT COMPRIME 10MG B/30,HYPOLIPEMIANT,ATORVASTATINE
3892877,ASTAT COMPRIME 20MG B/30,HYPOLIPEMIANT,ATORVASTATINE
3365106,ASTHALIN SIROP 2MG FL/100ML,"PNEUMOLOGIE, ANTIASTHMATIQUE",SALBUTAMOL
3374054,ASTHALIN SUSPENSION POUR INHALATION 100MCG/DOSE FL/200DOSES,"PNEUMOLOGIE, ANTIASTHMATIQUE",SALBUTAMOL
3600658,ASTRIAM RETARD 80 MG SUSP INJ AMP/2ML B/1,ANTI-INFLAMMATOIRE STEROIDIEN (AIS),TRIAMCINOLONE
8081185,ASTYFER GELULE B/20,"HEMATOLOGIE, ANTIANEMIQUES",COMPLEXE D'ACIDE AMINE + VITAMINES + FER
8081222,ASTYFER SIROP FL/110ML,"HEMATOLOGIE, ANTIANEMIQUES",COMPLEXE D'ACIDE AMINE + VITAMINES + FER
8613771,ASTYFER SIROP 200 ML,"HEMATOLOGIE, ANTIANEMIQUE",FER + ACIDES AMINES + VITAMINE
8071399,ASU DENK FIXED DOSE CP B/3,"PARASITOLOGIE, ANTIPALUDIQUE",ARTESUNATE+PYRIMETHAMINE +SULFAMETHOXYPYRAZINE
2291266,ASUNATE DENK 100 PLUS JUNIOR CP 100 MG B/6,"PARASITOLOGIE, ANTIPALUDIQUE",ARTESUNATE+PYRIMETHAMINE +SULFAMETHOXYPYRAZINE
2291272,ASUNATE DENK 200 PLUS CP 200 MG B/6,"PARASITOLOGIE, ANTIPALUDIQUE",ARTESUNATE+PYRIMETHAMINE +SULFAMETHOXYPYRAZINE
3511379,ATACAND CP 16MG B/28,"ANTIHYPERTENSEUR, ANTAGONISTE RECEPTEURS ANGIOTENSINE II",CANDESARTAN
3457208,ATACAND CP 4 MG B/28,"ANTIHYPERTENSEUR, ANTAGONISTE RECEPTEURS ANGIOTENSINE II",CANDESARTAN
3457266,ATACAND CP 8MG B/28,"ANTIHYPERTENSEUR, ANTAGONISTE RECEPTEURS ANGIOTENSINE II",CANDESARTAN
3008114,ATARAX AMP INJ 100 MG B/6,"ALLERGOLOGIE,ANTIHISTAMINIQUE",HYDROXYZINE
3008137,ATARAX CP ENR 25 MG B/30,"ALLERGOLOGIE,ANTIHISTAMINIQUE",HYDROXYZINE
3008143,"ATARAX SIROP 0,2% FL/200 ML","ALLERGOLOGIE,ANTIHISTAMINIQUE",HYDROXYZINE
2264217,ATENOLOL DENK CP PELLICULE 50MG B/100,"ANTIHYPERTENSEUR, BÊTABLOQUANT",ATENOLOL
3433225,ATHRITA SOL INJ 20MG/ML AMP/1M L B/6,"PARASITOLOGIE, ANTIPALUDIQUE",ARTEMETHER
3433232,ATHRITA AMP INJ 40 MG B/6,"PARASITOLOGIE, ANTIPALUDIQUE",ARTEMETHER
3433256,ATHRITA SOL INJ 80 MG B/6,"PARASITOLOGIE, ANTIPALUDIQUE",ARTEMETHER
3433249,ATHRITA SOLUTION INJECTABLE AMP 60MG/ML IM B/6,"PARASITOLOGIE, ANTIPALUDIQUE",ARTEMETHER
3258484,ATMAX CP PELL 500 MG B/3,"ANTIBIOTIQUE, MACROLIDE",AZITHROMYCINE
3258477,ATMAX PDRE POUR SUSP BUV 200MG/5ML FL/15ML,"ANTIBIOTIQUE, MACROLIDE",AZITHROMYCINE
3236604,ATOREX CP PELL 10 MG B/30,HYPOLIPEMIANT,ATORVASTATINE
3236611,ATOREX CP PELL 20MG B/30,HYPOLIPEMIANT,ATORVASTATINE
8084031,ATORFIT AM CP 10MG/10MG B/30,"CARDIOLOGIE, ANTIHYPERTENSEUR",AMLODIPINE + ATORVASTATINE
8084025,ATORFIT AM CP 10MG/5MG B/30,"CARDIOLOGIE, ANTIHYPERTENSEUR",AMLODIPINE + ATORVASTATINE
8084717,ATORFIT CP 10 MG B/30,HYPOLIPEMIANT,ATORVASTATINE
8084700,ATORFIT CP 20 MG B/30,HYPOLIPEMIANT,ATORVASTATINE
3428184,ATORFIT CP 40MG B/30,HYPOLIPEMIANT,ATORVASTATINE
8061685,ATORLIP COMPRIME PELLICULE 40MG B/30,HYPOLIPEMIANT,ATORVASTATINE
3374078,ATORLIP CP PELL 20MG B/30,HYPOLIPEMIANT,ATORVASTATINE
3991909,ATORVACOR CP 10 MG B/30,HYPOLIPEMIANT,ATORVASTATINE
3901893,ATORVACOR CP 20 MG B/30,HYPOLIPEMIANT,ATORVASTATINE
3990568,ATORVASTATINE SP CP PELL 20MG B/30,HYPOLIPEMIANT,ATORVASTATINE
3990575,ATORVASTATINE SP CP PELL 40MG B/30,HYPOLIPEMIANT,ATORVASTATINE
2023270,ATRICAN GELULE 250 MG B/8,ANTIBIOTIQUE ET ANTIPARASITAIRE,TENONITROZOL
3495063,ATROCLASS CP PELL 10 MG B/30,HYPOLIPEMIANT,ATORVASTATINE
3495100,ATROCLASS CP PELL 20MG B/30,HYPOLIPEMIANT,ATORVASTATINE
3085362,ATROPINE ALCON CY 1% FL/10 ML,"OPHTALMOLOGIE, MYDRIATIQUES",ATROPINE
3165374,"ATROPINE SULF AMP INJ 0,25 MG B/10",SEDATIF ET HYPNO-INDUCTEUR,ATROPINE
3269872,ATROVENT AEROSOL DOS SUSP P INHAL 20 MCG FL/200 DOSES,"PNEUMOLOGIE, ANTIASTHMATIQUE",IPRATROPIUM BROMURE
3008456,"ATURGYL SOL P PULV NAS 0,05% FL/15 ML","ORL, DECONGESTIONNANTS",OXYMETAZOLINE
3439251,"AUGMENTIN ENF 100/12,5 PDRE P SUSP BUV ENF FL/60 ML","ANTIBIOTIQUE, PENICILLINE",AMOXICILLINE+ACIDE CLAVULANIQUE
3304025,AUGMENTIN IV PDRE P P INJ 1G B/1,"ANTIBIOTIQUE, PENICILLINE",AMOXICILLINE+ACIDE CLAVULANIQUE
3331401,AUGMENTIN NOURR PDRE P SUSP BUV NOUR FL/ 30 ML,"ANTIBIOTIQUE, PENICILLINE",AMOXICILLINE+ACIDE CLAVULANIQUE
3445116,AUGMENTIN PDR PR SUSP BUV 1G/125 MG B/12 SACH,"ANTIBIOTIQUE, PENICILLINE",AMOXICILLINE+ACIDE CLAVULANIQUE
3304048,AUGMENTIN 500 PDRE P P INJ 500 MG B/1,"ANTIBIOTIQUE, PENICILLINE",AMOXICILLINE+ACIDE CLAVULANIQUE
3533702,"AUGMENTIN 500/62,5 CP ENR B/16","ANTIBIOTIQUE, PENICILLINE",AMOXICILLINE+ACIDE CLAVULANIQUE
8597948,"AUGOCIN COLLYRE 0,3% FL/10ML","OPHTALMOLOGIE, ANTIBACTERIEN LOCAL",GENTAMICINE
3120727,AUREOMYCINE SARB PDE OPHT 1% T/5 G,"OPHTALMOLOGIE, ANTIBACTERIENS LOCAUX",CHLORTETRACYCLINE
3640148,AURICULARUM SUSP AURIC PDRE +SOLV/10ML,"ORL, OTITES",OXYTETRACYCLINE + POLYMIXINE B + DEXAMETHASONE + NYSTATINE
2027204,AURIPAX SOL AURIC FL/15 ML,"ORL, OTITE EXTERNE, ANESTHESIQUE LOCAL SEUL OU ASSOCIÉ",PHENAZONE + LIDOCAINE
3668550,"AUROMOX DUO COMP 500MG/62,5MG B/14","ANTIBIOTIQUE, PENICILLINE",AMOXICILLINE + ACIDE CLAVULANIQUE
3658536,"AUROMOX DUO FORTE SUSP BUV 250MG/31,25MG FL/60ML","ANTIBIOTIQUE, PENICILLINE",AMOXICILLINE + ACIDE CLAVULANIQUE
3658543,"AUROMOX DUO PDRE SUSP BUV 100MG/12,5MG FL/ 60ML","ANTIBIOTIQUE, PENICILLINE",AMOXICILLINE + ACIDE CLAVULANIQUE
3104576,AUROPODOX CP 200 MG B/10,"ANTIBIOTIQUE, CEPHALOSPORINE",CEFPODOXIME
3202968,AUROTHER CP DISP 20MG/120 MG B/6,"PARASITOLOGIE, ANTIPALUDIQUE",ARTEMETHER+LUMEFANTRINE
3202975,AUROTHER CP 40 MG/240 MG B/12,"PARASITOLOGIE, ANTIPALUDIQUE",ARTEMETHER+LUMEFANTRINE
3202999,AUROTHER CP 80/480 MG B/6,"PARASITOLOGIE, ANTIPALUDIQUE",ARTEMETHER+LUMEFANTRINE
3202982,AUROTHER PDRE P SUSP BUV 180/1080 MG FL/60 ML,"PARASITOLOGIE, ANTIPALUDIQUE",ARTEMETHER+LUMEFANTRINE
3202937,AUROTHRIN CP 500 MG B/3,"ANTIBIOTIQUE, MACROLIDE",AZITHROMYCINE
3202951,AUROTHRIN SUSP BUV 200 MG/5 ML FL/15 ML,"ANTIBIOTIQUE, MACROLIDE",AZITHROMYCINE
9999610,AUROXETIL INJ 750MG IV/IM B/1,"ANTIBIOTIQUE, CEPHALOSPORINE",CEFUROXIME
8482323,AUROXETIL CP 250 MG B/10,"ANTIBIOTIQUE, CEPHALOSPORINE",CEFUROXIME
8482352,AUROXETIL CP 500 MG B/10,"ANTIBIOTIQUE, CEPHALOSPORINE",CEFUROXIME
3832244,AVAMYS SOL P PULV NAS 50 MICROGRAMME FL/ 120 DOSES,"ORL, RHINITES ALLERGIQUES",FLUTICASONE
8027375,AVAS CP PELL 40MG B/30,HYPOLIPEMIANT,ATORVASTATINE
8027398,AVAS CP 80 MG B/30,HYPOLIPEMIANT,ATORVASTATINE
8076882,AVAS 10 CP 10 MG B/30,HYPOLIPEMIANT,ATORVASTATINE
8076913,AVAS 20 CP 20 MG B/30,HYPOLIPEMIANT,ATORVASTATINE
5662007,AVASTIN SOLUTION A DILUER POUR PERFUSION IV 100MG B/1,"CANCEROLOGIE, ANTINEOPLASIQUE",BEVACIZUMAB
5662013,AVASTIN SOLUTION A DILUER POUR PERFUSION IV 400MG B/1,"CANCEROLOGIE, ANTINEOPLASIQUE",BEVACIZUMAB
8035015,AVELOX CP 400MG B/5,"ANTIBIOTIQUE, QUINOLONE",MOXIFLOXACINE
5521884,AVETEX POUDRE POUR SOLUTION A DILUER POUR PERFUSION 500MG FLACON /1,"ANTIBIOTIQUE, GLYCOPEPTIDE",VANCOMYCINE
3238736,AVLOCARDYL 160MG LP GEL B/30,"ANTIHYPERTENSEUR, BÊTABLOQUANT",PROPANOLOL
2477946,AVSAR COMPRIMES PELLICULES 10MG /160MG B/ 28,AUTRES ASSOCIATIONS D'ANTIHYPERTENSEURS,VALSARTAN + AMLODIPINE
2477945,AVSAR COMPRIMES PELLICULES 5MG /160MG B/28,AUTRES ASSOCIATIONS D'ANTIHYPERTENSEURS,VALSARTAN + AMLODIPINE
2477944,AVSAR COMPRIMES PELLICULES 5MG /80MG B/28,AUTRES ASSOCIATIONS D'ANTIHYPERTENSEURS,VALSARTAN + AMLODIPINE
2485099,"AXABAN-DENK 2,5MG CPR PELL B/60","HEMOSTASE, ANTICOAGULANTS ORAUX",APIXABAN
2485100,AXABAN-DENK 5 MG B/60,"HEMOSTASE, ANTICOAGULANTS ORAUX",APIXABAN
8028683,AXEN GEL P APPL LOC 2,ANTI-INFLAMMATOIRE NON STEROIDIEN (AINS),KETOPROFENE
8010048,AXEN SUPPO 100 MG B/10,ANTI-INFLAMMATOIRE NON STEROIDIEN (AINS),KETOPROFENE
2484955,AYANACE 100MG/500MG CPR BT 10,ANTALGIQUE/ANTIPYRETIQUE + AINS,ACECLOFENAC + PARACETAMOL
2484956,AYANCEF 1G PDR+SOLV INJ FL10ML,"ANTIBIOTIQUE, CEPHALOSPORINE",CEFTRIAXONE
2596069,AYANCLAV 1000MG/125MG SACHET B/16,"ANTIBIOTIQUE, PENICILLINE",AMOXICILLINE + ACIDE CLAVULANIQUE
2484958,AYANCLAV 112MG5 PDR BUV 100ML,"ANTIBIOTIQUE, PENICILLINE",AMOXICILLINE + ACIDE CLAVULANIQUE
2484957,AYANFER SIROP FL 200ML,"HEMATOLOGIE, ANTIANEMIQUE",FER
6190097,AZ CP PELL 500 MG B/3,"ANTIBIOTIQUE, MACROLIDE",AZITHROMYCINE
3555743,AZAL 200 MG/5ML PDRE SUSP BUV FL/15ML,ANTIBIOTIQUE MACROLIDE,AZITHROMYCINE
3268275,AZANTAC AMP INJ 50 MG B/5,"GASTRO.E.H., ULCERE GASTRODUODENAL",RANITIDINE
3434124,AZANTAC CP EFF 75 MG B/14,"GASTRO.E.H., ULCERE GASTRODUODENAL",RANITIDINE
3838662,AZA-ONE COMPRIMES 250MG B/6,"ANTIBIOTIQUE, MACROLIDE",AZITHROMYCINE
3126647,AZARGA CY 10MG/5ML FL/5ML,"OPHTALMOLOGIE, ANTIGLAUCOMATEUX",BRINZOLAMIDE + TIMOLOL
1151029,AZBACT POUDRE POUR SUSPENSION 200MG/5ML FL/30ML,"ANTIBIOTIQUE, MACROLIDE",AZITHROMYCINE
3374092,AZEE CP PELL 500 MG B/3,"ANTIBIOTIQUE, MACROLIDE",AZITHROMYCINE
8014639,AZIBACT CP PELL 500 MG B/3,"ANTIBIOTIQUE, MACROLIDE",AZITHROMYCINE
2473679,AZIC 250MG CP B/6,"ANTIBIOTIQUE, MACROLIDE",AZITHROMYCINE
2473678,AZIC 500MG CP B/3,"ANTIBIOTIQUE, MACROLIDE",AZITHROMYCINE
8071749,AZICURE CP PELL 250 MG B/6,"ANTIBIOTIQUE, MACROLIDE",AZITHROMYCINE
8071778,AZICURE CP PELL 500 MG B/3,"ANTIBIOTIQUE, MACROLIDE",AZITHROMYCINE
8040242,AZICURE SUSP BUV 200 MG/5 ML FL/15 ML,"ANTIBIOTIQUE, MACROLIDE",AZITHROMYCINE
8084605,AZIENT CP PELL 500 MG B/3,"ANTIBIOTIQUE, MACROLIDE",AZITHROMYCINE
8075670,AZILIDE CP 500 MG B/3,"ANTIBIOTIQUE, MACROLIDE",AZITHROMYCINE
3387405,AZIMO CP PELL 500 MG B/3,"ANTIBIOTIQUE, MACROLIDE",AZITHROMYCINE
1336161,"AZINA PDRE SUSP BUV 200MG FL/22,5ML","ANTIBIOTIQUE, MACROLIDE",AZITHROMYCINE
3677629,AZINEX SUSP BUV 40MG/ML FL/15ML,"ANTIBIOTIQUE, MACROLIDE",AZITHROMYCINE
3003316,AZIOCIN CP 500 MG B/3,"ANTIBIOTIQUE, MACROLIDE",AZITHROMYCINE
3237392,AZIRON CP 250 MG B/6,"ANTIBIOTIQUE, MACROLIDE",AZITHROMYCINE
3237398,AZIRON CP 500 MG B/3,"ANTIBIOTIQUE, MACROLIDE",AZITHROMYCINE
8508904,AZIT CP PELL 500 MG B/3,"ANTIBIOTIQUE, MACROLIDE",AZITHROMYCINE
8495159,AZIT SUSP BUV 200 MG/5 ML FL/15 ML,"ANTIBIOTIQUE, MACROLIDE",AZITHROMYCINE
8411079,AZITHRIN CP 250 MG B/6,"ANTIBIOTIQUE, MACROLIDE",AZITHROMYCINE
8411033,AZITHRIN CP 500 MG B/3,"ANTIBIOTIQUE, MACROLIDE",AZITHROMYCINE
8411116,AZITHRIN SUSP BUV 200 MG/5 ML FL/15 ML,"ANTIBIOTIQUE, MACROLIDE",AZITHROMYCINE
8091290,AZITHRO CP 250 MG B/6,"ANTIBIOTIQUE, MACROLIDE",AZITHROMYCINE
3289570,AZITHRO GELULE 500MG B/3,"ANTIBIOTIQUE, MACROLIDE",AZITHROMYCINE
8069066,AZITHRO PDRE P SUSP BUV 100MG/SACH B/3,"ANTIBIOTIQUE, MACROLIDE",AZITHROMYCINE
8069132,AZITHRO PDRE P SUSP BUV 200MG/SACH B/3,"ANTIBIOTIQUE, MACROLIDE",AZITHROMYCINE
3374368,AZITHROCINE GELULE 250 MG B/6,"ANTIBIOTIQUE, MACROLIDE",AZITHROMYCINE
2473246,AZITHRO-DENK CPR 250MG BT6,"ANTIBIOTIQUE, MACROLIDE",AZITHROMYCINE
2473247,AZITHRO-DENK CPR 500MG BT3,"ANTIBIOTIQUE, MACROLIDE",AZITHROMYCINE
2476837,AZITHROFAV COMP PELL 250MG B/6,"ANTIBIOTIQUE, MACROLIDE",AZITHROMYCINE
2476838,AZITHROFAV COMP PELL 500MG B/3,"ANTIBIOTIQUE, MACROLIDE",AZITHROMYCINE
7146245,AZITHROMIL COMP 500MG B/3,"ANTIBIOTIQUE, MACROLIDE",AZITHROMYCINE
3475751,AZITHROMIL PDRE SUSP BUVABLE 200MG/5ML FL/ 15,"ANTIBIOTIQUE, MACROLIDE",AZITHROMYCINE
1448711,AZITHROMYCIN VIR COMP PELL 500MG B/3,"ANTIBIOTIQUE, MACROLIDE",AZITHROMYCINE
3851043,AZITIQUE 200MG / 5ML PDR SUSP BUV F /15ML,"ANTIBIOTIQUE, MACROLIDE",AZITHROMYCINE
8075871,AZITRINE CP 500 MG B/3,"ANTIBIOTIQUE, MACROLIDE",AZITHROMYCINE
8402086,AZITRINE CPR 250MG BT6,"ANTIBIOTIQUE, MACROLIDE",AZITHROMYCINE
8405038,AZITRINE SUSP 40MG/ML FL/15ML,"ANTIBIOTIQUE, MACROLIDE",AZITHROMYCINE
8395831,AZITRO-ACINO CP 500 MG B/3,"ANTIBIOTIQUE, MACROLIDE",AZITHROMYCINE
3470107,AZITROMICINA BASI CP PELL 500 MG B/3,"ANTIBIOTIQUE, MACROLIDE",AZITHROMYCINE
8304946,AZIX CP PELL 500 MG B/3,"ANTIBIOTIQUE, MACROLIDE",AZITHROMYCINE
3188675,AZIX PDRE P SUSP BUV 40MG/ML ENF FL/37.5ML,"ANTIBIOTIQUE, MACROLIDE",AZITHROMYCINE
3773048,AZNOGEN SP FL 100ML,"ALLERGOLOGIE, ANTIHISTAMINIQUE",CETIRIZINE
3773093,AZNOGRIP SIROP FL/100ML,"ORL, RHUME ET GRIPPE",PARACETAMOL + PHENYLEPHRINE + CHLORPHENIRAMINE + BROMHEXINE
2481710,AZOGEN GELULE 500MG B/3,"ANTIBIOTIQUE, MACROLIDE",AZITHROMYCINE
2481709,AZOGEN POUDRE POUR SUSP BUVABLE 200MG/ 5ML FL 15ML,"ANTIBIOTIQUE, MACROLIDE",AZITHROMYCINE
2476523,AZOMYCIN COMP 250MG B/6,"ANTIBIOTIQUE, MACROLIDE",AZITHROMYCINE
8483914,AZOMYCIN GELULES 250MG B/6,"ANTIBIOTIQUE,MACROLIDE",AZITHROMYCINE
8441442,AZOMYCIN PDRE POUR SUSP BUVABLE 200MG/ 5ML FL/15ML,"ANTIBIOTIQUE,MACROLIDE",AZITHROMYCINE
2476522,AZOMYCIN SUSP 200MG/5ML 15ML,"ANTIBIOTIQUE, MACROLIDE",AZITHROMYCINE
5804070,AZOPT CY FL/5 ML,"OPHTALMOLOGIE, ANTIGLAUCOMATEUX",BRINZOLAMIDE
3360477,AZRO CP PELL 500 MG B/3,"ANTIBIOTIQUE, MACROLIDE",AZITHROMYCINE
3403389,AZRO POUDRE POUR SUSPENSION BUVABLE 600MG/5ML FL/15ML,"ANTIBIOTIQUE, MACROLIDE",AZITHROMYCINE
3403426,"AZRO POUDRE POUR SUSPENSION BUVABLE 900MG/5ML FL/22,5ML","ANTIBIOTIQUE, MACROLIDE",AZITHROMYCINE
9996485,AZTO CP PELL 500 MG B/3,"ANTIBIOTIQUE, MACROLIDE",AZITHROMYCINE
3773192,AZTORIL SIROP FL/100ML,"PNEUMOLOGIE, ANTITUSSIF",SALBUTAMOL + BROMHEXINE + GUAIFENESINE
2483049,AZYLINE 200MG PDR SUSP BUV15ML,"ANTIBIOTIQUE, MACROLIDE",AZITHROMICINE
2483048,AZYLINE 500MG CPR BT 3,"ANTIBIOTIQUE, MACROLIDE",AZITHROMICINE
3820382,AZYTER COLLYRE EN SOLUTION EN RECIPIENT UNIDOSE 15MG/G B/6,"OPHTALMOLOGIE, ANTIBACTERIENS LOCAUX",AZITHROMYCINE
3664415,B FRESH SOLUTION POUR BAIN DE BOUCHE FL/ 100ML,"ODONTOLOGIE, ANTISEPTIQUE BUCCAL",CHLORHEXIDINE + SODIUM FLUORURE + CHLORURE DE ZINC
3479612,BACILOR GELULE 250 MG B/20,"GASTRO.E.H., ANTI- DIARRHEIQUE",LACTOBACILLUS CASEI VARIETE RHAMNOSUS DODERLEINI
3200538,"BACILOR SACHETS 1,5G B/10","GASTRO.E.H., ANTI- DIARRHEIQUE",LACTOBACILLUS CASEI VARIETE RHAMNOSUS DODERLEINI
2475370,BACPERAZONE PDRE POUR SOL INJ 1000MG/ 1000MG IM/IV B/1,ASSOCIATION D'ANTIBIOTIQUES,CEFOPERAZONE + SULBACTAM
2475369,BACPERAZONE PDRE POUR SOL INJ 500MG/ 500MG IM/IV B/1,ASSOCIATION D'ANTIBIOTIQUES,CEFOPERAZONE + SULBACTAM
8061857,BACQURE PDRE P P INJ 500 MG/500 MG B/1,"ANTIBIOTIQUE , AUTRES BETA-LACTAMINES",IMIPENEM+CILASTATINE
1277631,BACTECIN INJ 1500MG B/1,ASSOCIATION D'ANTIBIOTIQUES,CEFTRIAXONE + SULBACTAM
8302580,BACTIGEN CY FL/5 ML,"OPHTALMOLOGIE, ANTIBACTERIENS LOCAUX",GENTAMICINE
8077752,BACTOCLAV CP 1 G B/12,"ANTIBIOTIQUE, PENICILLINE",AMOXICILLINE+ACIDE CLAVULANIQUE
8079545,BACTOCLAV PDRE P SUSP BUV 125MG FL/100ML,"ANTIBIOTIQUE, PENICILLINE",AMOXICILLINE+ACIDE CLAVULANIQUE
3313797,BACTOX PDRE P P INJ 500 MG B/1,"ANTIBIOTIQUE, PENICILLINE",AMOXICILLINE
3408931,BACTOX PDRE P SUSP BUV 1 G/SACH B/6,"ANTIBIOTIQUE, PENICILLINE",AMOXICILLINE
3335882,BACTOX PDRE P SUSP BUV 125 MG/5 ML FL/60 ML,"ANTIBIOTIQUE, PENICILLINE",AMOXICILLINE
3335876,BACTOX PDRE P SUSP BUV 250 MG/5 ML FL/60 ML,"ANTIBIOTIQUE, PENICILLINE",AMOXICILLINE
3408925,BACTOX PDRE P SUSP BUV 500 MG/5 ML FL/60 ML,"ANTIBIOTIQUE, PENICILLINE",AMOXICILLINE
3397992,BACTOXIME DS 100MG/5ML PDR SUSP BUV/60ML,"ANTIBIOTIQUE, CEPHALOSPORINE",CEFIXIME
3397954,BACTOXIME DT CP PELL 200 MG B/10,"ANTIBIOTIQUE, CEPHALOSPORINE",CEFIXIME
9994564,BACTOZOL CP 500MG/500MG B/20,ANTIBIOTIQUE ET ANTIPARASITAIRE,"CIPROFLOXACINE, ORNIDAZOLE"
3219704,BACTRIM FORTE CP 800/160MG B/10,"ANTIBIOTIQUE, SULFAMIDE",SULFAMETHOXAZOLE+TRIMETHOPRIME
3130536,BACTRIM SIROP FL/100 ML,"ANTIBIOTIQUE, SULFAMIDE",SULFAMETHOXAZOLE+TRIMETHOPRIME
3305007,BACTROBAN PDE 2% T 15G,"DERMATOLOGIE, ANTIBACTERIEN LOCAL",MUCIPROCINE
8020137,"BACTYL CY 0,025% FL/10 ML","OPHTALMOLOGIE, ANTIBACTERIENS LOCAUX",BROMURE DE CETHEXONIUM
2016778,BANEOCIN PDE T/20 G,"DERMATOLOGIE, ANTIBACTERIEN LOCAL",BACITRACINE
2021733,BANEOCIN PDRE P APPL LOC FL/10 G,"DERMATOLOGIE, ANTIBACTERIEN LOCAL",BACITRACINE
3065174,BAUME AROMA CREME TUBE DE 50G,"RHUMATOLOGIE, DOULEURS D'ORIGINE MUSCULAIRE",SALICYLATE DE METHYLE+ HUILE ESSENTIELLE DE GIROFLE +HUILE ESSENTIELLE DE PIMENT DE LA JAMAIQUE
2485202,BAUME PLUS CREME CHAUFANTE T/75G,"RHUMATOLOGIE, DOULEURS D'ORIGINE MUSCULAIRE",CAMPHRE + EUCALYPTUS + GIROFLE + MENTHE + HUILE ESENTIELE DE PIMENT
8011954,BAXIM INJ IM/IV B/1,"ANTIBIOTIQUE, CEPHALOSPORINE",CEFOTAXIM
8064643,BD FEN COMP 400MG B/20,ANTIINFLAMMATOIRE NON STEROIDIEN (AINS),IBUPROFENE
8064666,BDLOX COMP 750MG B/10,"ANTIBIOTIQUE, QUINOLONE",CIPROFLOXACINE
9078011,"BECLAV PDRE P P INJ 1,2G B/1","ANTIBIOTIQUE, PENICILLINE",AMOXICILLINE + ACIDE CLAVULANIQUE
9155831,BECLAV FORTE CP PELL 1000MG/125MG B/12,"ANTIBIOTIQUE, PENICILLINE",AMOXICILLINE+ACIDE CLAVULANIQUE
4207479,BECLOZOLE CREME TUBE DE 20G,DERMOCORTICOIDES+ANTIFONGIQUES,BETHAMETASONE + GENTAMICINE+ MICONAZOLE
3292919,BECONASE SUSP P PULV NAS 50 MCG FL/200 DOSES,"ORL, RHINITES ALLERGIQUES",BECLOMETASONE
3218747,BECTACEF PDRE P P INJ 1000MG/500MG FL/10ML,ASSOCIATION D'ANTIBIOTIQUES,CEFTRIAXONE + SULBACTAM
3229708,BEDELIX PDRE P SUSP BUV ET RECTALE 3G/ SACH B/30,"GASTRO.E.H., ANTIACIDE ET PANSEMENT GASTROINTESTINAL",MONTMORILLONITE BEIDELLITIQUE
3992999,BEKRACINE CP DISPERS 200 MG B/10,"ANTIBIOTIQUE, CEPHALOSPORINE",CEFIXIME
3992982,BEKRACINE SUSP BUV 100 MG/5 ML FL/60 ML,"ANTIBIOTIQUE, CEPHALOSPORINE",CEFIXIME
3830314,BEKRANEM 1G PDRE SUSP INJ F/1+AMP/1,"ANTIBIOTIQUES, AUTRES BETA LACTAMIDES",MEROPENEME
3830307,BEKRANEM 500MG PDRE SUSP INJ F/1+AMP/1,"ANTIBIOTIQUES, AUTRES BETA LACTAMIDES",MEROPENEME
3841112,BEKRATON SIROP 4MG/5ML FL/50ML,"GASTRO E.H, NAUSEES ET VOMISSEMENTS",ONDANSETRON
8616054,BEKRAZOLE SUSP BUV 200MG/5ML FL/10ML,"PARASITOLOGIE, ANTHELMINTIQUE",ALBENDAZOL
3374108,BENDEX SUSP BUV 4% FL/10 ML,"PARASITOLOGIE, ANTHELMINTIQUE",ALBENDAZOLE
8016809,BENZOSEPT CY FL/5 ML,"OPHTALMOLOGIE, ANTISEPTIQUES LOCAUX",BENZODODECINIUM
8054484,"BENZYL PENICILLINE UBI PDRE P P INJ 1,2 MUI B/1","ANTIBIOTIQUE, PENICILLINE",BENZYL PENICILLINE
8054490,BENZYL PENICILLINE UBI PDRE P P INJ 2,"ANTIBIOTIQUE, PENICILLINE",BENZYL PENICILLINE
2473354,BEROXYL PDRE SUSP BUV 250MG/5ML FL/60ML,"ANTIBIOTIQUE, PENICILLINE",AMOXICILLINE
1526291,"BESAR HT COMP 150MG/12,5MG B/30","ANTIHYPERTEBNSEUR, INHIBITEUR DE L'ENZYME DE CONVERSION + DIURETIQUE",IBESARTAN + HYDROCHLOROTHIAZIDE
3853313,BESICOR CPR 10MG B/30,AUTRES ASSOCIATIONS D'ANTIHYPERTENSEURS,BISOPROLOL
3853290,"BESICOR CPR 2,5MG B/30",AUTRES ASSOCIATIONS D'ANTIHYPERTENSEURS,BISOPROLOL
3853306,BESICOR CPR 5MG B/30,AUTRES ASSOCIATIONS D'ANTIHYPERTENSEURS,BISOPROLOL
9999796,BESTCEF GELULE 400MG B/10,"ANTIBIOTIQUE, CEPHALOSPORINE",CEFIXIME
3262573,BETA SALIC PDE T/30 G,"DERMATOLOGIE,DERMOCORTICOIDE(AIS)",BETAMETHASONE+ACIDE SALICYLIQUE
3010855,BETADINE BLEU SOL VAGINALE 10% FL/125 ML,"GYNECOLOGIE,TRAITEMENT DES VULVOVAGINITES",POVIDONE IODEE
3198801,BETADINE GEL DERMIQ T/30G,"DERMATOLOGIE, ANTISEPTIQUE LOCAL",POVIDONE IODEE
5523872,BETADINE GYNECO SOL GYNECO FL/500ML,"DERMATOLOGIE, ANTISEPTIQUE LOCAL",POVIDONE IODEE
5523926,BETADINE JAUNE SOL P APPL LOC FL/500 ML,"DERMATOLOGIE, ANTISEPTIQUE LOCAL",POVIDONE IODEE
3149978,BETADINE JAUNE SOL P APPL LOC 10% FL/125 ML,"DERMATOLOGIE, ANTISEPTIQUE LOCAL",POVIDONE IODEE
3203100,BETADINE OVULE 250 MG B/8,"GYNECOLOGIE,TRAITEMENT DES VULVOVAGINITES",POVIDONE IODEE
3010861,BETADINE ROUGE SOL P APPL CUT 4% FL/125 ML,"DERMATOLOGIE, ANTISEPTIQUE LOCAL",POVIDONE IODEE
3152874,BETADINE SOL P BAIN DE BOUCHE 10% FL/125ML,"STOMATOLOGIE,BAIN DE BOUCHE,GARGARISME ET GELS",POVIDONE IODEE
2473761,BETAMECRO COMP 2 MG B/10,ANTI INFLAMMATOIRE STEROIDIEN (AIS),BETHAMETASONE
3262610,BETAMED AMP INJ 4 MG B/5,ANTI-INFLAMMATOIRE STEROIDIEN (AIS),BETAMETHASONE
3262627,"BETAMED CREME 0,05% T/30 G","DERMATOLOGIE,DERMOCORTICOIDE(AIS)","BETAMETHASONE, BETAXOLOL"
3262641,BETAMED GTTES BUV 0,ANTI-INFLAMMATOIRE STEROIDIEN (AIS),BETAMETHASONE
3262634,"BETAMED PDE 0,05% T/30 G","DERMATOLOGIE,DERMOCORTICOIDE(AIS)","BETAMETHASONE, BETAXOLOL"
3887788,BETAMETHASONE ARROW CP DISP 2MG B/20,ANTI-INFLAMMATOIRE STEROIDIEN (AIS),BETHAMETASONE
3894707,"BETAMETHASONE ARROW GOUTTE 0,05% FL/30ML",ANTI-INFLAMMATOIRE STEROIDIEN (AIS),BETHAMETASONE
3910031,BETAPINN M CREME TUBE DE 30G,DERMOCORTICOIDE + ANTIFONGIQUE,BÉTAMETHOSONE + MICONAZOLE
8093828,"BETASONE GTTES BUV 0,5 MG/ML FL/30 ML",ANTI-INFLAMMATOIRE STEROIDIEN (AIS),BETAMETHASONE
2473457,BETASTENE COMP DISP 2MG B/20,ANTI INFLAMMATOIRE STEROIDIEN (AIS),BETAMETHASONE
3234402,"BETASTENE GTTES BUV 0,5 MG/ML FL/30 ML",ANTI-INFLAMMATOIRE STEROIDIEN (AIS),BETAMETHASONE
4215743,BETAZIDIME PDRE P P INJ 1G B/1,"ANTIBIOTIQUE, CEPHALOSPORINE",CEFTAZIDIME
8427732,BETCIN 25 MG COMPRIMÉ BTE DE 10,"NEUROLOGIE, ANTIVERTIGINEUX",CINNARIZINE
8427726,BETFENAC-P COMPRIMÉ NON ENROBÉ BTE DE 20,ANTALGIQUE/ANTIPYRETIQUE + AINS,PARACETAMOL + DCLOFENAC
8427695,BETFOLIC COMPRIMÉ BTE DE 30,"HEMATOLOGIE, ANTIANEMIQUE",ACIDE FOLIQUE
8427689,BETGREL- A 75 MG COMPRIMÉS BTES DE 30,CARDIOPATHIE ISCHEMIQUE CHRONIQUE,CLOPIDOGREL + ACIDE ACÉTYSACYLIQUE
8597960,"BETIMOL COLLYRE 0,5% FL/5ML","OPHTALMOLOGIE, ANTIGLAUCOMATEUX",TIMOLOL
8427672,BETLEVO 10 MG COMPRIMÉS BTES DE 10,"ALLERGOLOGIE, ANTIHISTAMINIQUE",LEVOCETIRIZINE
3247333,"BETNEVAL CREME 0,1% T/30 G","DERMATOLOGIE,DERMOCORTICOIDE(AIS)",BETAMETHASONE
3011010,"BETNEVAL LOTION DERM 0,1% T/15 G","DERMATOLOGIE,DERMOCORTICOIDE(AIS)",BETAMETHASONE
3247356,"BETNEVAL PDE 0,1% T/30 G","DERMATOLOGIE,DERMOCORTICOIDE(AIS)",BETAMETHASONE
5717284,BETNEZEN SOLUTION INJECTABLE B/5 AMPOULES,ANTI INFLAMMATOIRE STEROIDIEN,BETAMETHASONE
2474750,"BETNOSONE CREME 0,05% TUBE /40G","DERMATOLOGIE, DERMOCORTICOIDE",BETAMETHASONE
3810293,"BETNOVEX CREME 0,1% TUBE DE 20G","DERMATOLOGIE, DERMOCORTICOIDE",VALÉRATE DE BÉTAMÉTHOSONE 0.05%
3351295,BETOPTIC CY 0,"OPHTALMOLOGIE, ANTIGLAUCOMATEUX",BETAXOLOL
3290458,"BETOPTIC CY 0,5% FL/3 ML","OPHTALMOLOGIE, ANTIGLAUCOMATEUX",BETAXOLOL
2473589,BEXITROL HFA 125 INHALER,"PNEUMOLOGIE, ANTIASMATHIQUE",SALMETEROL + FLUTICASONE
2473590,BEXITROL HFA 250INHALER,"PNEUMOLOGIE, ANTIASMATHIQUE",SALMETEROL + FLUTICASONE
5050056,B-FERIC SIROP FL/200 ML,"HEMATOLOGIE, ANTIANEMIQUES",FER FERREUX+ACIDE FOLIQUE+CYANOCOBALAMINE
8117486,BGLAU CY FL/5 ML,"OPHTALMOLOGIE, ANTIGLAUCOMATEUX",BRIMONIDINE TARTRATE
3192282,BIAFINE EMULSSION EMULS P APPL LOC FL/100 ML,"DERMATOLOGIE, TOPIQUE A ACTIVITE TROPHIQUE OU PROTECTRICE",TROLAMINE
3285701,BIAFINE EMULSSION EMULS P APPL LOC FL/200 ML,"DERMATOLOGIE, TOPIQUE A ACTIVITE TROPHIQUE OU PROTECTRICE",TROLAMINE
8064614,BIAKOF SIROP FL/200 ML,"PNEUMOLOGIE, ANTITUSSIF",CHLORHYDRATE DE DIPHENYLDRAMINE + CHLORURE D'AMMONIUM + MENTHOL
3245729,BIBACTIN FORT CP 960 MG PLAQUETTE DE 10,"ANTIBIOTIQUE, SULFAMIDE",SULFAMETHOXAZOLE+TRIMETHOPRIME
2291349,BIBACTIN SUSP BUV FL/100 ML,"ANTIBIOTIQUE, SULFAMIDE",SULFAMETHOXAZOLE+TRIMETHOPRIME
3153253,BIBLOC CP 10 MG B/30,"ANTIHYPERTENSEUR, BÊTABLOQUANT",BISOPROLOL
3153215,BIBLOC CP 5 MG B/30,"ANTIHYPERTENSEUR, BÊTABLOQUANT",BISOPROLOL
3785177,BICALUTAMIDE BIOGARAN COMP B/30,"CANCEROLOGIE, ANTINEOPLASIQUE",BICALUTAMIDE
8026683,BICEF CP DISPERS 500MG B/10,"ANTIBIOTIQUE, CEPHALOSPORINE",CEFADROXIL
4212035,BIDCEF CP 500 MG B/20,"ANTIBIOTIQUE, CEPHALOSPORINE",CEFADROXIL
4212992,BIDCEF PDRE P SUSP BUV 250MG FL/100ML,"ANTIBIOTIQUE, CEPHALOSPORINE",CEFADROXIL
3033876,BIDONTOGYL CP 1.5MUI/250MG B/15,ANTIBIOTIQUE ET ANTIPARASITAIRE,SPIRAMYCINE + METRONIDAZOLE
3045756,BIFOSA CP 35MG B/4,"RHUMATOLOGIE, OSTEOPOROSE",ALENDRONATE
3045763,BIFOSA CP 70MG B/4,"RHUMATOLOGIE, OSTEOPOROSE",ALENDRONATE
3633106,BILAXTEN COMP SECABLE 20MG B/20,"ALLERGOLOGIE, ANTIHISTAMINIQUE",BILASTINE
8130452,BILAXTEN CP 20 MG B/10,"ALLERGOLOGIE,ANTIHISTAMINIQUE",BILASTINE
3811757,"BILAXTEN SOLUTION BUVABLE 2,5MG/ML FL/120ML","ALLERGOLOGIE, ANTIHISTAMINIQUE",BILASTINE
8393536,BILOR SP FL/60ML,"ALLERGOLOGIE, ANTIHISTAMINIQUE",LORATADINE
3251381,BILTRICIDE CP 600 MG B/4,"PARASITOLOGIE, ANTHELMINTIQUE",PRAZIQUANTEL
8002257,BIMALARIL CP 80/480 MG B/6,"PARASITOLOGIE, ANTIPALUDIQUE",ARTEMETHER+LUMEFANTRINE
3250853,BIMALARIL GE CP DISPERSIBLE 60MG/360MG B/6,"PARASITOLOGIE, ANTIPALUDIQUE",ARTEMETHER+LUMEFANTRINE
8002292,BIMALARIL PDRE P SUSP BUV 40/240MG FL/30 ML,"PARASITOLOGIE, ANTIPALUDIQUE",ARTEMETHER+LUMEFANTRINE
8002464,BIMALARIL PDRE P SUSP BUV 60 MG/360 FL/30 ML,"PARASITOLOGIE, ANTIPALUDIQUE",ARTEMETHER+LUMEFANTRINE
8002406,BIMALARIL PDRE 20 MG/120 MG FL/30 ML,"PARASITOLOGIE, ANTIPALUDIQUE",ARTEMETHER+LUMEFANTRINE
3250730,BIMALARIL-PLUS CP 80/480 MG B/6,"PARASITOLOGIE, ANTIPALUDIQUE",ARTEMETHER+LUMEFANTRINE
3788820,BIMODEX POUDRE POUR APPLICATION LOCAL FL 10G,"DERMATOLOGIE, ANTISEPTIQUE LOCAL",POVIDONE IODÉE + MÉTRONADIZOLE
8029724,BINOCLAR CP 250 MG B/10,"ANTIBIOTIQUE, MACROLIDE",CLARITHROMYCINE
3011613,BIOCALYPTOL SIROP FL/200 ML,"PNEUMOLOGIE, ANTITUSSIF CONTENANT UN OPIACE",PHOLCODINE+ GAIACOL
8412110,"BIO-CLAV CP 562,5 MG B/24","ANTIBIOTIQUE, PENICILLINE",AMOXILLINE+ ACIDE CLAVULANIQUE
8717269,BIO-CLAV CP1125 MG B/12,"ANTIBIOTIQUE, PENICILLINE",AMOXILLINE+ ACIDE CLAVULANIQUE
2025323,BIODROXIL CP 1 G B/12,"ANTIBIOTIQUE, CEPHALOSPORINE",CEFADROXIL
2025317,BIODROXIL GELULE 500 MG B/12,"ANTIBIOTIQUE, CEPHALOSPORINE",CEFADROXIL
4013459,BIODROXIL PDRE P SUSP BUV 125 MG/5 ML FL/60 ML,"ANTIBIOTIQUE, CEPHALOSPORINE",CEFADROXIL
2020300,BIODROXIL PDRE P SUSP BUV 250 MG/5 ML FL/60 ML,"ANTIBIOTIQUE, CEPHALOSPORINE",CEFADROXIL
4013465,BIODROXIL PDRE P SUSP BUV 500 MG/5 ML FL/60 ML,"ANTIBIOTIQUE, CEPHALOSPORINE",CEFADROXIL
2252160,BIOFER 12 SIROP FL/200 ML,"HEMATOLOGIE, ANTIANEMIQUES",COMPLEXE D'ACIDE AMINE + VITAMINES + FER
5605060,BIOFERON SUSP BUV FL/200 ML,"HEMATOLOGIE, ANTIANEMIQUES",SULFATE FERREUX+ACIDE FOLIQUE
2477081,BIOFLOXACINE COMPRIME 400MG B/5,"ANTIBIOTIQUE, QUINOLONE",MOXIFLOXACINE
8612895,BIOMXYL GÉLULE 500 MG B/24,"ANTIBIOTIQUE, PENICILLINE",AMOXILLINE
6100436,BIOPAMOX SOL INJ 1 G B/1,"ANTIBIOTIQUE, PENICILLINE",AMOXICILLINE
3006099,"BI-ORAGIN COMPRIMES PELLICULES SECABLES 1,5MUI/250MG B/16",ANTIBIOTIQUE ET ANTIPARASITAIRE,SPIRAMYCINE + METRONIDAZOLE
6191261,BIOTIC ENFANT SUSP BUV 100 MG/5 ML FL/60 ML,"ANTIBIOTIQUE, PENICILLINE",AMOXICILLINE+ACIDE CLAVULANIQUE
6191025,BIOTIC SACHET 1G B/14,"ANTIBIOTIQUE, PENICILLINE",AMOXICILLINE+ACIDE CLAVULANIQUE
6191100,BIOTIC SACHET 1G B/24,"ANTIBIOTIQUE, PENICILLINE",AMOXICILLINE+ACIDE CLAVULANIQUE
6191254,BIOTIC SACHETS 500MG B/14,"ANTIBIOTIQUE, PENICILLINE",AMOXICILLINE+ACIDE CLAVULANIQUE
2484794,BIOXONE 1000MG INJ PDR FL 10ML,"ANTIBIOTIQUE, CEPHALOSPORINE",CEFTRIAXONE
3624899,BIPERYDIS CP PELL SEC B/40,"GASTRO E H, NAUSEES , VOMISSEMENT",DOMPERIDONE
3624882,BIPERYDIS CP PELL SEC 20 MG B/20,"GASTRO E H, NAUSEES , VOMISSEMENT",DOMPERIDONE
3931549,BIPRETERAX CP PELL 10MG/2.5MG B/30,AUTRES ASSOCIATIONS D'ANTIHYPERTENSEURS,INDAPAMIDE + PERINDOPRIL
3782405,BIPRETERAX CP PELL 5MG/1.25MG B/30,AUTRES ASSOCIATIONS D'ANTIHYPERTENSEURS,INDAPAMIDE + PERINDOPRIL
3980225,BI-PROFENID CP LP 100MG B/20,ANTI-INFLAMMATOIRE NON STEROIDIEN (AINS),KETOPROFENE
3254132,BI-PROFENID CP 150 MG B/20,ANTI-INFLAMMATOIRE NON STEROIDIEN (AINS),KETOPROFENE
3694145,BISADYL CPR ENROBE 5MG B/30,"GASTRO.E.H., CONSTIPATION",BISACODYL
3022744,BISOPROLOL REF COMPRIME PELLICULE 10MG B/ 30,ANTIHYPERTENSEUR BETA-BLOQUANT,BISOPROLOL
3022745,BISOPROLOL REF COMPRIME PELLICULE 10MG B/ 90,ANTIHYPERTENSEUR BETA-BLOQUANT,BISOPROLOL
3022733,"BISOPROLOL REF COMPRIME PELLICULE 2,5MG B/ 30",ANTIHYPERTENSEUR BETA-BLOQUANT,BISOPROLOL
3022734,"BISOPROLOL REF COMPRIME PELLICULE 2,5MG B/ 90",ANTIHYPERTENSEUR BETA-BLOQUANT,BISOPROLOL
3022739,BISOPROLOL REF COMPRIME PELLICULE 5MG B/30,ANTIHYPERTENSEUR BETA-BLOQUANT,BISOPROLOL
3022740,BISOPROLOL REF COMPRIME PELLICULE 5MG B/90,ANTIHYPERTENSEUR BETA-BLOQUANT,BISOPROLOL
3354599,BISOPROLOL-GH CP 10 MG B/30,"ANTIHYPERTENSEUR, BÊTABLOQUANT",BISOPROLOL
8140556,BI-SPIRAZOL CP 1.5MUI/250MG B/10,"ANTIBIOTIQUE, MACROLIDE",SPIRAMYCINE + METRONIDAZOLE
8140548,BI-SPIRAZOL CP 1.5MUI/250MG B/20,ANTIBIOTIQUE ET ANTIPARASITAIRE,SPIRAMYCINE + METRONIDAZOLE
8017922,BISPIRAZOLE CP 1.5MUI/250MG B/15,ANTIBIOTIQUE ET ANTIPARASITAIRE,SPIRAMYCINE + METRONIDAZOLE
3374405,"BI-SPIROGYL COMPRIMES PELLICULES 1,5MUI / 250MG B/10",ANTIBIOTIQUE ET ANTIPARASITAIRE,SPIRAMYCINE+METRONIDAZOLE
999076,"BLAMAZ CP 500MG/62,5MG B/24","ANTIBIOTIQUE, PENICILLINE",AMOXICILLINE + ACIDE CLAVULANIQUE
3552827,BLAMAZ CP 875MG/125MG B/12,"ANTIBIOTIQUE, PENICILLINE",AMOXICILLINE+ACIDE CLAVULANIQUE
999078,"BLAMAZ SUSP BUV 100MG/12,5MG FL/30ML","ANTIBIOTIQUE, PENICILLINE",AMOXICILLINE + ACIDE CLAVULANIQUE
999077,"BLAMAZ SUSP BUV 100MG/12,5MG FL/60ML","ANTIBIOTIQUE, PENICILLINE",AMOXICILLINE + ACIDE CLAVULANIQUE
3013196,BLEOMYCINE RB PDRE P P INJ B/6,"CANCEROLOGIE, ANTINEOPLASIQUE",BLEOMYCINE
2025984,BLOKIUM CP 100 MG B/30,"ANTIHYPERTENSEUR, BÊTABLOQUANT",ATENOLOL
2025978,BLOKIUM CP 50 MG B/30,"ANTIHYPERTENSEUR, BÊTABLOQUANT",ATENOLOL
2022460,BLOKIUM DIU CP B/20,"ANTIHYPERTENSEUR, BÊTABLOQUANT",ATENOLOL
8010653,BLOOD SIROP FL/200 ML,"HEMATOLOGIE, ANTIANEMIQUES",CITRATE D'AMMONIUM FERRIQUE + ACIDE FOLIQUE + VITAMINE B12
3075292,BOLINAN CP 2 G B/15,"GASTRO.E.H., ANTIACIDE ET PANSEMENT GASTROINTESTINAL",POVIDONE
3144490,BOLINAN CP 2 G B/40,"GASTRO.E.H., ANTIACIDE ET PANSEMENT GASTROINTESTINAL",POVIDONE
3658505,BONACEF COMP A CROQUER 100MG B/10,"ANTIBIOTIQUE, CEPHALOSPORINE",CEFIXIME
3658512,BONACEF COMP PELL 200MG B/10,"ANTIBIOTIQUE, CEPHALOSPORINE",CEFIXIME
3658499,BONACEF PD PDRE SUSP 100MG/5ML FL/60ML,"ANTIBIOTIQUE, CEPHALOSPORINE",CEFIXIME
2291384,BONCIPRO CP 500 MG B/20,"ANTIBIOTIQUE, QUINOLONE",CIPROFLOXACINE
2284361,BONCIPRO CP 750MG B/20,"ANTIBIOTIQUE, QUINOLONE",CIPROFLOXACINE
3080191,"BONCIPRO GTTE 0,3% US EXT FL/5ML","ANTIBIOTIQUE, QUINOLONE",CIPROFLOXACINE
8072269,BONDRONAT CP 50 MG B/28,"RHUMATOLOGIE, OSTEOPOROSE",IBANDRONATE
3634857,BONDRONAT FL INJ IV 6MG/6ML B/1,"RHUMATOLOGIE, OSTEOPOROSE",IBANDRONATE
3716578,BONVIVA CP PELL 150 MG B/1,"RHUMATOLOGIE, OSTEOPOROSE",IBANDRONATE
2485204,BOURGEON CREME T/150G,"DERMATOLOGIE, TOPIQUE A ACTIVITE TROPHIQUE OU PROTECTRICE",OXYDE DE ZINC + HUILE DE CLOU DE GIROFLE + ALLANTOINE
2485205,BOURGEON CREME T/20G,"DERMATOLOGIE, TOPIQUE A ACTIVITE TROPHIQUE OU PROTECTRICE",OXYDE DE ZINC + HUILE DE CLOU DE GIROFLE + ALLANTOINE
3315968,BRICANYL LP CP LP 5 MG B/60,"PNEUMOLOGIE, ANTIASTHMATIQUE",TERBUTALINE
3328617,"BRICANYL TURBUHALER PDRE P INHAL 0,5 MG FL/ 200 DOSES","PNEUMOLOGIE, ANTIASTHMATIQUE",TERBUTALINE
3014929,BRIMO CY 0.2% FL/5ML,"OPHTALMOLOGIE, ANTIGLAUCOMATEUX",BRIMONIDINE TARTRATE
3614334,"BRIMOCHECK COLLYRE 0,2% FL/5ML","OPHTALMOLOGIE, ANTIGLAUCOMATEUX",BRIMONIDINE TARTRATE
3258491,BRIMOCHECK-T CY FL/5 ML,"OPHTALMOLOGIE, ANTIGLAUCOMATEUX",BRIMONIDINE + TIMOLOL
3012737,BRIMONIDINE BIOGARAN 2MG/ML COLLYRE B1,ANTIGLAUCOMATEUX,BRIMONIDINE
3004311,"BRINZOLAMIDE BIOGARAN 0,0001MG/ML COLLYRE B1",ANTIGLAUCOMATEUX,BRINZOLAMIDE
3477228,BROMAZEPAM BIOGARAN 6MG COMP B/30,"PSYCHIATRIE, ANXYOLITIQUES",BROMAZEPAM
3221635,BRONCHALENE SIROP AD FL/150 ML,"PNEUMOLOGIE, ANTITUSSIF ANTIHISTAMINIQUE",PHOLCODINE+CHLORPHENIRAMINE+ACIDE ASCORBIQUE (VITAMINE C)
3221612,BRONCHALENE SIROP NOUR FL/125 ML,"PNEUMOLOGIE, ANTITUSSIF ANTIHISTAMINIQUE",CHLORPHENIRAMINE
3015798,BRONCHODERMINE PDE T/60 G,"PNEUMOLOGIE, REVULSIFS",PIN SYLVESTRE+CINEOLE+GAIACOL CREOSOTE
8003268,BRONCOXIL SIROP 45MG/5ML FL/120ML,"PNEUMOLOGIE, ANTITUSSIF",ACEFYLLINE + PIPERAZINE + DIPHENYLDRAMINE
5660428,BRONEX EXPECT ORANT SIROP FL/100ML,"PNEUMOLOGIE, ANTITUSSIF",SALBUTAMOL + BROMHEXINE + GUAIPHENESINE + MENTHOL
2473060,BRONTUSS SIROP FL/100ML,"PNEUMOLOGIE, ANTITUSSIF",PIPER LONGRUM + CURCUMA LONGA+ TERMINALIA BELERICA+ ZINGIBER OFFICINALIS + ADHATODA VASICA
1388821,"BROPDEX COLLYRE 0,3G/0,1G FL/10ML","OPHTALMOLOGIE, ANTIINFLAMMATOIRES ET ANTIBACTERIENS LOCAUX",TOBRAMYCINE + DEXAMETHASONE
8495113,BROXAL SUSP BUV FL/100 ML,"PNEUMOLOGIE, ANTIASTHMATIQUE",SALBUTAMOL + BROMHEXINE + MENTHOL
2038805,BROXOL SP FL100ML,"PNEUMOLOGIE, ANTITUSSIF",AMBROXOL + GUAIFENESINE + TERBUTALINE + CHLORPHENIRAMINE + MENTHOL
8073168,BRU GELULE 100 MG B/10,ANTI-INFLAMMATOIRE NON STEROIDIEN (AINS),CELECOXIB
8073180,BRU GELULE 200 MG B/10,ANTI-INFLAMMATOIRE NON STEROIDIEN (AINS),CELECOXIB
2019162,BRUFEN SIROP PEDIATRIQUE 100MG/5ML FL/100ML,ANTIINFLAMMATOIRE NON STEROIDIEN (AINS),IBUPROFENE
3622570,BRUFEN 400MG COMP B/30,ANTIINFLAMMATOIRE NON STEROIDIEN (AINS),IBUPROFENE
3990704,BRUFIX CP PELLICULE 200MG B/10,"ANTIBIOTIQUE, CEPHALOSPORINE",CEFIXIME
3054109,BRUPAL FORTE CP B/10,ANTALGIQUE/ANTIPYRETIQUE + AINS,PARACETAMOL+IBUPROFENE
8018980,BRUSTAN CP B/20,ANTALGIQUE/ANTIPYRETIQUE + AINS,PARACETAMOL+IBUPROFENE
5008250,BRUSTAN CP ENR B/10,ANTALGIQUE/ANTIPYRETIQUE + AINS,PARACETAMOL+IBUPROFENE
3492437,BRUSTAN GEL T/50G,ANTI-INFLAMMATOIRE NON STEROIDIEN (AINS),IBUPROFENE
8023839,BRUSTAN SUSP BUV FL/100 ML,ANTALGIQUE/ANTIPYRETIQUE + AINS,PARACETAMOL+IBUPROFENE
139094,BRUSTOMAX SIROP FL/100 ML,ANTALGIQUE/ANTIPYRETIQUE + AINS,PARACETAMOL+IBUPROFENE
8179470,BRUZO CP 400/325MG B/10,ANTALGIQUE/ANTIPYRETIQUE + AINS,PARACETAMOL+IBUPROFENE
8179487,BRUZO KID SUSP BUV FL/100 ML,ANTALGIQUE/ANTIPYRETIQUE + AINS,PARACETAMOL+IBUPROFENE
5678474,BUCCO PLUS BAIN DE BOUCHE FL/200ML,"STOMATOLOGIE,BAIN DE BOUCHE,GARGARISME ET GELS",CHLORHEXIDINE + CLOU DE GIROFLE
3016148,BUCCOTHYMOL SOL P BAIN DE BOUCHE FL/150 ML,"STOMATOLOGIE,BAIN DE BOUCHE,GARGARISME ET GELS",THYMOL
8406888,BUFENOL CP 800MG B/8,ANTI-INFLAMMATOIRE NON STEROIDIEN (AINS),IBUPROFENE
8406871,BUFENOL SUSP BUV FL/120 ML,ANTI-INFLAMMATOIRE NON STEROIDIEN (AINS),IBUPROFENE
8013545,BURNCOOL CREME T/15 G,"DERMATOLOGIE, ANTIBACTERIEN LOCAL",SULFADIAZIDE ARGENTIQUE + CHLORHEXIDINE
3810330,BURNOX CREME 1% TUBE DE 25G,"DERMATOLOGIE, ANTIBACTERIEN LOCAL",SULFADIAZINE D'ARGENT
2027109,BUTO ASMA CP 2 MG B/40,"PNEUMOLOGIE, ANTIASTHMATIQUE",SALBUTAMOL
2027090,"BUTO ASMA SUSP P INHAL 0,2% FL/10 ML","PNEUMOLOGIE, ANTIASTHMATIQUE",SALBUTAMOL
2253739,C TRI INJ 1 G B/1,"ANTIBIOTIQUE, CEPHALOSPORINE",CEFTRIAXONE
8410654,CACEF CP 200 MG B/6,"ANTIBIOTIQUE, CEPHALOSPORINE",CEFPODOXIME
8407882,CACEF PDRE P SUSP BUV 50MG FL/30ML,"ANTIBIOTIQUE, CEPHALOSPORINE",CEFPODOXIME
8405653,CACHART CP 20 MG /120 MG B/24,"PARASITOLOGIE, ANTIPALUDIQUE",ARTEMETHER+LUMEFANTRINE
8405699,CACHART CP 80/480 MG B/6,"PARASITOLOGIE, ANTIPALUDIQUE",ARTEMETHER+LUMEFANTRINE
8403766,CACHEWORM SUSPENSION 100MG FL/30ML,"PARASITOLOGIE, ANTHELMINTHIQUE",MEBENDAZOLE
8630108,CACHNERVE GELULE B/60,"RHUMATOLOGIE, DOULEURS D'ORIGINE MUSCULAIRE",ACIDE ALPHA-LIPOIQUE + ACIDE GAMMA-LINOLENIQUE + PYRIDOXINE + METHYLCOBALAMINE + CHROME
8043397,CACIP CP 500 MG B/10,"ANTIBIOTIQUE, QUINOLONE",CIPROFLOXACINE
8146223,CACIP PERFUSION 200MG FL/100ML,"ANTIBIOTIQUE, QUINOLONE",CIPROFLOXACINE
3692924,CADUET CP 10MG/10MG B/30,"CARDIOLOGIE, ANTIHYPERTENSEUR",AMLODIPINE + ATORVASTATINE
3693050,CADUET CP 5MG/10MG B/30,"CARDIOLOGIE, ANTIHYPERTENSEUR",AMLODIPINE + ATORVASTATINE
8043411,CALBEN SIROP 400 MG / 10 ML FL/10 ML,"PARASITOLOGIE, ANTHELMINTIQUE",ALBENDAZOLE
8092680,CALCHECK CP 5 MG B/30,"ANTIHYPERTENSEUR, INHIBITEUR CALCIQUE",AMLODIPINE
8092674,CALCHEK CP 10 MG B/30,"ANTIHYPERTENSEUR, INHIBITEUR CALCIQUE",AMLODIPINE
3016645,CALCIBRONAT AMP INJ B/10,"PSYCHIATRIE, SEDATIFS DIVERS",CALCIUM BROMO GALACTO GLUCONATE
3016591,CALCIBRONAT CP EFF 2G B/20,"PSYCHIATRIE, SEDATIFS DIVERS",CALCIUM BROMO GALACTO GLUCONATE
8594223,CALCINIB CP 10 MG B/28,"ANTIHYPERTENSEUR, INHIBITEUR CALCIQUE",AMLODIPINE
8594217,CALCINIB CP 5 MG B28,"ANTIHYPERTENSEUR, INHIBITEUR CALCIQUE",AMLODIPINE
3017001,CALCIUM SANDOZ AMP INJ B/10,CALCITHERAPIE,CALCIUM GLUCONO LACTATE + CALCIUM CARBONATE
3016987,CALCIUM SANDOZ AMP INJ B/5,CALCITHERAPIE,CALCIUM GLUCONO LACTATE + CALCIUM CARBONATE
8274872,CALGIN CP 500 MG B/10,ANTALGIQUE/ANTIPYRETIQUE ET ANTISPASMODIQUE,METAMIZOLE SODIQUE
8155469,CALGIN INJECTABLE 500MG B/10,ANTALGIQUE/ANTIPYRETIQUE ET ANTISPASMODIQUE,METAMIZOLE
3374443,CALMATUX COMPRIMES PELLICULES 25MG/100MG B/20,"PNEUMOLOGIE, ANTITUSSIF","CAMPHOSULFONATE DE CODEINE, SULFOGAICOLATE DE POTASSIUM"
3137900,CALMIXENE SIROP ENF/NOUR FL/150 ML,"PNEUMOLOGIE, ANTITUSSIF ANTIHISTAMINIQUE",PIMETHIXENE
2294626,CALTOUX AD SIROP AD FL/100 ML,"PNEUMOLOGIE, ANTITUSSIF",DEXTROMETORPHANE
2294603,CALTOUX ENF SIROP ENF FL/100 ML,"PNEUMOLOGIE, ANTITUSSIF",DEXTROMETORPHANE
3017455,CALYPTOL INHALANT SUSP P INHAL B/10 AMP,"ORL, DECONGESTIONNANTS",TERPINEOL +CINEOLE+ROMARIN
8054722,CAMOQUIN PLUS ADULTE CP AD 600 MG/200 MG B/ 3+3,"PARASITOLOGIE, ANTIPALUDIQUE",ARTESUNATE+AMODIAQUINE
8054751,CAMOQUIN PLUS ENFANT CP ENF 300 MG/100 MG B/3+3,"PARASITOLOGIE, ANTIPALUDIQUE",ARTESUNATE+AMODIAQUINE
8066895,CAMOQUIN PLUS ENFANT PDRE P SUSP BUV ENF 150 MG/50 MG B/3+3,"PARASITOLOGIE, ANTIPALUDIQUE",ARTESUNATE+AMODIAQUINE
8014728,CAMOQUIN PLUS NOURRISSON MOINS DE 1 AN PDRE PR SUSP BUV B/3 SACHETS,"PARASITOLOGIE, ANTIPALUDIQUE",ARTESUNATE+AMODIAQUINE
8054780,CAMOQUIN PLUS PEDIATRIQUE PDRE ET SUSP BUV B/6 SACH + 1 FL/60 ML,"PARASITOLOGIE, ANTIPALUDIQUE",ARTESUNATE+AMODIAQUINE
8014757,CAMOQUIN PLUS PEDIATRIQUE 1 A 7 ANS PDRE PR SUSP BUV B/3 SACHETS,"PARASITOLOGIE, ANTIPALUDIQUE",ARTESUNATE+AMODIAQUINE
8072430,CAMOSUNATE ADULTE CP 300 MG/100 MG B/12,"PARASITOLOGIE, ANTIPALUDIQUE",ARTESUNATE+AMODIAQUINE
8072401,CAMOSUNATE ENFANT PDRE P SUSP BUV ENF 150 MG/50 MG B/3+3,"PARASITOLOGIE, ANTIPALUDIQUE",ARTESUNATE+AMODIAQUINE
8014036,CAMOSUNATE JUNIOR CP 150/50 B/12,"PARASITOLOGIE, ANTIPALUDIQUE",ARTESUNATE+AMODIAQUINE
8072476,CAMOSUNATE PDRE EN SACHET PR SUSP BUV 75MG/25 MG B3+3,"PARASITOLOGIE, ANTIPALUDIQUE",ARTESUNATE+AMODIAQUINE
3017679,CAMPHOPNEUMINE SUPPO ENF B/8,"PNEUMOLOGIE,ADJUVANTS DES INFECTIONS BRONCHOPULMONAIRES",GAIACOL
5588245,CAMPTO 100 MG/2ML SOL P PERF A DILUER FL/5 ML,"CANCEROLOGIE, ANTINEOPLASIQUE",IRINOTECAN
5588228,CAMPTO 40MG/2ML SOL P PERF A DILUER FL/ 2 ML,"CANCEROLOGIE, ANTINEOPLASIQUE",IRINOTECA N
8003363,CAMYSTEN CREME T/30 G,"DERMATOLOGIE, ANTIFONGIQUE LOCAL",CLOTRIMAZOLE
2032493,CAMYSTEN CREME T/30 G,"DERMATOLOGIE, ANTIFONGIQUE LOCAL",CLOTRIMAZOLE
3234440,CANAFLUCAN GELULE 150 MG B/1,ANTIFONGIQUE SYSTEMIQUE,FLUCONAZOLE
3848609,CANDEZ COMPRIME 16MG B/30,"ANTIHYPERTENSEUR, ANTAGONISTE RECEPTEURS ANGIOTENSINE II",CANDESARTAN
9580923,CANDEZ COMPRIME 8MG B/30,"ANTIHYPERTENSEUR, ANTAGONISTE RECEPTEURS ANGIOTENSINE II",CANDESARTAN
8083847,CANDI GELULE 150MG B/4,ANTIFONGIQUE SYSTEMIQUE,FLUCONAZOLE
9157261,CANDI PDRE P SUSP ORALE 50MG/5ML FL/60ML,ANTIFONGIQUE SYSTEMIQUE,FLUCONAZOLE
4207459,CANDID B CREME T/15 G,DERMOCORTICOIDES+ANTIFONGIQUES,CLOTRIMAZOLE+BECLOMETASONE
8028647,CANDID CRÈME CREME 1% T/20G,"DERMATOLOGIE, ANTIFONGIQUE LOCAL",CLOTRIMAZOLE
8028676,CANDID PDRE PDRE P APPL LOC FL/30 G,"DERMATOLOGIE, ANTIFONGIQUE LOCAL",CLOTRIMAZOLE
8028653,CANDID V6 CP VAGINAL B/6,"GYNECOLOGIE,TRAITEMENT DES VULVOVAGINITES",CLOTRIMAZOLE
1285661,CANDIGEN CREME VAGINALE TUBE DE 20G + 3 APPLICATEURS,"GYNECOLOGIE, TRAITEMENT DES VULVO-VAGINIQUES",CLOTRIMAZOLE
2479020,CANDIGO CREME 10% TUBE DE 7G,"DERMATOLOGIE, ANTIFONGIQUE LOCAL",CLOTRIMAZOLE
3016902,CANDIMAX 100MG COMPRIMÉS BTE DE 10,ANTIFONGIQUE SYSTEMIQUE,FLUCONAZOLE
3016892,CANDIMAX 50MG/5ML SUSPENSION BUVABLE FLACON DE 60ML,ANTIFONGIQUE SYSTEMIQUE,FLUCONAZOLE
8028682,CANDITRAL CP 100MG B/4,ANTIFONGIQUE SYSTEMIQUE,ITRACONAZOLE
3322994,"CANSAAR PLUS COMP 16MG/12,5MG B/30",ANTIHYPERTENSEUR ANTAGONISTE DE L'ANGIOTENSINE II + DIURETIQUE,CANDESARTAN + HYDROCHLOROTHIAZIDE
3526835,CANSAAR 16MG COMP B/28,"ANTIHYPERTENSEUR, ANTAGONISTE RECEPTEURS ANGIOTENSINE II",CANDESARTAN
1526301,CAPCAINE PLUS INJECTION FL/30ML,ANESTHESIQUE LOCAL,LIDOCAINE + ADRENALINE
8043428,CAPCAINE SOL INJ 2% FL/30 ML,ANESTHESIE LOCALE OU REGIONALE,LIDOCAINE
3276267,CAPECITABINE BIOGARAN CP PELL 150MG B/60,"CANCEROLOGIE, ANTINEOPLASIQUE",CAPECITABINE
3276269,CAPECITABINE BIOGARAN CP PELL 500MG B/120,"CANCEROLOGIE, ANTINEOPLASIQUE",CAPECITABINE
2291409,CAPEN CP 25 MG B/30,"ANTIHYPERTENSEUR, INHIBITEUR DE L'ENZYME DE CONVERSION",CAPTOPRIL
8050119,CAPEN CP 50 MG B/30,"ANTIHYPERTENSEUR, INHIBITEUR DE L'ENZYME DE CONVERSION",CAPTOPRIL
8043440,CAPRAZOLE GELULE B/30,"GASTRO.E.H., ULCERE GASTRODUODENAL",OMEPRAZOLE
8155475,CAPRAZOLE INJECTABLE 40MG B/1,"GASTRO E.H, ULCERE GASTRO-DUODENALE",OMEPRAZOLE
8033619,CAPRIL 25 CP 25 MG B/30,"ANTIHYPERTENSEUR, INHIBITEUR DE L'ENZYME DE CONVERSION",CAPTOPRIL
2475974,CAPSITOP GEL,"RHUMATOLOGIE, AUTRES",DICLOFENAC + CAPSATAIN + MENTHOL + SALICYLATE
2277562,CAPSULIDE COMP 100MG B/10,ANTIINFLAMMATOIRE NON STEROIDIEN (AINS),NIMESULIDE
1526311,CAPSULIDE PLUS COMP B/20,ANTALGIQUE/ANTIPYRETIQUE + AINS,PARACETAMOL + NIMESULIDE
8129236,CAPTENOL COMP 100MG B/30,"ANTIHYPERTENSEUR, BETA-BLOQUANT",ATENOLOL
3990322,CAPTOMAX CP 25 MG B/30,"ANTIHYPERTENSEUR, INHIBITEUR DE L'ENZYME DE CONVERSION",CAPTOPRIL
3990025,CAPTOMAX CP 50 MG B/30,"ANTIHYPERTENSEUR, INHIBITEUR DE L'ENZYME DE CONVERSION",CAPTOPRIL
5611020,CAPTOPRIL DENK CP 25 MG B/20,"ANTIHYPERTENSEUR, INHIBITEUR DE L'ENZYME DE CONVERSION",CAPTOPRIL
5611000,CAPTOPRIL DENK CP 25MG B/100,"ANTIHYPERTENSEUR, INHIBITEUR DE L'ENZYME DE CONVERSION",CAPTOPRIL
8090770,CAPTOPRIL DENK +HCT CP 50MG/25MG B/30,"ANTIHYPERTENSEUR,INHIBITEUR ENZYME DE CONVERSION, DIURETIQUE",CAPTOPRIL+HYDROCHLOROTHIAZIDE
3481402,CAPTOPRIL EG CP 25 MG B/30,"ANTIHYPERTENSEUR, INHIBITEUR DE L'ENZYME DE CONVERSION",CAPTOPRIL
3480383,CAPTOPRIL EG CP 50 MG B/30,"ANTIHYPERTENSEUR, INHIBITEUR DE L'ENZYME DE CONVERSION",CAPTOPRIL
2474102,CAPTOPRIL TM COMP 25MG B/100,"ANTIHYPERTENSEUR, INHIBITEUR DE L'ENZYME DE CONVERSION",CAPTOPRIL
5611010,CAPTOPRIL+HCT DENK CP 50/25MG B/100,"ANTIHYPERTENSEUR,INHIBITEUR ENZYME DE CONVERSION, DIURETIQUE",CAPTOPRIL+HYDROCHLOROTHIAZIDE
8075285,CAPTRIM SUSP BUV 240MG/5ML F/60ML,"ANTIBIOTIQUE, SULFAMIDE",SULFAMETHOXAZOLE+TRIMETHOPRIME
3365723,CARBAMAZEPINE GH CP LP 400MG B/30,"NEUROLOGIE, ANTIEPILEPTIQUES",CARBAMAZEPINE
3354612,CARBAMAZEPINE GH CP 200 MG B/50,"NEUROLOGIE, ANTIEPILEPTIQUES",CARBAMAZEPINE
2038739,CARBEN SOL BUV FL/30 ML,"PARASITOLOGIE, ANTHELMINTIQUE",MEBENDAZOLE
3325703,CARBIGEN CP 20 MG B/30,"ENDOCRINOLOGIE, ANTI-THYROIDIEN DE SYNTHESE",CARBIMAZOLE
3314692,CARBIGEN CP 5 MG B/30,"ENDOCRINOLOGIE, ANTI-THYROIDIEN DE SYNTHESE",CARBIMAZOLE
2475997,CARBIMI CR COMPRIME 400MG BT 30,"NEUROLOGIE, ANTIEPILEPTIQUES",CARBAMAZEPINE
3018644,CARBOPHOS CP B/40,"GASTRO.E.H., TROUBLES FONCTIONNELS DIGESTIFS",CHARBON ACTIVE
3347072,CARBOPLATINE 150,"CANCEROLOGIE, ANTINEOPLASIQUE",CARBOPLATINE
3346971,CARBOPLATINE 450,"CANCEROLOGIE, ANTINEOPLASIQUE",CARBOPLATINE
3347173,CARBOPLATINE 50,"CANCEROLOGIE, ANTINEOPLASIQUE",CARBOPLATINE
3941416,CARBORIV -S SP FLACON DE 200 ML,"HEMATOLOGIE, ANTIANEMIQUE",FÉRÉDÉTATE DE SODIUM + ACIDE FOLIC + VITAMINE B12 + GLUCONATE ZINC
3941379,CARBORV GELULES B/30,"HEMATOLOGIE, ANTIANEMIQUE",CARBORIV + ACIDE FOLIQUE + SULFATE DE ZINC + VITAMINE E + DIOXIDE SELENIUM + VITAMINE B12
2477205,"CARBOSOL COLLYRE 0,5% FL/10ML","OPHTALMOLOGIE, SUPPLEANCE LACRYMALE",CARBOXYMETHYL CELLULOSE SODIQUE
3273129,CARBOSYLANE GELULE B/24,"GASTRO.E.H., TROUBLES FONCTIONNELS DIGESTIFS",SIMETHICONE+CHARBON ACTIVE
3272443,CARBOSYLANE GELULE B/48,"GASTRO.E.H., TROUBLES FONCTIONNELS DIGESTIFS",SIMETHICONE+CHARBON ACTIVE
1118271,CARBOZEN GELULE B/60,"GASTRO.E.H., TROUBLES FONCTIONNELS DIGESTIFS",CHARBON VEGETAL
2482097,CARDAL GELULE 40MG/30MG B/30,"GASTRO E.H, ULCERE GASTRO-DUODENALE",PANTOPRAZOLE + DOMPERIDONE
3007680,CARDIOTEM CP 10MG B/30,"ANTIHYPERTENSEUR, INHIBITEUR CALCIQUE",AMLODIPINE
3007697,CARDIOTEM CP 5MG B/30,"ANTIHYPERTENSEUR, INHIBITEUR CALCIQUE",AMLODIPINE
2475721,CARDIOVALAM H CPR BT30,ASSOCIATION D'ANTIHYPERTENSEURS,AMLODIPINE + VALSARTAN + HYDROCHLOROTHIAZIDE
2479911,"CARDIOZIDE-HCT COMPRIME 50MG/12,5MG B/30",ANTIHYPERTENSEUR ANTAGONISTE RECEPTEURS ANGIOTENSINE II + DIURETIQUE,LOSARTAN + HYDROCHLOROTHIAZIDE
8558902,CARDIPER PLUS CP PELLICULE 4MG/1.25MG B/30,AUTRES ASSOCIATIONS D'ANTIHYPERTENSEURS,INDAPAMIDE + PERINDOPRIL
8068380,CARDIURINE CP B/30,"ANTIHYPERTENSEUR,INHIBITEUR ENZYME DE CONVERSION, DIURETIQUE",CAPTOPRIL+HYDROCHLOROTHIAZIDE
8127473,CARDOX COMPRIMES 1MG B/30,"UROLOGIE , HYPERTROPHIE BENIGNE DE LA PROSTATE",DOXAZOSINE
8127579,CARDOX CP 4 MG B/30,"UROLOGIE , HYPERTROPHIE BENIGNE DE LA PROSTATE",DOXAZOSINE
3358601,CARDULAR CP 2 MG B/20,"UROLOGIE , HYPERTROPHIE BENIGNE DE LA PROSTATE",DOXAZOSINE
5600015,CARDULAR PP URO CP 4 MG B/28,"UROLOGIE , HYPERTROPHIE BENIGNE DE LA PROSTATE",DOXAZOSINE
3222898,CAREVA CAPSULES MOLES VAGINALES B/8,"GYNECOLOGIE,TRAITEMENT DES VULVOVAGINITES",TINIDAZOLE + MICONAZOLE + NEOMYCINE
2277579,CARMOX GELULE 500MG B/10,"ANTIBIOTIQUE, PENICILLINE + FLUIDIFIANT BRONCHIQUE",AMOXICILLINE + BROHEXINE
2296683,CARMOX SUSP 250MG/5ML FL/60ML,"ANTIBIOTIQUE, PENICILLINE + FLUIDIFIANT BRONCHIQUE",AMOXICILLINE + BROHEXINE
3278210,CARTEOL CY 1% FL/3 ML,"OPHTALMOLOGIE, ANTIGLAUCOMATEUX",CARTEOLOL
3578892,CARTEOL CY 1% LP FL/3 ML,"OPHTALMOLOGIE, ANTIGLAUCOMATEUX",CARTEOLOL
3278227,CARTEOL CY 2% FL/3 ML,"OPHTALMOLOGIE, ANTIGLAUCOMATEUX",CARTEOLOL
3578952,CARTEOL CY 2% LP FL/3 ML,"OPHTALMOLOGIE, ANTIGLAUCOMATEUX",CARTEOLOL
3135737,CARVEDI DENK CP PELLICULE 25MG B/30,"CARDIOLOGIE, TRAITEMENT DE L'INSUFFISANCE CARDIAQUE",CARVEDINOL
3180426,CARVEDI DENK CP PELLICULE 6.5MG B/30,"CARDIOLOGIE, TRAITEMENT DE L'INSUFFISANCE CARDIAQUE",CARVEDINOL
2288755,CARY COMP 500MG B/10,"ANTIBIOTIQUE, MACROLIDE",ERYTHROMYCINE
8043500,CARY PDRE P SUSP BUV 125 MG/5 ML FL/60 ML,"ANTIBIOTIQUE, MACROLIDE",ERYTHROMYCINE
8070885,CARY SUSP BUV 250MG/5ML F/60ML,"ANTIBIOTIQUE, MACROLIDE",ERYTHROMYCINE
3391633,CASODEX CP 50 MG B/30,"CANCEROLOGIE, ANTINEOPLASIQUE",BICALUTAMIDE
3130594,"CATACOL POS CY 0,1% FL/10 ML","OPHTALMOLOGIE, CATARACTE",INOSINE
2026765,"CATAFLAM SOL GTTE BUV 1,5% FL/15 ML",ANTI-INFLAMMATOIRE NON STEROIDIEN (AINS),DICLOFENAC
2256040,"CATAFLAM SUSP ORALE 1,8MG/ML FL/120 ML",ANTI-INFLAMMATOIRE NON STEROIDIEN (AINS),DICLOFENAC
5521850,"CATAPRESSAN AMP INJ 0,15 MG B/30",ANTIHYPERTENSEUR D'ACTION CENTRALE,CLONIDINE
3118127,CATAPRESSAN 0,ANTIHYPERTENSEUR D'ACTION CENTRALE,CLONIDINE
8405736,CAZITHRO CP 500 MG B/3,"ANTIBIOTIQUE, MACROLIDE",AZITHROMYCINE
8405765,CAZITHRO SUSPENSION BUVABLE 200MG/5ML FL/ 15ML,"ANTIBIOTIQUE, MACROLIDE",AZITHROMYCINE
3145041,CEBEMYXINE POM OPHT PDE OPHT T/5 G,"OPHTALMOLOGIE, ANTIBACTERIENS LOCAUX",NEOMYCINE+POLYMYXINE B
5015596,CEDROX GELULE 500 MG B/12,"ANTIBIOTIQUE, CEPHALOSPORINE",CEFADROXIL
5015598,CEDROX PDRE P SUSP BUV 250 MG/5 ML FL/60 ML,"ANTIBIOTIQUE, CEPHALOSPORINE",CEFADROXIL
5015597,CEDROX PDRE P SUSP BUV 500 MG/5 ML FL/60 ML,"ANTIBIOTIQUE, CEPHALOSPORINE",CEFADROXIL
8400621,CEDROXIL CP 500 MG B/20,"ANTIBIOTIQUE, CEPHALOSPORINE",CEFADROXIL
5660442,CEEVI COMP PELL 200MG B/10,"ANTIBIOTIQUE, CEPHALOSPORINE",CEFIXIME
8002530,CEFALORAL CP DISPERS 100 MG B/10,"ANTIBIOTIQUE, CEPHALOSPORINE",CEFIXIME
8002435,CEFALORAL CP DISPERS 200 MG B/10,"ANTIBIOTIQUE, CEPHALOSPORINE",CEFIXIME
2472002,CEFALORAL POUDRE POUR SUSP BUVABLE 40MG/ 5ML FL/40ML,"ANTIBIOTIQUE, CEPHALOSPORINE",CEFIXIME
2472001,CEFALORAL POUDRE POUR SUSP BUVABLE100MG/ 5ML FL/40ML,"ANTIBIOTIQUE, CEPHALOSPORINE",CEFIXIME
5052016,CEFAMOR GELULE 500 MG B/20,"ANTIBIOTIQUE, CEPHALOSPORINE",CEFALEXINE
2298682,CEFAMOR SIROP 125 MG F/100,"ANTIBIOTIQUE, CEFALOSPORINE",CEFALEXINE
8354571,CEFAMOR SUSP BUV 125MG FL/100ML,"ANTIBIOTIQUE, CEPHALOSPORINE",CEFALEXIME
8084060,CEFAXE COMP 200MG B/12,"ANTIBIOTIQUE, CEPHALOSPORINE",CEFIXIME
9999703,CEFAXE SUSP BUV 100 MG/5 ML FL/60 ML,"ANTIBIOTIQUE, CEPHALOSPORINE",CEFIXIME
3993989,CEFAXONE 1 G INJ IV B/1,"ANTIBIOTIQUE, CEPHALOSPORINE",CEFTRIAXONE
3991688,CEFAX-T CP 500 MG B/10,"ANTIBIOTIQUE, CEPHALOSPORINE",CEFUROXIME
8011983,CEFEXOL GELULE 400MG B/10,"ANTIBIOTIQUE, CEPHALOSPORINE",CEFIXIME
8020522,CEFEXOL SUSP BUV 100MG FL/100ML,"ANTIBIOTIQUE, CEPHALOSPORINE",CEFIXIME
8426916,CEFEZONE INJ 1 G B/1,"ANTIBIOTIQUE, CEPHALOSPORINE",CEFTRIAXONE
3310571,CEFICAP GELULES 400MG B/10,"ANTIBIOTIQUE, CEPHALOSPORINE",CEFIXIME
3178973,CEFICAP PDRE SUSP BUV 100MG/5ML F/50ML,"ANTIBIOTIQUE, CEPHALOSPORINE",CEFIXIME
3236628,CEFIDIS CP 200 MG B/10,"ANTIBIOTIQUE, CEPHALOSPORINE",CEFIXIME
1552201,CEFILEX COMP 200MG B/10,"ANTIBIOTIQUE, CEPHALOSPORINE",CEFIXIME
1552181,CEFILEX PDRE SUSP 100MG/5ML FL/60ML,"ANTIBIOTIQUE, CEPHALOSPORINE",CEFIXIME
8306023,CEFIM GELULE 200MG B/12,"ANTIBIOTIQUE, CEPHALOSPORINE",CEFIXIME
8306017,CEFIM GELULE 400MG B/6,"ANTIBIOTIQUE, CEPHALOSPORINE",CEFIXIME
8398396,CEFIM SUSP BUV 100 MG/5 ML FL/60 ML,"ANTIBIOTIQUE, CEPHALOSPORINE",CEFIXIME
2474211,CEFISON CPR 200MG BT10,"ANTIBIOTIQUE, CEPHALOSPORINE",CEFIXIME
2474209,CEFISON CPR 400MG BT5,"ANTIBIOTIQUE, CEPHALOSPORINE",CEFIXIME
2474207,CEFISON SUSPENS BUV,"GASTRO.E.H., ANTIACIDE ET PANSEMENT GASTROINTESTINAL",HYDROXYDE D'ALUMINIUM + SIMETHICONE
2484803,CEFITAX 100MG SUSP BUV FL100ML,"ANTIBIOTIQUE, CEPHALOSPORINE",CEFIXIME
2484802,CEFITAX 200MG CPR BT 10,"ANTIBIOTIQUE, CEPHALOSPORINE",CEFIXIME
3997116,CEFIWEL COMPRIME DISPERSIBLE 200MG B/10,"ANTIBIOTIQUE, CEPHALOSPORINE",CEFIXIME
3365120,CEFIX CP PELL 200 MG B/10,"ANTIBIOTIQUE, CEPHALOSPORINE",CEFIXIME
3560198,CEFIXIM GH CP 200 MG B/8,"ANTIBIOTIQUE, CEPHALOSPORINE",CEFIXIME
3560181,CEFIXIM GH SUSP BUV 100 MG/5 ML FL/60 ML,"ANTIBIOTIQUE, CEPHALOSPORINE",CEFIXIME
3804578,CEFIXIME BIOGARAN COMP 200MG B/8,"ANTIBIOTIQUE, CEFALOSPORINE",CEFIXIME
3220702,CEFIXIME SP CP PELL SEC 200 MG B/10,"ANTIBIOTIQUE, CEPHALOSPORINE",CEFIXIME
3000858,CEFIXIME SP SUSP BUV 100 MG/5 ML FL/60 ML,"ANTIBIOTIQUE, CEPHALOSPORINE",CEFIXIME
2471599,CEFIZ CPR 200MG BT10,"ANTIBIOTIQUE, CEPHALOSPORINE",CEFIXIME
2471600,CEFIZ DT CPR 100MG BT10,"ANTIBIOTIQUE, CEPHALOSPORINE",CEFIXIME
3415757,"CEFOBACTAM AMP INJ 1,5 G B/1",ASSOCIATION D'ANTIBIOTIQUES,CEFTRIAXONE + SULBACTAM
2471223,CEFOLAC CP 200 MG B/8,"ANTIBIOTIQUE, CEPHALOSPORINE",CEFIXIME
9994591,CEFOPXIM CP DISPERS 100 MG B/10,"ANTIBIOTIQUE, CEPHALOSPORINE",CEFPODOXIME
9999705,CEFORIX PDRE P SUSP BUV 125 MG/5 ML FL/60 ML,"ANTIBIOTIQUE, CEPHALOSPORINE",CEFUROXIME
3690843,CEFORTA 100MG/5ML PDRE SUSP BUV FL/60ML,"ANTIBIOTIQUE, CEPHALOSPORINE",CEFIXIME
3690741,CEFORTA 200 MG CPR DISP B/10,"ANTIBIOTIQUE, CEPHALOSPORINE",CEFIXIME
5015698,CEFOTRIX IV SOL INJ 1 G B/1,"ANTIBIOTIQUE, CEPHALOSPORINE",CEFTRIAXONE
1304431,CEFPODIM 100MG CP B/10,"ANTIBIOTIQUE, CEPHALOSPORINE",CEFPODOXIME
3991879,CEFPOWEL COMPRIME PELL 200MG B/10,"ANTIBIOTIQUE, CEPHALOSPORINE",CEFPODOXIME PROXETIL
3902517,CEFPOWEL DS PDRE P SUSP BUV 50MG FL/30ML,"ANTIBIOTIQUE, CEPHALOSPORINE",CEFPODOXIME
2477957,CEFRON PDRE POUR SOLUTION INJ 1000MG IM/IV DETAIL,"ANTIBIOTIQUE, CEPHALOSPORINE",CEFTRIAXONE
3842430,CEFRON POUDRE POUR SOLUTION INJECTABLE 1000MG IM/IV B/1,"ANTIBIOTIQUE, CEPHALOSPORINE",CEFTRIAXONE
3630280,CEFSULEX INJ IM/IV 1G/500MG FL/1,ASSOCIATION D'ANTIBIOTIQUES,CEFTRIAXONE + SULBACTAM
3220863,CEFTAZIDIME SP PDRE P SOL INJ 1000MG B/1+1,"ANTIBIOTIQUE, CEPHALOSPORINE",CEFTAZIDIME
3605703,CEFTRIAXONE BIOGARAN PDRE ET SOLVT PR SOL INJ 1G/10ML I.V B/1,"ANTIBIOTIQUE, CEPHALOSPORINE",CEFTRIAXONE
3605666,"CEFTRIAXONE BIOGARAN PDRE ET SOLVT PR SOL INJ 1G/3,5ML I.M B/1","ANTIBIOTIQUE, CEPHALOSPORINE",CEFTRIAXONE
2472983,CEFTRIAXONE IG 1000MG INJ BT1,"ANTIBIOTIQUE, CEPHALOSPORINE",CEFTRIAXONE
8066470,CEFTRIAXONE SODIQUE TM PDRE P P INJ IM / IV 1G B/1,"ANTIBIOTIQUE, CEPHALOSPORINE",CEFTRIAXONE
3220825,CEFTRIAXONE SP PDRE P SOL INJ 1000MG IM/IV B/ 1+1,"ANTIBIOTIQUE, CEPHALOSPORINE",CEFTRIAXONE
3220788,CEFTRIAXONE SP PDRE P SOL INJ 500MG IM/IV B/ 1+1,"ANTIBIOTIQUE, CEPHALOSPORINE",CEFTRIAXONE
8043546,CEFTRIAZ PDRE P P INJ 1G B/1,"ANTIBIOTIQUE, CEPHALOSPORINE",CEFTRIAXONE
8043523,CEFTRIAZ PDRE P P INJ 500 MG B/1,"ANTIBIOTIQUE, CEPHALOSPORINE",CEFTRIAXONE
2274428,CEFTRIAZ INJECTABLE 250MG B/1,"ANTIBIOTIQUE, CEPHALOSPORINE",CEFTRIAXONE
9108181,CEFTRIMAX SOL INJ 1 G B/1,"ANTIBIOTIQUE, CEPHALOSPORINE",CEFTRIAXONE
2287796,CEFTROX INJ 1 G B/1,"ANTIBIOTIQUE, CEPHALOSPORINE",CEFTRIAXONE
5601080,CEFTROX PDRE P P INJ 250 MG B/1,"ANTIBIOTIQUE, CEPHALOSPORINE",CEFTRIAXONE
5601090,CEFTROX PDRE P P INJ 250 MG B/1,"ANTIBIOTIQUE, CEPHALOSPORINE",CEFTRIAXONE
3300213,CEFUAXIT CP PELL 500 MG B/10,"ANTIBIOTIQUE, CEPHALOSPORINE",CEFUROXIME
3300251,CEFUAXIT INJ 750MG IV/IM B/1,"ANTIBIOTIQUE, CEPHALOSPORINE",CEFUROXIME
3220986,CEFUROXIME SP PDRE P SOL INJ 750MG IM/IV B/ 1+1,"ANTIBIOTIQUE, CEPHALOSPORINE",CEFUROXIME
3220948,CEFUROXIME SP CP PELL 500 MG B/10,"ANTIBIOTIQUE, CEPHALOSPORINE",CEFUROXIME
3220900,CEFUROXIME SP CP 250 MG B/10,"ANTIBIOTIQUE, CEPHALOSPORINE",CEFUROXIME
2268563,CELEBID CP 100 MG B/20,ANTI-INFLAMMATOIRE NON STEROIDIEN (AINS),CELECOXIB
8016092,CELEBREX GELULE 200 MG B/10,ANTI-INFLAMMATOIRE NON STEROIDIEN (AINS),CELECOXIB
3000137,CELECOXIB BIOGARAN COMP 100MG B/30,ANTI-INFLAMMATOIRE NON STEROIDIEN (AINS),CELECOXIB
3001332,CELECOXIB BIOGARAN COMP 200MG B/30,ANTI-INFLAMMATOIRE NON STEROIDIEN (AINS),CELECOXIB
3990299,CELECOXIB SP GELULE 200 MG B/20,ANTI-INFLAMMATOIRE NON STEROIDIEN (AINS),CELECOXIB
8018666,CELECOXIB-HAKIM GELULE 100 MG B/30,ANTI-INFLAMMATOIRE NON STEROIDIEN (AINS),CELECOXIB
3019454,CELESTAMINE CP B/30,ANTI-INFLAMMATOIRE STEROIDIEN(AIS) + ANTIHISTAMINIQUE H1,DEXCHLORPHENIRAMINE+BETAMETHASONE
3019460,CELESTENE AMP INJ 4 MG B/3,ANTI-INFLAMMATOIRE STEROIDIEN (AIS),BETAMETHASONE
3274643,CELESTENE AMP INJ 8 MG B/1,ANTI-INFLAMMATOIRE STEROIDIEN (AIS),BETAMETHASONE
3412447,CELESTENE CP DISPERS 2 MG B/20,ANTI-INFLAMMATOIRE STEROIDIEN (AIS),BETAMETHASONE
3019508,"CELESTENE SOL BUV 0,05% FL/30 ML",ANTI-INFLAMMATOIRE STEROIDIEN (AIS),BETAMETHASONE
4215766,CELLTRIAXON 1G AMP INJ B/1,ANTIBIOTIQUE CEPHALOSPORINE,CEFTRIAXONE
2475415,CELOFEN GELULE 100MG B/20,ANTI INFLAMMATOIRE NON STEROIDIEN (AINS),CELECOXIB
2475419,CELOFEN GELULE 200MG B/20,ANTI INFLAMMATOIRE NON STEROIDIEN (AINS),CELECOXIB
8986898,CELOXX GÉLULES 200MG BTE 10,ANTI-INFLAMMATOIRE NON STEROIDIEN (AINS),CELECOXID
8761347,CELOXX GÉLULES 200MG BTE 20,ANTI-INFLAMMATOIRE NON STEROIDIEN (AINS),CELECOXID
8816476,CELOXX GÉLULES 200MG BTE 30,ANTI-INFLAMMATOIRE NON STEROIDIEN (AINS),CELECOXID
8063129,CEPODEM CP 200 MG B/10,"ANTIBIOTIQUE, CEPHALOSPORINE",CEFPODOXIME
4210579,CEPODEM SUSP BUV FL/100 ML,"ANTIBIOTIQUE, CEPHALOSPORINE",CEFPODOXIME
3884102,CEPOXIME COMPRIMES 200MG B/10,"ANTIBIOTIQUE, CEPHALOSPORINE",CEFPODOXIME
3884104,CEPOXIME POUDRE POUR SUSP BUVABLE 100MG/ 5ML FL/60ML,"ANTIBIOTIQUE, CEPHALOSPORINE",CEFPODOXIME
3020049,CERULYSE SOL AURIC FL/10 ML,"ORL, BOUCHON DE CERUMEN",HYDRASTINE
2474072,CETAFF COMP 500 MG /50 MG B/30,ANTALGIQUE/ANTIPYRETIQUE,PARACETAMOL + CAFEINE
8013887,CETAFOR INJ IV 1G B/1,"ANTIBIOTIQUE, CEPHALOSPORINE",CEFTRIAXONE
8013858,CETAFOR INJ 1G IM B/1,"ANTIBIOTIQUE, CEPHALOSPORINE",CEFTRIAXONE
8013829,CETAFOR SOL INJ 500MG IV B/1,"ANTIBIOTIQUE, CEPHALOSPORINE",CEFTRIAXONE
8013769,CETAFOR SOL INJ 500MG IM B/1,"ANTIBIOTIQUE, CEPHALOSPORINE",CEFTRIAXONE
3550748,CETALGIC GELULES 1000MG B/12,ANTALGIQUE/ANTIPYRETIQUE,PARACETAMOL
2472813,CETALGIC 1 G/100ML SOL POUR PERFUSION FL/ 100ML,ANTALGIQUE/ANTIPYRETYQUE,PARACETAMOL
2471558,CETALGIC 500MG GELULE B/16,ANTALGIQUE/ANTIPYRETYQUE,PARACETAMOL
6190226,CETAMYL CP EFF 500 MG B/16,ANTALGIQUE/ANTIPYRETIQUE,PARACETAMOL
6191438,CETAMYL CP 1000MG B/10,ANTALGIQUE/ANTIPYRETIQUE,PARACETAMOL
6190219,CETAMYL CP 500 MG B/20,ANTALGIQUE/ANTIPYRETIQUE,PARACETAMOL
6191520,CETAMYL PDRE P SUSP BUV 300 MG/SACH B/12,ANTALGIQUE/ANTIPYRETIQUE,PARACETAMOL
6191544,CETAMYL PEDIATRIQUE SOL BUV 3% FL/90 ML,ANTALGIQUE/ANTIPYRETIQUE,PARACETAMOL
6191469,CETAMYL SUPPO 150MG B/10,ANTALGIQUE/ANTIPYRETIQUE,PARACETAMOL
3020061,"CETAVLON CREME 0,5% T/80 G","DERMATOLOGIE, ANTIBACTERIEN LOCAL",CETRIMIDE
3020090,"CETAVLON SOL P APPL CUT 0,5% FL/100 ML","DERMATOLOGIE, ANTISEPTIQUE LOCAL",CETRIMIDE
2288810,CETAZONE PDRE P P INJ IM / IV 1G B/1,"ANTIBIOTIQUE, CEPHALOSPORINE",CEFTRIAXONE
8043078,CETAZONE PDRE P P INJ IM / IV 500MG B/1,"ANTIBIOTIQUE, CEPHALOSPORINE",CEFTRIAXONE
2288809,CETAZONE IM/IV AMP INJ 250 MG B/1,"ANTIBIOTIQUE, CEPHALOSPORINE",CEFTRIAXONE
8482553,CETICAD SIROP FL/60 ML,"ALLERGOLOGIE,ANTIHISTAMINIQUE",CETIRIZINE
3058114,CETIX CP 10 MG B/10,"ALLERGOLOGIE,ANTIHISTAMINIQUE",CETIRIZINE
3058126,CETIX CP 10 MG B/7,"ALLERGOLOGIE, ANTIHISTAMINIQUE",CETIRIZINE
2026920,CETRAXAL COMP 500 MG B/10,"ANTIBIOTIQUE, QUINOLONE",CIPROFLOXACINE
2293957,CETRAXAL COMP 750 MG B/10,"ANTIBIOTIQUE,QUINOLONE",CIPROFLOXACINE
8003854,CETRAXAL OTICO SOL AURIC FL/10 ML,"ORL, OTITES",CIPROFLOXACINE
8061768,CETRAXAL PLUS SOL AURIC FL/10 ML,"ORL, OTITE EXTERNE, ANTIBIOTIQUE + CORTICOIDE",CIPROFLOXACINE+FLUOCINOLONE ACETONIDE
2473762,CEXIME COMP 200 MG B/10,"ANTIBIOTIQUE, CEPHALOSPORINE",CEFIXIME
2473763,CEXIME DS PDR SUSP BUV 100 MG F/100 ML,"ANTIBIOTIQUE, CEPHALOSPORINE",CEFIXIME
8456378,CEXIME DT 100 MG CP BT 20,"ANTIBIOTIQUE, CEPHALOSPORINE",CEFIXIME
3203620,CEXOLAN CY 50µG/ML FL/2.5ML,"OPHTALMOLOGIE, ANTIGLAUCOMATEUX",LATANOPROST
3320297,CFR COMPRIMES PELLICULES SECABLES 250MG B/ 10,"ANTIBIOTIQUE, CEPHALOSPORINE",CEFUROXIME
2269574,CHERICOF SIROP FL/100 ML,"PNEUMOLOGIE, ANTITUSSIF",CHLORPHENIRAMINE+DEXTROMETORPHANE +PHENYLEPHRINE
3850992,CHERRY 160 / 5.5 / 1.125MG / 15ML SP F / 200ML,"HEMATOLOGIE, ANTIANEMIQUE",FER + ACIDE FOLIQUE + VIT B12
2487343,CHEWRON 50MG/5ML SIROP FL/120ML,"HEMATOLOGIE, ANTIANEMIQUE",HYDROXYDE POLYMALTOSE DE FER
3021741,CHIBRO CADRON CY FL/5 ML,"OPHTALMOLOGIE, ANTI-INFLAMMATOIRES ET ANTIBACTERIENS LOCAUX",NEOMYCINE + DEXAMETHASONE
3352484,CHIBROPROSCAR CP ENR 5 MG B/28,"UROLOGIE , HYPERTROPHIE BENIGNE DE LA PROSTATE",FINASTERIDE
3313225,CHIBROXINE CY FL/5 ML,"OPHTALMOLOGIE, ANTIBACTERIENS LOCAUX",NORFLOXACINE
3015438,CHINTER CP 40 MG/240 MG B/12,"PARASITOLOGIE, ANTIPALUDIQUE",ARTEMETHER+LUMEFANTRINE
3272176,CHINTER CP 80/480 MG B/6,"PARASITOLOGIE, ANTIPALUDIQUE",ARTEMETHER+LUMEFANTRINE
3021830,CHLORAMINOPHENE CP 2 MG B/30,"CANCEROLOGIE, ANTINEOPLASIQUE",CHLORAMBUCIL
3302026,CHOCOFER SIROP FL/200 ML,"HEMATOLOGIE, ANTIANEMIQUES",HYDROXYDE POLYMALTOSE DE FER+ACIDE FOLIQUE
8418839,CHOLESTROM COMP 10MG B/30,HYPOLIPEMIANT,ATORVASTATINE
8418845,CHOLESTROM COMP 20MG B/30,HYPOLIPEMIANT,ATORVASTATINE
8180295,CICALFER CP 100MG/1,"HEMATOLOGIE, ANTI ANEMIQUE",ASCORBATE FERREUX + ACIDE FOLIQUE
9000153,CICALFER SIROP 110MG,"HEMATOLOGIE, ANTI ANEMIQUE",ASCORBATE FERREUX + ACIDE FOLIQUE
2484205,CICATREX POUDRE TUBE DE 20 G,"DERMATOLOGIE, ANTIBACTERIEN LOCAL",NEOMYCINE + BACITRACINE
2473677,CICIAN 500MG CP B/10,ANTALGIQUE/ANTIPYRETYQUE,PARACETAMOL
3271674,CICLOVIRAL CP 200 MG B/25,ANTIVIRAUX,ACICLOVIR
3271711,CICLOVIRAL CP 400 MG B/25,ANTIVIRAUX,ACICLOVIR
3271759,CICLOVIRAL CP 800 MG B/25,ANTIVIRAUX,ACICLOVIR
3271797,CICLOVIRAL CREME 5% T/10 G,ANTIVIRAUX,ACICLOVIR
8425153,CIDINE CP 1 MG B/50,"GASTRO.E.H., TROUBLES FONCTIONNELS DIGESTIFS",CINITAPRIDE
1251071,CIELCEF CP PELL 400MG B/10,"ANTIBIOTIQUE, CEPHALOSPORINE",CEFIXIME
8124687,CIELCEF CP 200 MG B/10,"ANTIBIOTIQUE, CEPHALOSPORINE",CEFIXIME
8124693,CIELCEF PDRE P SUSP BUV FL/60 ML,"ANTIBIOTIQUE, CEPHALOSPORINE",CEFIXIME
8124701,CIELNAC CP B/10,ANTALGIQUE/ANTIPYRETIQUE + AINS,ACECLOFENAC + PARACETAMOL
1253310,CIELNAC CP B/10,ANTALGIQUE/ANTIPYRETIQUE + AINS,ACECLOFENAC + PARACETAMOL + SERRAPEPTIDASE
9925211,CIELPAZ AMP INJ 40 MG B/1,"GASTRO E H , ULCERE GASTRO-DUODENALE",PANTOPRAZOLE
8124718,CIELPRAZ CP 40MG B/10,"GASTRO.E.H., ULCERE GASTRODUODENAL",PANTOPRAZOLE
8181099,CIELPRAZ D 40MG/30MG CP B/10,"GASTRO ENTEROL H, ULCERE GASTRO-DUODENAL",PANTOPRAZOLE + DOMPERIDONE
1277691,CIELSUNATE PDRE P P INJ 120 MG B/1,"PARASITOLOGIE, ANTIPALUDIQUE",ARTESUNATE
3113332,CIFLUZOLE CP 150 MG B/4,ANTIFONGIQUE SYSTEMIQUE,FLUCONAZOLE
5805020,CIFRAN CT CP 500 MG B/10,ANTIBIOTIQUE ET ANTIPARASITAIRE,CIPROFLOXACINE+TINIDAZOLE
2299983,CIFRAN OD CP PELLICULE 1000MG B/10,"ANTIBIOTIQUE, QUINOLONE",CIPROFLOXACINE
2027279,CIFRAN 500MG CPR B/10,"ANTIBIOTIQUE, QUINOLONE",CIPROFLOXACINE
2477287,CILENEM PDRE POUR SOL PR PERFUSION 500MG/ 500MG IV B/1,ASSOCIATION D'ANTIBIOTIQUES,CILASTATINE + IMIPENEME
5050067,CILOPER GELULE 2 MG B/20,"GASTRO.E.H., ANTI- DIARRHEIQUE",LOPERAMIDE
3373753,"CILOXAN CY 0,3% FL/5 ML","OPHTALMOLOGIE, ANTIBACTERIENS LOCAUX",CIPROFLOXACINE
5050063,CIMETROL CP 500 MG B/20,ANTIBIOTIQUE ET ANTIPARASITAIRE,METRONIDAZOLE
5050065,CIMOXYL GELULE 500 MG B/12,"ANTIBIOTIQUE, PENICILLINE",AMOXICILLINE
3271636,CINET CP 10 MG B/10,"GASTRO.E.H., NAUSEES ET VOMISSEMENTS",DOMPERIDONE
8003239,CINET SANS SUCRE SUSP BUV 1MG/ML FL/200ML,"GASTRO.E.H., NAUSEES ET VOMISSEMENTS",DOMPERIDONE
2254911,CINET SOL BUV FL/200 ML,"GASTRO.E.H., NAUSEES ET VOMISSEMENTS",DOMPERIDONE
8016489,CINFATOS COMPLEX SIROP FL/125 ML,"ORL,ANTI-GRIPPE,ANTI-RHUME",PARACETAMOL+DEXTROMETORPHANE +PSEUDOEPHEDRINE
8016503,CINFATOS JARABE SIROP FL/125 ML,"PNEUMOLOGIE, ANTITUSSIF",DEXTROMETORPHANE
3855737,CINOD COMPRIME 10MG B/30,ANTIHYPERTENSEUR INHIBITEUR CALCIQUE,CLINIDIPINE
2478905,CINOD COMPRIME 5MG B/30,ANTIHYPERTENSEUR INHIBITEUR CALCIQUE,CLINIDIPINE
2482808,CINOD 20MG,"ANTIHYPERTENSEUR, INHIBITEUR CALCIQUE",CILNIDIPINE
8082032,CIPHACET CP 500 MG B/24,ANTALGIQUE/ANTIPYRETIQUE,PARACETAMOL
8068144,CIPHACET SUPPO 150MG B/10,ANTALGIQUE/ANTIPYRETIQUE,PARACETAMOL
8070951,CIPHACET SUPPO 300 MG B/10,ANTALGIQUE/ANTIPYRETIQUE,PARACETAMOL
8081860,CIPHACET 3% ENFANT SOL BUV 3% FL/90 ML,ANTALGIQUE/ANTIPYRETIQUE,PARACETAMOL
2296045,CIPHASPIRE CP 500 MG PLAQUETTE DE 10,ANTALGIQUE/ANTIPYRETIQUE,ACIDE ACETYLSALICYLIQUE
8427525,"CIPLUME 0,3% COLLYRE FLACON DE 5ML","OPHTALMOLOGIE, ANTIBACTERIEN LOCAL",CIPROFLOXACINE
3080559,CIPOTAX CP PELL B/30,ANTIBIOTIQUE ET ANTIPARASITAIRE,CIPROFLOXACINE+TINIDAZOLE
3910109,CIPRAL 500 MG COMPRIMÉS PLAQUETTE DE 10,"ANTIBITIQUE, QUINOLONE",CIPROFLOXACINE
1336091,CIPRIN COMP 250MG PLAQUETTE DE 10,"ANTIBIOTIQUE, QUINOLONE",CIPROFLOXACINE
1336101,CIPRIN INJECTABLE 200MG FL/100ML,"ANTIBIOTIQUE, QUINOLONE",CIPROFLOXACINE
1336111,CIPRIN-TZ COMP 500MG/600MG PLAQUETTE DE 10,ASSOCIATION D'ANTIBIOTIQUES,CIPROFLOXACINE + TINIDAZOLE
2291579,"CIPRO CY 0,3% FL/5 ML","OPHTALMOLOGIE, ANTIBACTERIENS LOCAUX",CIPROFLOXACINE
5611040,CIPRO DENK CP 500 MG B/10,"ANTIBIOTIQUE, QUINOLONE",CIPROFLOXACINE
3339909,CIPRO DENK CP 750MG B/10,"ANTIBIOTIQUE, QUINOLONE",CIPROFLOXACINE
3321669,CIPROAS-TZ COMPRIMES 500MG/600MG B/20,ANTIBIOTIQUE ET ANTIPARASITAIRE,CIPROFLOXACINE+TINIDAZOLE
2024879,CIPROBAY CP 500 MG B/10,"ANTIBIOTIQUE, QUINOLONE",CIPROFLOXACINE
4488428,"CIPROCON COLLYRE 0,3% FL/5ML","OPHTALMOLOGIE, ANTIBACTERIEN LOCAL",CIPROFLOXACINE
3554395,CIPROFLOXACIN AFRICURE 500MG CPR B / 10,"ANTIBIOTIQUE, QUINOLONE",CIPROFLOXACINE
1448721,CIPROFLOXACIN VIR COMP 250MG B/30,"ANTIBIOTIQUE, QUINOLONE",CIPROFLOXACINE
1448731,CIPROFLOXACIN VIR COMP 500MG B/30,"ANTIBIOTIQUE, QUINOLONE",CIPROFLOXACINE
4004291,CIPROFLOXACIN 200MG/100ML SOLUTION POUR PERFUSION I.V FL/100ML,"ANTIBIOTIQUE, QUINOLONE",CIPROFLOXACINE
3322871,CIPROFLOXACINE GP CP 500 MG B/16,"ANTIBIOTIQUE, QUINOLONE",CIPROFLOXACINE
2474099,CIPROFLOXACINE TM COMP 500MG B/10,"ANTIBIOTIQUE, QUINOLONE",CIPROFLOXACINE
8054171,CIPROFLOXACINE UBI CP 750 MG B/10,"ANTIBIOTIQUE, QUINOLONE",CIPROFLOXACINE
8028699,CIPROGLEN SOL INJ 200MG FL/100ML,"ANTIBIOTIQUE, QUINOLONE",CIPROFLOXACINE
8028707,CIPROGLEN 500 CP 500 MG B/10,"ANTIBIOTIQUE, QUINOLONE",CIPROFLOXACINE
3062616,CIPROLON CP 500 MG B/14,"ANTIBIOTIQUE, QUINOLONE",CIPROFLOXACINE
3062654,CIPROLON CP 750 MG B/14,"ANTIBIOTIQUE, QUINOLONE",CIPROFLOXACINE
8074972,CIPROMED TZ CPR B/10,ASSOCIATION D’ANTIBIOTIQUES,CIPROFLOXACINE + TINIDAZOE
8074937,CIPROMED 500 MG CPR B/10,"ANTIBIOTIQUE, QUINOLONE",CIPROFLOXACINE
8005646,CIPRONAT CP 250 MG B/14,"ANTIBIOTIQUE, QUINOLONE",CIPROFLOXACINE
8005681,CIPRONAT CP 500 MG B/14,"ANTIBIOTIQUE, QUINOLONE",CIPROFLOXACINE
8005729,CIPRONAT CP 750 MG B/14,"ANTIBIOTIQUE, QUINOLONE",CIPROFLOXACINE
8410418,CIPRONAT INJ IV 200MG B/1,"ANTIBIOTIQUE, QUINOLONE",CIPROFLOXACINE
9999710,CIPROPUR CP PELL 500 MG B/10,"ANTIBIOTIQUE, QUINOLONE",CIPROFLOXACINE
5803070,CIPROX CP 500 MG B/10,"ANTIBIOTIQUE, QUINOLONE",CIPROFLOXACINE
5613090,CIPROZOLE FORTE CP 500/600MG B/10,ANTIBIOTIQUE ET ANTIPARASITAIRE,CIPROFLOXACINE+TINIDAZOLE
8040996,CIPTIN CP 250 MG B/10,ANTIBIOTIQUE ET ANTIPARASITAIRE,CIPROFLOXACINE+TINIDAZOLE
8041010,CIPTIN FORTE CP B/10,ANTIBIOTIQUE ET ANTIPARASITAIRE,CIPROFLOXACINE+TINIDAZOLE
1526321,CIPTIN PLUS COMP B/12,ASSOCIATION D’ANTIBIOTIQUES,CIPROFLOXACINE + TINIDAZOLE + FLUCONAZOLE
3346668,CISPLATINE INJ 100,"CANCEROLOGIE, ANTINEOPLASIQUE",CISPLATINE
3346466,CISPLATINE INJ 25,"CANCEROLOGIE, ANTINEOPLASIQUE",CISPLATINE
3346567,CISPLATINE INJ 50,"CANCEROLOGIE, ANTINEOPLASIQUE",CISPLATINE
3301982,CITAL SIROP 1370MG/5ML FL/100ML,ALCANISANT URINAIRE,CITRATE DISSODIQUE D'HYDROGENE
3630143,CITINEX COMP 500MG/600MG B/30,ASSOCIATION D’ANTIBIOTIQUES,CIPROFLOXACINE + TINIDAZOLE
8099529,CITRATE FERRIQUE D'AMMONIUM SOL BUV FL/200 ML,"HEMATOLOGIE, ANTIANEMIQUES",FER FERREUX+ACIDE FOLIQUE+CYANOCOBALAMINE
2027351,CITROSYL SOL P APPL LOC FL/120 ML,"DERMATOLOGIE, ANTISEPTIQUE LOCAL",AMPHOLYTE G
8304952,CIVASTINE CP PELL 10 MG B/28,HYPOLIPEMIANT,SIMVASTATINE
8304975,CIVASTINE CP PELL 20 MG B/14,HYPOLIPEMIANT,SIMVASTATINE
8304969,CIVASTINE CP PELL 20 MG B/28,HYPOLIPEMIANT,SIMVASTATINE
8305124,CIVASTINE CP PELL 40 MG B/28,HYPOLIPEMIANT,SIMVASTATINE
3233348,CLAFORAN IM PDRE P P INJ 1G B/1,"ANTIBIOTIQUE, CEPHALOSPORINE",CEFOTAXIME
3233325,CLAFORAN IV PDRE P P INJ 1G B/1,"ANTIBIOTIQUE, CEPHALOSPORINE",CEFOTAXIME
3233331,CLAFORAN PDRE P P INJ 500 MG B/1,"ANTIBIOTIQUE, CEPHALOSPORINE",CEFOTAXIME
3320768,CLAMOXYL CP DISPERS 1 G B/12,"ANTIBIOTIQUE, PENICILLINE",AMOXICILLINE
3158753,CLAMOXYL GELULE 500 MG B/12,"ANTIBIOTIQUE, PENICILLINE",AMOXICILLINE
3233207,CLAMOXYL PDRE P P INJ 1G B/1,"ANTIBIOTIQUE, PENICILLINE",AMOXICILLINE
3211105,CLAMOXYL PDRE P SUSP BUV 125 MG/5 ML FL/60 ML,"ANTIBIOTIQUE, PENICILLINE",AMOXICILLINE
3211128,CLAMOXYL PDRE P SUSP BUV 250 MG/5 ML FL/60 ML,"ANTIBIOTIQUE, PENICILLINE",AMOXICILLINE
3230002,CLAMOXYL PDRE P SUSP BUV 500 MG/5 ML FL/60 ML,"ANTIBIOTIQUE, PENICILLINE",AMOXICILLINE
3273649,CLARADOL CP EFF 500 MG B/16,ANTALGIQUE/ANTIPYRETIQUE,PARACETAMOL
3210321,CLARICIN CP 500 MG B/10,"ANTIBIOTIQUE, MACROLIDE",CLARITHROMYCINE
8095402,CLARITHRO CP PELL 500 MG B/14,"ANTIBIOTIQUE, MACROLIDE",CLARITHROMYCINE
8097619,CLARITHRO PDRE P SUSP BUV 125 MG/5 ML FL/60 ML,"ANTIBIOTIQUE, MACROLIDE",CLARITHROMYCINE
3560204,CLARITHROMYCIN GH CP 500 MG B/14,"ANTIBIOTIQUE, MACROLIDE",CLARITHROMYCINE
3849813,CLARITHROMYCINE BIOGARAN CP 250MG B/10,"ANTIBIOTIQUE, MACROLIDE",CLARITHROMYCINE
3849150,CLARITHROMYCINE BIOGARAN CP 500MG B/10,"ANTIBIOTIQUE, MACROLIDE",CLARITHROMYCINE
1448741,CLARITHROMYCINE VIR COMP 500MGB/14,"ANTIBIOTIQUE, MACROLIDE",CLARITHROMYCINE
8065370,CLARITOX CP 500 MG B/10,"ANTIBIOTIQUE, MACROLIDE",CLARITHROMYCINE
5602020,CLARITOX CP 500 MG B/20,"ANTIBIOTIQUE, MACROLIDE",CLARITHROMYCINE
4216369,CLARITRON 500MG CPR B/10,"ANTIBIOTIQUE, MACROLIDE",CLARITHROMYCINE
1266571,CLARIUS CP PELL 5MG B/15,"ALLERGOLOGIE,ANTIHISTAMINIQUE",DESLORATADINE
1266561,CLARIUS SOL BUV FL/150 ML,"ALLERGOLOGIE,ANTIHISTAMINIQUE",DESLORATADINE
8306075,CLARIVA CP 250 MG B/14,"ANTIBIOTIQUE, MACROLIDE",CLARITHROMYCINE
8305952,CLARIVA CP 500 MG B/14,"ANTIBIOTIQUE, MACROLIDE",CLARITHROMYCINE
2269746,CLARIWIN CP PELL 500 MG B/10,"ANTIBIOTIQUE, MACROLIDE",CLARITHROMYCINE
8409415,CLARTEC COMP 10MG B/15,"ALLERGOLOGIE, ANTIHISTAMINIQUE",LORATADINE
3033883,CLARTEC SOL BUV 5MG/5ML FL/120ML,"ALLERGOLOGIE,ANTIHISTAMINIQUE",LORATIDINE
2473097,CLARTEC 10 MG COMPRIME B/30,"ALLERGOLOGIE, ANTIHISTAMINIQUE",LORATADINE
8177218,"CLARUS SOLUTION BUVABLE 0,5MG/ML FL /150ML","ALLERGOLOGIE,ANTIHISTAMINIQUE",DESLORATADINE
8092906,CLAVAM CP PELL 1125MG B/12,"ANTIBIOTIQUE, PENICILLINE",AMOXICILLINE+ACIDE CLAVULANIQUE
8092881,"CLAVAM CP 562,5 MG B/16","ANTIBIOTIQUE, PENICILLINE",AMOXICILLINE+ACIDE CLAVULANIQUE
8092882,CLAVAM PDRE P SUSP BUV 281.25MG FL/60ML,"ANTIBIOTIQUE, PENICILLINE",AMOXICILLINE+ACIDE CLAVULANIQUE
8092875,CLAVAM PDRE P SUSP BUV 500 MG/5 ML FL/60 ML,"ANTIBIOTIQUE, PENICILLINE",AMOXICILLINE+ACIDE CLAVULANIQUE
3209335,CLAVAM PDRE PR SUSP INJ 1000MG/200MG IV B/1,"ANTIBIOTIQUE, PENICILLINE",AMOXICILLINE+ACIDE CLAVULANIQUE
3144236,CLAVAM PDRE SUSP BUV SACH 1G/125MG B/16,"ANTIBIOTIQUE, PENICILLINE",AMOXICILLINE + ACIDE CLAVULANIQUE
8098151,CLAVAM 375 CP PELL 375 MG B/10,"ANTIBIOTIQUE, PENICILLINE",AMOXICILLINE+ACIDE CLAVULANIQUE
4216381,CLAVICIN INJ 1G/200 MG B/1,"ANTIBIOTIQUE, PENICILLINE",AMOXICILLINE+ACIDE CLAVULANIQUE
3136409,CLAVICIN-XR CP 1000MG B/10,"ANTIBIOTIQUE, PENICILLINE",AMOXICILLINE+ACIDE CLAVULANIQUE
2482897,CLAVISAC SACHET 1G/125MG POUDRE POUR SUSP BUVABLE B/12,"ANTIBIOTIQUE, PENICILLINE",AMOXICILLINE + ACIDE CLAVULANIQUE
8576228,"CLAVOR COMPRIME 500/62,5BTE 24","ANTIBIOTIQUE, PENICILLINE",AMOXICILINE + ACIDE CLAVULANIQUE
8113275,"CLAVOR PDRE POUR SUSPENSION 100/12,MG","ANTIBIOTIQUE, PENICILLINE",AMOXICILINE + ACIDE CLAVULANIQUE
8461353,CLAVOR SACHETS 1/125MG BTE 12,"ANTIBIOTIQUE, PENICILLINE",AMOXICILINE + ACIDE CLAVULANIQUE
8075931,"CLAVUJECT INJ 1,2G B/1","ANTIBIOTIQUE, PENICILLINE",AMOXICILLINE+ACIDE CLAVULANIQUE
2024140,CLAVULIN PDRE P P INJ 1G B/1,"ANTIBIOTIQUE, PENICILLINE",AMOXICILLINE+ACIDE CLAVULANIQUE
5015705,"CLAVULIN 100/12,5 PDRE P SUSP BUV ENF FL/60 ML","ANTIBIOTIQUE, PENICILLINE",AMOXICILLINE+ACIDE CLAVULANIQUE
5015706,"CLAVULIN 500/62,5 CP ENR B/16","ANTIBIOTIQUE, PENICILLINE",AMOXICILLINE+ACIDE CLAVULANIQUE
2038840,"CLAVUMOCCID CP PELL 500MG/62,5MG B/12","ANTIBIOTIQUE, PENICILLINE",AMOXICILLINE+ACIDE CLAVULANIQUE
8405021,CLAVUMOCCID 1G/125MG CPR B/20,"ANTIBIOTIQUE, PENICILLINE",AMOXICILLINE + ACIDE CLAVULANIQUE
2473626,"CLAVUMOCCID 500MG/62,5MG PDRE BUV SACH/20","ANTIBIOTIQUE, PENICILLINE",AMOXICILLINE + ACIDE CLAVULANIQUE
8019016,"CLAXY INJECTABLE 1,2 MG B/1","ANTIBIOTIQUE, PENICILLINE",AMOXICILINE + ACIDE CLAVULANIQUE
8031626,CLAXY 1000MG/125 MG CP B/10,"ANTIBIOTIQUE, PENICILLINE",AMOXICILINE + ACIDE CLAVULANIQUE
8066694,"CLAXY 500MG/62,5 MG CP B/10","ANTIBIOTIQUE, PENICILLINE",AMOXICILINE + ACIDE CLAVULANIQUE
8513207,CLEDOMOX CP 1G/125MG B/16,"ANTIBIOTIQUE, PENICILLINE",AMOXICILLINE+ACIDE CLAVULANIQUE
8513130,"CLEDOMOX CP 562,5 MG B/16","ANTIBIOTIQUE, PENICILLINE",AMOXICILLINE+ACIDE CLAVULANIQUE
8508324,CLEDOMOX PDRE P SUSP BUV 281.25MG FL/60ML,"ANTIBIOTIQUE, PENICILLINE",AMOXICILLINE+ACIDE CLAVULANIQUE
8513319,CLEDOMOX PDRE P SUSP BUV 562.5MG FL/60ML,"ANTIBIOTIQUE, PENICILLINE",AMOXICILLINE+ACIDE CLAVULANIQUE
3360437,CLIMENE CP ENR 1 MG B/21,"GYNECOLOGIE,TRAITEMENTS DE LA MENOPAUSE",CYPROTERONE+ESTRADIOL
3484524,CLIPTOL GEL P APPL LOC T/50 G,ANTI-INFLAMMATOIRE NON STEROIDIEN (AINS),IBUPROFENE+LEVOMENTHOL
3647806,CLIQ 1000 MG/125 MG CPR PELL B/14,"ANTIBIOTIQUE, PENICILLINE",AMOXICILLINE + ACIDE CLAVULANIQUE
9117712,CLOACE CP B/30,"HEMOSTASE, ANTIAGREGANT PLAQUETTAIRE",CLOPIDOGREL + ASPIRINE
3810309,CLOBEX CREME 0.05% TUBE DE 30G,"DERMATOLOGIE, DERMOCORTICOIDE",PROPINATE DE CLOBETASOL
8068412,CLOFAINS CP B/10,ANTALGIQUE/ANTIPYRETIQUE + AINS,PARACETAMOL+DICLOFENAC
3262566,CLOMED CREME T/30 G,"DERMATOLOGIE,DERMOCORTICOIDE(AIS)",CLOBETASOL
3262559,CLOMED PDE T/30 G,"DERMATOLOGIE,DERMOCORTICOIDE(AIS)",CLOBETASOL
3910017,CLOPA COMPRIME 75MG B/30,"HEMOSTASE, ANTIAGREGANTS PLAQUETTAIRES",CLOPIDOGREL
2481234,CLOPA 100MG/500MG CPR BLISTER DE 10,ANTALGIQUE/ANTIPYRETIQUE + AINS,ACECLOFENAC + PARACETAMOL
8124405,CLOPACT CP 75MG B/30,"HEMOSTASE, ANTIAGREGANTS PLAQUETTAIRES",CLOPIDOGREL
3314678,CLOPIDOGREL-GH CP 75MG B/30,"HEMOSTASE, ANTIAGREGANTS PLAQUETTAIRES",CLOPIDOGREL
2472964,CLORENA CREME T/20 G,"DERMATOLOGIE, ANTIFONGIQUE LOCAL",CLOTRIMAZOLE
3810255,CLOTREX CREME 1% TUBE DE 30G,"DERMATOLOGIE, ANTIFONGIQUE LOCAL",CLOTRIMAZOLE
5050028,CLOTRI DENK CP VAGINAL B/6,"GYNECOLOGIE,TRAITEMENT DES VULVOVAGINITES",CLOTRIMAZOLE
8021450,CLOTRI DENK CREME 1% T/20G,"DERMATOLOGIE, ANTIFONGIQUE LOCAL",CLOTRIMAZOLE
8177225,CLOTRIMAZOL BASI CREME T/50 G,"DERMATOLOGIE, ANTIFONGIQUE LOCAL",CLOTRIMAZOLE
1455211,CLOTRIMAZOLE UBIGEN 1% CREME TUBE DE 20G,"DERMATOLOGIE, ANTIFONGIQUE",CLOTRIMAZOLE
1304471,CLOTRIZOL CREME 1% TUBE,"DERMATOLOGIE, ANTIFONGIQUE",MICAZOLE
3810323,CLOVIREX CREME 5% TUBE DE 15G,ANTIVIRAUX,ACICLOVIR
2478151,CLOXACILLINE AFRICURE GELULE 500MG B/20,"ANTIBIOTIQUE, PENICILLINE",CLOXACILLINE
3836675,CLYCIN DUO CREME TUBE DE 20G,"DERMATOLOGIE, ANTIBACTERIEN LOCAL",CLINDAMYCINE + NICOTINAMIDE
3582911,CO APROVEL CP 150/12.5MG B/28,ANTIHYPERTENSEUR ANTAGONISTE RECEPTEURS ANGIOTENSINE II + DIURETIQUE,IBESARTAN + HYDROCHLOROTHIAZIDE
3582912,CO APROVEL CP 300MG/12.5MG B/28,ANTIHYPERTENSEUR ANTAGONISTE RECEPTEURS ANGIOTENSINE II + DIURETIQUE,IBESARTAN + HYDROCHLOROTHIAZIDE
3033449,CO SPHERUNATE CP 50MG/125MG B/12,"PARASITOLOGIE, ANTIPALUDIQUE",ARTESUNATE+AMODIAQUINE
3019412,CO SPHERUNATE CP 50MG/125MG B/6,"PARASITOLOGIE, ANTIPALUDIQUE",ARTESUNATE+AMODIAQUINE
6001456,CO-ALGESIC CP 30MG/500MG B/16,"ANTALGIQUE/ANTIPYRETIQUE, ASSOCIATION CONTENANT UN OPIACE",PARACETAMOL+CODEINE
8352796,COAMOX-ACINO CP PELLICULE 1000MG B/12,"ANTIBIOTIQUE, PENICILLINE",AMOXICILLINE+ACIDE CLAVULANIQUE
8377566,"COAMOX-ACINO PDRE P SUSP BUV 156,25 MG FL/ 100 ML","ANTIBIOTIQUE, PENICILLINE",AMOXICILLINE+ACIDE CLAVULANIQUE
2298788,COAMOX-ACINO PDRE P SUSP BUV 457 MG FL/70 ML,"ANTIBIOTIQUE, PENICILLINE",AMOXICILLINE+ACIDE CLAVULANIQUE
3990121,CO-AMOXICLAV SP ADULTE PDR PR SUSP BUV 1G/ 125 MG B/12 SACH,"ANTIBIOTIQUE, PENICILLINE",AMOXICILLINE+ACIDE CLAVULANIQUE
3990138,CO-AMOXICLAV SP ADULTE PDRE P SUSP BUV SACHET DOSE 1G/125MG B/16,"ANTIBIOTIQUE, PENICILLINE",AMOXICILLINE+ACIDE CLAVULANIQUE
3990145,CO-AMOXICLAV SP ENFANT PDRE POUR SUSP BUVABLE 500MG/125MG B/12,"ANTIBIOTIQUE, PENICILLINE",AMOXICILLINE+ACIDE CLAVULANIQUE
3990152,CO-AMOXICLAV SP ENFANT PDRE POUR SUSP BUVABLE 500MG/125MG B/16,"ANTIBIOTIQUE, PENICILLINE",AMOXICILLINE+ACIDE CLAVULANIQUE
3992919,"CO-AMOXICLAV SP 100MG/12,5MG SUSP BUV F/ 30ML","ANTIBIOTIQUE, PENICILLINE",AMOXICILLINE + ACIDE CLAVULANIQUE
4805687,"CO-AMSTAN CPR PELL 10MG/160MG/12,5MG B/30",AUTRES ASSOCIATIONS D'ANTIHYPERTENSEURS,AMLODIPINE + VALSARTAN + HYDROCHLOROTHIAZIDE
4839587,CO-AMSTAN CPR PELL 10MG/160MG/25MG B/30,AUTRES ASSOCIATIONS D'ANTIHYPERTENSEURS,AMLODIPINE + VALSARTAN + HYDROCHLOROTHIAZIDE
4365987,"CO-AMSTAN CPR PELL 5MG/160MG/12,5MG B/30",AUTRES ASSOCIATIONS D'ANTIHYPERTENSEURS,AMLODIPINE + VALSARTAN + HYDROCHLOROTHIAZIDE
4792587,CO-AMSTAN CPR PELL 5MG/160MG/25MG B/30,AUTRES ASSOCIATIONS D'ANTIHYPERTENSEURS,AMLODIPINE + VALSARTAN + HYDROCHLOROTHIAZIDE
3774732,"CO-ANGINET COMP PELL 160MG/12,5MG B/30","ANTIHYPERTENSEUR, ANTAGONISTE RECEPTEUR DE L'ANGIOTENSINE + DIURETIQUE",VALSARTAN + HYDROCHLOROTHIAZIDE
3774687,CO-ANGINET COMP PELL 160MG/25MG B/30,"ANTIHYPERTENSEUR, ANTAGONISTE RECEPTEUR DE L'ANGIOTENSINE + DIURETIQUE",VALSARTAN + HYDROCHLOROTHIAZIDE
3774731,"CO-ANGINET COMP PELL 80MG/12,5MG B/30","ANTIHYPERTENSEUR, ANTAGONISTE RECEPTEUR DE L'ANGIOTENSINE + DIURETIQUE",VALSARTAN + HYDROCHLOROTHIAZIDE
8594424,CO-ANGINIB CP 50/12.5MG B/30,ANTIHYPERTENSEUR ANTAGONISTE RECEPTEURS ANGIOTENSINE II + DIURETIQUE,LOSARTAN + HYDROCHLOROTHIAZIDE
8147240,COAPROZAR CP 150MG/12.5MG B/30,ANTIHYPERTENSEUR ANTAGONISTE RECEPTEURS ANGIOTENSINE II + DIURETIQUE,IRBESARTAN + HYDROCHLOROTHIAZIDE
8147254,COAPROZAR CP 300MG/12.5MG B/30,ANTIHYPERTENSEUR ANTAGONISTE RECEPTEURS ANGIOTENSINE II + DIURETIQUE,IRBESARTAN + HYDROCHLOROTHIAZIDE
8186328,COAPROZAR CP 300MG/25MG B/30,ANTIHYPERTENSEUR ANTAGONISTE RECEPTEURS ANGIOTENSINE II + DIURETIQUE,IRBESARTAN + HYDROCHLOROTHIAZIDE
8087756,COARINATE FDC ADULTE CP B/3,"PARASITOLOGIE, ANTIPALUDIQUE",ARTESUNATE+PYRIMETHAMINE +SULFAMETHOXYPYRAZINE
8087710,COARINATE FDC ENFANT CP B/3,"PARASITOLOGIE, ANTIPALUDIQUE",ARTESUNATE+PYRIMETHAMINE +SULFAMETHOXYPYRAZINE
2039199,COARSUCAM CP 50 MG/135 MG B/3,"PARASITOLOGIE, ANTIPALUDIQUE",ARTESUNATE+AMODIAQUINE
7290262,COARTEM CP 80/480 MG B/6,"PARASITOLOGIE, ANTIPALUDIQUE",ARTEMETHER+LUMEFANTRINE
8093685,COARTEM CPR DISP 20/120MG BT12,"PARASITOLOGIE, ANTIPALUDIQUE",ARTEMETHER + LUMEFANTRINE
8097832,COARTEM PEDIATRIQUE CP 20 MG/120 MG PLAQUETTE DE 6,"PARASITOLOGIE, ANTIPALUDIQUE",ARTEMETHER+LUMEFANTRINE
8065683,CO-ARTESIANE PDRE P SUSP BUV FL/120 ML,"PARASITOLOGIE, ANTIPALUDIQUE",ARTEMETHER+LUMEFANTRINE
8040559,CO-ARTESIANE PDRE P SUSP BUV 180/1080 MG FL/ 60 ML,"PARASITOLOGIE, ANTIPALUDIQUE",ARTEMETHER+LUMEFANTRINE
8087785,COCIPHACET CP 400 MG/200 MG B/16,"ANTALGIQUE/ANTIPYRETIQUE, ASSOCIATION CONTENANT UN OPIACE",PARACETAMOL+CODEINE
3322075,CO-DOLIPRANE CP B/16,"ANTALGIQUE/ANTIPYRETIQUE, ASSOCIATION CONTENANT UN OPIACE",PARACETAMOL + CODEINE
8016615,COFANTRINE CP DISPERSIBLE 20/120MG B/6,"PARASITOLOGIE, ANTIPALUDIQUE",ARTEMETHER+LUMEFANTRINE
2293006,COFANTRINE CP 20 MG /120 MG B/24,"PARASITOLOGIE, ANTIPALUDIQUE",ARTEMETHER+LUMEFANTRINE
8091137,COFANTRINE CP 80/480 MG B/6,"PARASITOLOGIE, ANTIPALUDIQUE",ARTEMETHER+LUMEFANTRINE
8059263,COFANTRINE SUSP BUV FL/60 ML,"PARASITOLOGIE, ANTIPALUDIQUE",ARTEMETHER+LUMEFANTRINE
2473764,COFEN COMP PELL 200MG/325MG/30MG B/20,ANTALGIQUE/ANTIPYRETIQUE + AINS,IBUPROFENE + PARACETAMOL + CAFEINE
2473660,COFFRON GL SIROP 30MG/30MG FL/100ML,"PNEUMOLOGIE, ANTITUSSIF",AMBROXOL + GUAFENESINE + LEVOSALBUTAMOL
3061343,COFORIL SIROP FL/100 ML,"PNEUMOLOGIE, ANTITUSSIF",BROMHEXINE + TERBUTALINE + GUAIFENESINE
3348017,COFSY SUSP BUV FL/150 ML,"PNEUMOLOGIE, ANTIASTHMATIQUE","AMBROXOL, SALBUTAMOL, GUAFENESINE"
8010825,COLART CP 20 MG /120 MG B/24,"PARASITOLOGIE, ANTIPALUDIQUE",ARTEMETHER+LUMEFANTRINE
3149955,COLCHICINE CP 1 MG B/20,"RHUMATOLOGIE, TRAITEMENT DE L' ACCES AIGU DE GOUTTE",COLCHICINE
3024490,COLCHIMAX CP B/20,"RHUMATOLOGIE, TRAITEMENT DE L' ACCES AIGU DE GOUTTE",COLCHICINE
9990111,COLCIBRA GELULE 100 MG B/30,ANTI-INFLAMMATOIRE NON STEROIDIEN (AINS),CELECOXIB
8037971,COLCIBRA GELULE 200 MG B/20,ANTI-INFLAMMATOIRE NON STEROIDIEN (AINS),CELECOXIB
9990112,COLCIBRA GELULE 200 MG B/30,ANTI-INFLAMMATOIRE NON STEROIDIEN (AINS),CELECOXIB
3999653,COLDEX COMPRIME PLAQUETTE DE 4,"ORL, ANTI-GRIPPE, ANTI-RHUME",PARACETAMOL + CHLORYDRATE DE PHENYLEPHRINE + MALEATE DE CHLOPHERIRAMINE + CAFEINE EXCIPIENTS BP
3999660,COLDEX SIROP FL/100ML,"ORL, ANTI-GRIPPE, ANTI-RHUME",PARACETAMOL + CHLORYDRATE DE PHENYLEPHRINE + MALEATE DE CHLOPHENIRAMINE
3036211,COLESTOP CP 10 MG B/30,HYPOLIPEMIANT,ATORVASTATINE
3036259,COLESTOP CP 20 MG B/30,HYPOLIPEMIANT,ATORVASTATINE
3024521,COLICORT PDRE ET SOLV P PULV AURIC ETNAS FL/5 ML,"ORL, ANTIBACTERIEN ET/OU ANTI-INFLAMMATOIRE",COLISTIMETHATE SODIQUE+TETRACYCLINE
3024567,COLIMYCINE PDRE P P INJ 1 MUI B/1,"ANTIBIOTIQUES, POLYMYXINES",COLISTIMETHATE SODIQUE
8093484,COLINIL GTTE F/15ML,"GASTRO E.H, TROUBLES FONCTIONNELS DIGESTIFS",EAU + PLANTES
1561531,COLISPA M COMP B/10,ANTISPASMODIQUE,DROTAVERINE + ACIDE MEFENAMIQUEL
2027374,COLLUXID SOL P BAIN BOUCHE FL/120 ML,"STOMATOLOGIE,BAIN DE BOUCHE,GARGARISME ET GELS",CHLORHEXETIDINE+BENZALKONIUM
3013285,COLLYRE BLEU LAITIER CY FL/10 ML,"OPHTALMOLOGIE, ANTISEPTIQUES LOCAUX",METHYLTHIONINIUM+NAPHAZOLINE
3022955,CO-LOSAR CP 50/12.5MG B/30,ANTIHYPERTENSEUR ANTAGONISTE RECEPTEURS ANGIOTENSINE II + DIURETIQUE,LOSARTAN POTASSIQUE + HYDROCHLOROTHIAZIDE
8137715,"COLOSAR DENK COMPRIMES PELLICULES 100MG/ 12,5MG B/28",ANTIHYPERTENSEUR ANTAGONISTE RECEPTEURS ANGIOTENSINE II + DIURETIQUE,LOSARTAN POTASSIQUE + HYDROCHLOROTHIAZIDE
2250758,COLOSAR DENK CP 50/12.5MG B/28,ANTIHYPERTENSEUR ANTAGONISTE RECEPTEURS ANGIOTENSINE II + DIURETIQUE,LOSARTAN POTASSIQUE + HYDROCHLOROTHIAZIDE
3213593,COLPOSEPTINE CP VAGINAL B/18,"GYNECOLOGIE, ESTROGENES",PROMESTRIENE+CHLORQUINALDOL
3162312,COLPOTROPHINE CAPS VAGINALE 10 MG B/10,"GYNECOLOGIE, ESTROGENES",PROMESTRIENE
3199404,COLPOTROPHINE CREME VAGINALE T/15 G,"GYNECOLOGIE, ESTROGENES",PROMESTRIENE
1536953,COLTFAST 50 MG B/30 SACHETS,ANTI-INFLAMMATOIRE NON STEROIDIEN (AINS),DICLOFÉNAC SODIQUE
3025058,COLTRAMYL CP 4 MG B/12,"RHUMATOLOGIE, MYORELAXANT",THIOCOLCHICOSIDE
3140718,COMBANTRIN SUSP BUV 5% FL/15 ML,"PARASITOLOGIE, ANTHELMINTIQUE",PYRANTEL
8410387,COMBIART CP 20 MG /120 MG B/24,"PARASITOLOGIE, ANTIPALUDIQUE",ARTEMETHER+LUMEFANTRINE
3224632,COMBIART CP 80/480 MG B/6,"PARASITOLOGIE, ANTIPALUDIQUE",ARTEMETHER+LUMEFANTRINE
3416013,COMBIART GRANULES EFFERVESCENTS EN SACHETS 80MG/480MG B/6,"PARASITOLOGIE, ANTIPALUDIQUE",ARTEMETHER+LUMEFANTRINE
3624081,COMBIART 15MG/90MG/5ML SUSP BUV F/60ML,"PARASITOLOGIE, ANTIPALUDIQUE",ARTEMETHER+ LUMEFANTRINE
3990305,COMBICURE SP CP PELL 40MG/320MG B/9,"PARASITOLOGIE, ANTIPALUDIQUE",DIHYDROARTEMISININE + PIPERAQUINE
3990312,COMBICURE SP PDRE POUR SUSP BUVABLE 90MG/ 270MG FL/60ML,"PARASITOLOGIE, ANTIPALUDIQUE",DIHYDROARTEMISININE + PIPERAQUINE
8601868,COMBIFLOX COMP PELL B/10,ASSOCIATION D'ANTIBIOTIQUES,OFLOXACINE + ORNIDAZOLE
8004777,COMBIMAL CP 525 MG PLAQUETTE DE 3,"PARASITOLOGIE, ANTIPALUDIQUE",SULFADOXINE+PYRIMETHAMINE
3006355,COMBINATE SP PDRE P SUSP INJ 60MG B/1,"PARASITOLOGIE, ANTIPALUDIQUE",ARTESUNATE
2474410,COMBIPAIN SUSPENSION BUVABLE 100MG/125MG FL/100ML,ANTALGIQUE/ANTIPYRETIQUE + AINS,IBUPROFENE + PARACETAMOL
3990582,COMBITRINE SP CP 80/480 MG B/6,"PARASITOLOGIE, ANTIPALUDIQUE",ARTEMETHER+LUMEFANTRINE
3990599,COMBITRINE SP PDRE P SUSP BUV 15MG/90MG FL/ 60ML,"PARASITOLOGIE, ANTIPALUDIQUE",ARTEMETHER+LUMEFANTRINE
8538247,"CO-MEDZAR COMP 50MG/12,5MG B/28",ANTIHYPERTENSEUR ANTAGONISTE DE L'ANGIOTENSINE II + DIURETIQUE,LOSARTAN + HYDROCHLOROTHIAZIDE
6000250,CO-MEDZAR FORT CP 100MG/25MG B/28,ANTIHYPERTENSEUR ANTAGONISTE RECEPTEURS ANGIOTENSINE II + DIURETIQUE,LOSARTAN + HYDROCHLOROTHIAZIDE
3365670,COMETHER CP 20 MG /120 MG B/24,"PARASITOLOGIE, ANTIPALUDIQUE",ARTEMETHER+LUMEFANTRINE
8013700,CONASEC CREME T/15 G,"DERMATOLOGIE, ANTIFONGIQUE LOCAL",KETOCONAZOLE
8414474,CONASEC CREME 2% TUBE DE 15G,"DERMATOLOGIE, ANTIFONGIQUE LOCAL",KETOCONAZOLE
9002839,CONCOR AMLO 10MG/10MG COMP B/30,"ANTIHYPERTENSEUR, BÊTA BLOQUANT + INHIBITEUR CALCIQUE",BISOPROLOL + AMLODIPINE
9002822,CONCOR AMLO 10MG/5MG COMP B/30,"ANTIHYPERTENSEUR, BÊTA BLOQUANT + INHIBITEUR CALCIQUE",BISOPROLOL + AMLODIPINE
9002816,CONCOR AMLO 5MG/10MG COMP B/30,"ANTIHYPERTENSEUR, BÊTA BLOQUANT + INHIBITEUR CALCIQUE",BISOPROLOL + AMLODIPINE
2476094,CONCOR AMLO 5MG/5MG COMP B/30,"ANTIHYPERTENSEUR, BÊTA BLOQUANT + INHIBITEUR CALCIQUE",BISOPROLOL + AMLODIPINE
3083251,CONGHIST SP F/100ML,"PNEUMOLOGIE, ANTITUSSIF",DIPHENYLHY DRAMINE + CHLORPHENIRAMINE + GUAIFENESINE
3673645,CONSTILEX SACHET 10MG 15ML,"GASTRO E H, CONSTIPATION",LACTULOSE
8017856,CONVULEX SIROP 50MG/ML FL/100 ML,"NEUROLOGIE, ANTIEPILEPTIQUES",ACIDE VALPROÏQUE
8017840,CONVULEX GELULE 500 MG B/40,"NEUROLOGIE, ANTIEPILEPTIQUES",ACIDE VALPROÏQUE
2272518,COOLZ SUSP BUV FL/200 ML,"GASTRO.E.H., ANTIACIDE ET PANSEMENT GASTROINTESTINAL",SIMETHICONE+ALUMINIUM HYDROXYDE+MAGNESIUM HYDROXYDE
3787359,CO-ORIXO COMP 200MG/500MG B/10,ASSOCIATION D'ANTIBIOTIQUES,ORNIDAZOLE + OFLOXACINE
3996690,CO-PALUTEM CP 20 MG /120 MG B/24,"PARASITOLOGIE, ANTIPALUDIQUE",ARTEMETHER+LUMEFANTRINE
3611586,CO-PALUTEM CP 40MG/240MG B/6,"PARASITOLOGIE, ANTIPALUDIQUE",ARTEMETHER+LUMEFANTRINE
3996720,CO-PALUTEM CP 60MG/360MG B/6,"PARASITOLOGIE, ANTIPALUDIQUE",ARTEMETHER+LUMEFANTRINE
3996713,CO-PALUTEM FORTE CP 80/480 MG B/6,"PARASITOLOGIE, ANTIPALUDIQUE",ARTEMETHER+LUMEFANTRINE
8147300,COPIGREL COMPRIMES PELLICULES 75MG B/30,"HEMOSTASE, ANTIAGREGANTS PLAQUETTAIRES",CLOPIDOGREL
3289538,COQUELUSEDAL PAR SUPPO NOUR B/12,"PNEUMOLOGIE,ADJUVANTS DES INFECTIONS BRONCHOPULMONAIRES",NIAOULI+PARACETAMOL+GRINDELIA
3289521,COQUELUSEDAL PARAC 250 SUPPO ENF B/12,"PNEUMOLOGIE,ADJUVANTS DES INFECTIONS BRONCHOPULMONAIRES",NIAOULI+PARACETAMOL+GRINDELIA
3025495,COQUELUSEDAL SUPPO AD B/12,"PNEUMOLOGIE,ADJUVANTS DES INFECTIONS BRONCHOPULMONAIRES",CAMPHRE+NIAOULI+EPHEDRINE
3025526,COQUELUSEDAL SUPPO ENF B/12,"PNEUMOLOGIE,ADJUVANTS DES INFECTIONS BRONCHOPULMONAIRES",CAMPHRE+NIAOULI+EPHEDRINE
3025503,COQUELUSEDAL SUPPO NOUR B/12,"PNEUMOLOGIE,ADJUVANTS DES INFECTIONS BRONCHOPULMONAIRES",CAMPHRE+NIAOULI+EPHEDRINE
3716762,CORALAN CP 5 MG B/56,"CARDIOLOGIE, TRAITEMENT DE L'INSUFFISANCE CARDIAQUE",IVABRADINE
3716791,"CORALAN CP 7,5MG B/56","CARDIOLOGIE, TRAITEMENT DE L'INSUFFISANCE CARDIAQUE",IVABRADINE
8177117,CORAPRIL CP B/30,"ANTIHYPERTENSEUR,INHIBITEUR ENZYME DE CONVERSION, DIURETIQUE",RAMIPRIL+HYDROCHLOROTHIAZIDE
3025650,CORDARONE CP 200 MG B/30,"CARDIOLOGIE, ANTIARYTHMIQUES",AMIODARONE
3245292,"CORDY GEL 7,1% GEL DERMIQUE TUBE DE 30G","DERMATOLOGIE, ANTISEPTIQUE LOCAL",DIGLUCONATE DE CHLORHEXIDINE
3302405,CO-RENITEC CP B/28,"ANTIHYPERTENSEUR,INHIBITEUR ENZYME DE CONVERSION, DIURETIQUE",ENALAPRIL+HYDROCHLOROTHIAZIDE
3238044,CORGARD CP 80 MG B/30,"ANTIHYPERTENSEUR, BÊTABLOQUANT",NADOLOL
2474221,CORILOX SIROP FLACON DE 100ML,"PNEUMOLOGIE, ANTITUSSIF",SALBUTAMOL + BROMHEXINE + GUAIFENESINE + MENTHOL
1002987,CORNEREGEL GEL OPHTA T/10G,"OPHTALMOLOGIE, AUTRES",DEXPANTHENOL (VITAMINE B5)
3194631,"CORRECTOL CY 0,1% FL/10 ML","OPHTALMOLOGIE, AUTRES",INOSINE
3025906,CORTANCYL CP 5 MG B/30,ANTI-INFLAMMATOIRE STEROIDIEN (AIS),PREDNISONE
3328385,CORTANCYL 20MG CP 20 MG B/30,ANTI-INFLAMMATOIRE STEROIDIEN (AIS),PREDNISONE
3400935,CORTAPAISYL CREME 0,"DERMATOLOGIE,DERMOCORTICOIDE(AIS)",HYDROCORTISONE
9948667,CORTIMAX COMPRIMES 12MG B/6,ANTI INFLAMMATOIRE STEROIDIEN (AIS),DEFLAZACORT
9948810,CORTIMAX COMPRIMES 6MG B/6,ANTI INFLAMMATOIRE STEROIDIEN (AIS),DEFLAZACORT
8098292,CORTIPRED CP 20 MG B/20,ANTI-INFLAMMATOIRE STEROIDIEN (AIS),PREDNISONE
9283021,CORTIS SUSP P INHAL 250 MCG FL/200 DOSES,ANTI-INFLAMMATOIRE STEROIDIEN (AIS),BECLOMETASONE
9283022,CORTIS SUSP P INHAL 50 MCG FL/200 DOSES,ANTI-INFLAMMATOIRE STEROIDIEN (AIS),BECLOMETASONE
3303592,CORVASAL . CP 4 MG B/30,"CARDIOLOGIE, TRAITEMENT DE L'INSUFFISANCE CORONARIENNE",MOLSIDOMINE
3241081,CORVASAL CP 2 MG B/30,"CARDIOLOGIE, TRAITEMENT DE L'INSUFFISANCE CORONARIENNE",MOLSIDOMINE
9124151,CORVAS-H CP B/30,"ANTIHYPERTENSEUR,INHIBITEUR ENZYME DE CONVERSION, DIURETIQUE",RAMIPRIL + HYDROCHLOROTHIAZIDE
3026336,CORYPHEDRINE CP B/20,"ORL,ANTI-GRIPPE,ANTI-RHUME",ACIDE ACETYLSALICYLIQUE+EPHEDRINE
3480638,COSOPT 20MG/ML + 5MG/ML CY FL/5ML,"OPHTALMOLOGIE, ANTIGLAUCOMATEUX",DORZOLAMIDE + TIMOLOL
3571156,COSYREL C0MPRIME PELL 10MG/10MG B/30,"ANTIHYPERTENSEUR, INHIBITEUR ENZYME DE CONVERSI BLOQUANT",ON + BETA- BISOPROLOL + PERINDOPRIL
3571149,COSYREL C0MPRIME PELL 10MG/5MG B/30,"ANTIHYPERTENSEUR, INHIBITEUR ENZYME DE CONVERSI BLOQUANT",ON + BETA- BISOPROLOL + PERINDOPRIL
3571132,COSYREL C0MPRIME PELL 5MG/10MG B/30,"ANTIHYPERTENSEUR, INHIBITEUR ENZYME DE CONVERSI BLOQUANT",ON + BETA- BISOPROLOL + PERINDOPRIL
3571125,COSYREL C0MPRIME PELL 5MG/5MG B/30,"ANTIHYPERTENSEUR, INHIBITEUR ENZYME DE CONVERSI BLOQUANT",ON + BETA- BISOPROLOL + PERINDOPRIL
3917702,COT PDRE SOL 40MG I.M INJ B/1,ANTI INFLAMMATOIRE STEROIDIEN,TRIAMCINOLONE
3917719,COT PDRE SOL 80MG I.M INJ B/1,ANTI INFLAMMATOIRE STEROIDIEN,TRIAMCINOLONE
5801080,COTAREG CP 160/25MG B/28,ANTIHYPERTENSEUR ANTAGONISTE RECEPTEURS ANGIOTENSINE II + DIURETIQUE,VALSARTAN+HYDROCHLOROTHIAZIDE
3443005,COTAREG CP 80/12.5MG B/28,ANTIHYPERTENSEUR ANTAGONISTE RECEPTEURS ANGIOTENSINE II + DIURETIQUE,VALSARTAN+HYDROCHLOROTHIAZIDE
3251744,COTIPRED CP EFF 20 MG B/20,ANTI-INFLAMMATOIRE STEROIDIEN (AIS),PREDNISOLONE
5015577,COTREX CP 400 MG B/20,"ANTIBIOTIQUE, SULFAMIDE",SULFAMETHOXAZOLE+TRIMETHOPRIME
5015578,COTREX SUSP BUV FL/60 ML,"ANTIBIOTIQUE, SULFAMIDE",SULFAMETHOXAZOLE+TRIMETHOPRIME
3668696,COTRIMOXAZOLE AFRICURE 480MG CPR B / 20,"ANTIBIOTIQUE, SULFAMIDE",COTRIMOXAZOLE
3253632,COTRIMOXAZOLE CIPHARM CP 480 MG PLAQUETTE DE 10,"ANTIBIOTIQUE, SULFAMIDE",COTRIMOXAZOLE
3253670,COTRIMOXAZOLE CIPHARM CP 960 MG PLAQUETTE DE 10,"ANTIBIOTIQUE, SULFAMIDE",COTRIMOXAZOLE
5602040,COTRIMOXAZOLE CP 800/160MG B/10,"ANTIBIOTIQUE, SULFAMIDE",SULFAMETHOXAZOLE+TRIMETHOPRIME
8054248,COTRIMOXAZOLE FORT UBI CP 960 MG PLAQUETTE DE 10,"ANTIBIOTIQUE, SULFAMIDE",SULFAMETHOXAZOLE+TRIMETHOPRIME
8092562,COTRIMOXAZOLE TM CP 480 MG B/100,"ANTIBIOTIQUE, SULFAMIDE",SULFAMETHOXAZOLE+TRIMETHOPRIME
8054254,COTRIMOXAZOLE UBI CP 480 MG PLAQUETTE DE 10,"ANTIBIOTIQUE, SULFAMIDE",SULFAMETHOXAZOLE+TRIMETHOPRIME
8054260,COTRIMOXAZOLE UBI SUSP BUV 480 MG/ 5 ML FL/ 100 ML,"ANTIBIOTIQUE, SULFAMIDE",SULFAMETHOXAZOLE+TRIMETHOPRIME
3528105,COUCH OFF SIROP FL 100ML,"PNEUMOLOGIE, ANTITUSSIF",ADHATODA VASICA + PIPER LONGUM +PIPER NIGRUM + ZIZIBER OFFICINALE + GLYCYRRHIZA GLABRA + PANACEE DE PLANTES
3528068,COUGH OFF SANS SUCRE SIRO FL 100ML,"PNEUMOLOGIE, ANTITUSSIF",ADHATODA VASICA + PIPER LONGUM +PIPER NIGRUM + ZIZIBER OFFICINALE + GLYCYRRHIZA GLABRA + PANACEE DE PLANTES
3240649,"COVALEX COMPRIMES PELLICULES 160MG/12,5MG B/30",ANTIHYPERTENSEUR ANTAGONISTE RECEPTEURS ANGIOTENSINE II + DIURETIQUE,VALSARTAN+HYDROCHLOROTHIAZIDE
3240687,COVALEX COMPRIMES PELLICULES 160MG/25MG B/30,ANTIHYPERTENSEUR ANTAGONISTE RECEPTEURS ANGIOTENSINE II + DIURETIQUE,VALSARTAN+HYDROCHLOROTHIAZIDE
3666030,COVERSYL CP 10 MG B/30,"ANTIHYPERTENSEUR, INHIBITEUR DE L'ENZYME DE CONVERSION",PERINDOPRIL
3665958,COVERSYL CP 5 MG B/30,"ANTIHYPERTENSEUR, INHIBITEUR DE L'ENZYME DE CONVERSION",PERINDOPRIL
1341661,COXIBEX CP 90MG B/30,ANTI-INFLAMMATOIRE NON STEROIDIEN (AINS),ETORICOXIB
3385242,COZAAR CP 50 MG B/28,"ANTIHYPERTENSEUR, ANTAGONISTE RECEPTEURS ANGIOTENSINE II",LOSARTAN
2478899,COZEE COMPRIMES 120MG B/10,AINS,ETORICOXIB
8051675,C-PLUS SOL P BAIN BOUCHE FL/120 ML,"STOMATOLOGIE,BAIN DE BOUCHE,GARGARISME ET GELS",BENZYDAMINE
3101218,CREACLAV ADULTE CP 500MG/62.5 B/24,"ANTIBIOTIQUE, PENICILLINE",AMOXICILLINE+ACIDE CLAVULANIQUE
3101232,CREACLAV ADULTE PDR PR SUSP BUV 1G/125 MG B/12 SACH,"ANTIBIOTIQUE, PENICILLINE",AMOXICILLINE+ACIDE CLAVULANIQUE
3101256,CREACLAV ENFANT PDRE P SUSP BUV 100MG/ 12.5MG FL/60ML,"ANTIBIOTIQUE, PENICILLINE",AMOXICILLINE+ACIDE CLAVULANIQUE
3101263,CREACLAV NOURRISSON PDRE P SUSP BUV 100MG/12.5MG FL/30ML,"ANTIBIOTIQUE, PENICILLINE",AMOXICILLINE+ACIDE CLAVULANIQUE
3101324,"CREADOL + CP PELLICULES 325MG/37,5MG B/20","ANTALGIQUE/ANTIPYRETIQUE, ASSOCIATION CONTENANT UN OPIACE",PARACETAMOL + TRAMADOL
3100914,"CREADOL PLUS COMPRIMES PELLICULES 325MG/ 37,5MG PLAQUETTE DE 10","ANTALGIQUE/ANTIPYRETIQUE, ASSOCIATION CONTENANT UN OPIACE",PARACETAMOL + TRAMADOL
3100563,CREAFOL CP 5 MG B/30,"HEMATOLOGIE, ANTIANEMIQUES",ACIDE FOLIQUE (VITAMINE B9)
5015688,CREAFULVINE CP 250 MG B/10,ANTIFONGIQUE SYSTEMIQUE,GRISEOFULVINE
3100594,CREAFULVINE CP 500 MG plaquette de 10,ANTIFONGIQUE SYSTEMIQUE,GRISEOFULVINE
8006700,CREATIMO GELULE 2 MG B/20,"GASTRO.E.H., ANTI- DIARRHEIQUE",LOPERAMIDE
2283628,CREATIMO GELULE 2MG DETAIL PL/10,"GASTRO.E.H., ANTI- DIARRHEIQUE",LOPERAMIDE
3100457,CREATOL CREAT CP EFF 1G B/8,ANTALGIQUE/ANTIPYRETIQUE,PARACETAMOL
3005542,CREAZITHRO CP PELL 500 MG B/3,"ANTIBIOTIQUE, MACROLIDE",AZITHROMYCINE
3101195,CREAZITHRO CP PELL 500MG PLAQ DE 3,"ANTIBIOTIQUE, MACROLIDE",AZITHROMYCINE
3100587,CREAZOL CP 500 MG B/20,ANTIBIOTIQUE ET ANTIPARASITAIRE,METRONIDAZOLE
3698538,CRESTOR CP 5 MG B/30,HYPOLIPEMIANT,ROSUVASTATINE
2474344,CRIL GELULES 200MG B/20,AINS,CELECOXIB
8491285,CRISTABION COLL F/5ML,"OPHTALMOLOGIE, ANTI-INFLAMMATOIRES ET ANTIBACTERIENS LOCAUX",DEXAMETHASONE + NEOMYCINE
8475688,CROCILLINE 125 MG SUSP BUV FL 60 ML,"ANTIBIOTIQUE, PENICILLINE",AMOXICILLINE
8475671,CROCILLINE 250 MG SUSP BUV FL 60 ML,"ANTIBIOTIQUE, PENICILLINE",AMOXICILLINE
2473765,CROCIP-TZ COMP PELL 500MG/600 MG B/10,ASSOCIATION D'ANTIBIOTIQUES,CIPROFLOXACINE + TINIDAZOE
8467482,CROFORMIN 1000 LP CP BT 30,BIGUANIDE ANTIDIABETIQUE,METFORMINE
8475665,"CROGENTA COLLYRE 0,3% FL/10ML","OPHTALMOLOGIE, ANTIBACTERIEN LOCAL",GENTAMICINE
8014375,"CROGENTA 0,3% COLLYRE FL/5ML","OPHTALMOLOGIE, ANTIBACTERIENS LOCAUX",GENTAMICINE
3065194,CROLINI GEL TUBE DE 30 G,"RHUMATOLOGIE, DOULEURS D'ORIGINE MUSCULAIRE",DICLOFENAC+ HUILE DE LIN+SALYSYLATE DE METHYLE +MENTHOL+CAMPHRE+GEL DE CAPSAÏCINE
8003908,CROMAX - 2 CY FL/10 ML,"OPHTALMOLOGIE, ANTIALLERGIQUES LOCAUX",CROMOGLYCATE DE SODIUM
3867341,"CROMOLES 0,2% COLLYRE FL/5ML","OPHTALMOLOGIE, ANTI ALLERGIQUE LOCAL",CROMOGYLCATE DE SODUIM
3267011,CROMOPTIC CY FL/5 ML,"OPHTALMOLOGIE, ANTIALLERGIQUES LOCAUX",CROMOGLYCATE DE SODIUM
8030472,CROMSOL CY 2% FL/5 ML,"OPHTALMOLOGIE, ANTIALLERGIQUES LOCAUX",CROMOGLYCATE DE SODIUM
3355336,CRONOPEN CP PELL 500 MG B/3,"ANTIBIOTIQUE, MACROLIDE",AZITHROMYCINE
8084580,CROTRIMA V6 COMPRIMES GYNECOLOGIQUES 100MG B/12,"GYNECOLOGIE,TRAITEMENT DES VULVOVAGINITES",CLOTRIMAZOLE
2583968,CROZOLE SUSPENSION BUVABLE 50MG/5ML FL 60 ML,ANTIFONGIQUE SYSTEMIQUE,FLUCONAZOLE
2473766,CROZOLE 200MG B/2,ANTIFONGIQUE SYSTEMIQUE,FLUCONAZOLE
3581316,CURACNE CAPSULE MOLLE 10 MG B/30,"DERMATOLOGIE, ANTIACNEIQUE",ISOTRETINOINE
3581366,CURACNE CAPSULE MOLLE 20 MG B/30,"DERMATOLOGIE, ANTIACNEIQUE",ISOTRETINOINE
3581256,CURACNE CAPSULE MOLLE 5 MG B/30,"DERMATOLOGIE, ANTIACNEIQUE",ISOTRETINOINE
8091634,CURAM PDRE P P INJ IV 1000 MG+200 MG B/ 1+SLVT,"ANTIBIOTIQUE, PENICILLINE",AMOXICILLINE+ACIDE CLAVULANIQUE
8091605,CURAM PDRE P P INJ 500MG/100MG B/1+SOLVANT,"ANTIBIOTIQUE, PENICILLINE",AMOXICILLINE+ACIDE CLAVULANIQUE
5015558,CURAM CP 500MG/62.5MG B/16,"ANTIBIOTIQUE, PENICILLINE",AMOXICILLINE+ACIDE CLAVULANIQUE
8073027,CURAM PDRE P SUSP BUV SACHET 1000MG/ 125MG B/12,"ANTIBIOTIQUE, PENICILLINE",AMOXICILLINE+ACIDE CLAVULANIQUE
5015560,CURAM PDRE P SUSP BUV 100MG/12.5MG FL/30ML,"ANTIBIOTIQUE, PENICILLINE",AMOXICILLINE+ACIDE CLAVULANIQUE
5015557,CURAM PDRE P SUSP BUV 100MG/12.5MG FL/60ML,"ANTIBIOTIQUE, PENICILLINE",AMOXICILLINE+ACIDE CLAVULANIQUE
5050060,CURAM 1000 CP 1000MG B/10,"ANTIBIOTIQUE, PENICILLINE",AMOXICILLINE+ACIDE CLAVULANIQUE
3143490,CURAPEL CREME T/30 G,"DERMATOLOGIE, ANTIBACTERIEN LOCAL",SULFADIAZINE + HYDROCHLORATE CHITISANE
8074707,CUROX CP 250 MG B/10,"ANTIBIOTIQUE, CEPHALOSPORINE",CEFUROXIME
8000353,CURTEC CP 10 MG B/15,"ALLERGOLOGIE,ANTIHISTAMINIQUE",CETIRIZINE
8086159,CURTEC SOL BUV FL/60ML,"ALLERGOLOGIE,ANTIHISTAMINIQUE",CETIRIZINE
3027465,CUTISAN PDRE PR APPLIC LOCALE 1% B/80 G,"DERMATOLOGIE, ANTISEPTIQUE LOCAL",TRICLOCARBAN
3216910,CYCLODEX CP 20 MG B/14,ANTI-INFLAMMATOIRE NON STEROIDIEN (AINS),"PIROXICAM, BÉTA CYCLODEXTRINE"
3410769,CYCLOPAM COMPRIMES 20MG/500MG B/10,ANTISPASMODIQUE,DICLOVERINE + PARACETAMOL
3166988,CYSTINE B6 BAILLEUL CP ENR B/20,"DERMATOLOGIE, TROPHIQUE(CHEVEUX ONGLES): VOIE GENERALE",PYRIDOXINE (VITAMINE B6)+CYSTINE
3204654,CYTEAL SOL P APPL CUT FL/250 ML,"DERMATOLOGIE, ANTISEPTIQUE LOCAL",CHLOROCRESOL+CHLORHEXIDINE+HEXAMIDINE
3202359,CYTEAL SOL P APPL LOC FL/500 ML,"DERMATOLOGIE, ANTISEPTIQUE LOCAL",CHLOROCRESOL+CHLORHEXIDINE+HEXAMIDINE
3287864,"CYTOTEC CP 0,20 MG B/60","GASTRO.E.H., ULCERE GASTRODUODENAL",MISOPROSTOL
9283041,CYVAS SUSP P INHALAT 250µG FL/120 DOSES,"PNEUMOLOGIE, ANTIASTHMATIQUE",SALMETEROL+FLUTICASONE
6470067,CYVAX SUSPENSION POUR INHALATION 125/25µG / DOSE FL/120 DOSES,"PNEUMOLOGIE, ANTIASTHMATIQUE",SALMETEROL+FLUTICASONE
3069054,CZARTAN COMP PELLICULE 100MG B/30,"ANTIHYPERTENSEUR, ANTAGONISTE DES RECEPTEURS DE L'ANGIOTENSINE",LOSARTAN
3069057,CZARTAN COMP PELLICULE 50MG B/30,"ANTIHYPERTENSEUR, ANTAGONISTE DES RECEPTEURS DE L'ANGIOTENSINE",LOSARTAN
8011747,DACOLD GELULE B/10,"ORL,ANTI-GRIPPE,ANTI-RHUME",PARACETAMOL + CAFEINE + PSEUDOEPHEDRINE +CHLORPHENIRAMINE
3473265,DACRYOSERUM SOL P LAV OPHT UNIDOSE B/20,"OPHTALMOLOGIE, ANTISEPTIQUES LOCAUX",BORAX+ACIDE BORIQUE
3028039,DACRYOSERUM SOL P LAVAGE OCULAIRE FL/150 ML,"OPHTALMOLOGIE, ANTIBACTERIENS LOCAUX",ACIDE BORIQUE
3273655,DAFALGAN SUPPO 600 MG B/10,ANTALGIQUE/ANTIPYRETIQUE,PARACETAMOL
2263189,DAFRAZOL GEL 20MG B/28,"GASTRO.E.H., ULCERE GASTRODUODENAL",OMEPRAZOLE
2263169,DAFRAZOL GELULE B/14,"GASTRO.E.H., ULCERE GASTRODUODENAL",OMEPRAZOLE
2471776,DAFRAZOL PDRE P SOL INJ 40MG IV B/1,"GASTRO E.H, ULCERE GASTRO-DUODENALE",OMEPRAZOLE
8177232,DAGESIL GEL 10MG/MG TUBE DE 100G,ANTI-INFLAMMATOIRE NON STEROIDIEN (AINS),DICLOFENAC
3608268,DAIVOBET PDE 50µG/0.5MG T/65 G,"DERMATOLOGIE,DERMOCORTICOIDE(AIS)",CALCIPOTRIOL + BETAMETHASONE
3350120,"DAIVONEX 0,005% PDE T/30 G","DERMATOLOGIE, ANTIPSORIASIS",CALCIPOTRIOL
3314526,"DAKIN COOPER SOL P APPL LOC 0,5% FL/250 ML","DERMATOLOGIE, ANTISEPTIQUE LOCAL",SODIUM HYPOCLORITE
5015672,"DAKIN COOPER SOL P APPL LOC 0,5% FL/500 ML","DERMATOLOGIE, ANTISEPTIQUE LOCAL",SODIUM HYPOCLORITE
3268068,DAKTARIN GEL BUCAL 2% T/40 G,"STOMATOLOGIE, ANTIFONGIQUES BUCCAUX",MICONAZOLE
3194105,DAKTARIN PDRE P APPL LOC 2% FL/30 G,"DERMATOLOGIE, ANTIFONGIQUE LOCAL",MICONAZOLE
3066815,DALACINE GELULE 150 MG B/12,"ANTIBIOTIQUE, LINCOSANIDE",CLINDAMYCINE
3230108,DANATROL GELULE 200 MG B/40,"ENDOCRINOLOGIE, MEDICAMENT DE L'AXE HYPOPHISO- GONADIQUE",DANAZOL
8071910,DANMETHER CP 20 MG /120 MG B/24,"PARASITOLOGIE, ANTIPALUDIQUE",ARTEMETHER+LUMEFANTRINE
3180266,DANMETHER PDRE P SUSP BUV 140MG B/12,"PARASITOLOGIE, ANTIPALUDIQUE",ARTEMETHER+LUMEFANTRINE
3180181,DANMETHER PDRE P SUSP BUV 140MG B/6,"PARASITOLOGIE, ANTIPALUDIQUE",ARTEMETHER+LUMEFANTRINE
3028097,DAONIL CP 5 MG B/100,SULFAMIDE ANTIDIABETIQUE,GLIBENCLAMIDE
3028105,DAONIL CP 5 MG B/20,SULFAMIDE ANTIDIABETIQUE,GLIBENCLAMIDE
5554839,DAPADIOL COMPRIME 10MG B/30,AUTRES ANTIDIABETIQUES,DAPAGLIFOZINE
5582039,DAPADIOL-M COMPRIME MG B/30,AUTRES ANTIDIABETIQUES,DAPAGLIFOZINE + METFORMINE
2472990,DAREXYL PDRE P SUSP BUV 3 G/SACH B/10,"GASTRO.E.H., ANTIACIDE ET PANSEMENT GASTROINTESTINAL",DIOSMECTITE
8049974,DARTE - Q CP 40 MG/320 MG B/8,"PARASITOLOGIE, ANTIPALUDIQUE",DIHYDROARTEMISININE + PIPERAQUINE
3426319,D-ARTEPP CP DISP 20MG/160MG B/6,"PARASITOLOGIE, ANTIPALUDIQUE",DIHYDROARTEMISININE + PIPERAQUINE
3426326,D-ARTEPP CP DISPERS 40MG/320MG B/6,"PARASITOLOGIE, ANTIPALUDIQUE",DIHYDROARTEMISININE + PIPERAQUINE
8007562,D-ARTEPP CP PELL 40MG/320MG B/9,"PARASITOLOGIE, ANTIPALUDIQUE",DIHYDROARTEMISININE + PIPERAQUINE
3426333,D-ARTEPP CP 80MG/640MG B/6,"PARASITOLOGIE, ANTIPALUDIQUE",DIHYDROARTEMISININE + PIPERAQUINE
8049980,DARTE-Q GRANULE SACHET B/8,"PARASITOLOGIE, ANTIPALUDIQUE",DIHYDROARTEMISININE + PIPERAQUINE
3886168,DASEN-PAR COMPRIMES 100MG/500MG/15MG B/10,ANTALGIQUE/ANTIPYRETIQUE + AINS,ACECLOFENAC + PARACETAMOL + SERRATIOPEPTIDASE
8071873,DAZEL KIT CP B/10,"INFECTIOLOGIE, DIVERS ANTIBACTERIENS",FLUCONAZOLE + AZITHROMYCINE + SECNIDAZOLE
8071875,DAZEL KIT CP B/4,"INFECTIOLOGIE, DIVERS ANTIBACTERIENS",FLUCONAZOLE + AZITHROMYCINE + SECNIDAZOLE
2478849,DAZEN-PAR 100MG/500MG/15MG COMPRIME B/10,ANTALGIQUE/ANTIPYRETIQUE + AINS,ACECLOFENAC + PARACETAMOL + SERRAPEPTIDASE
3028217,DEBRIDAT AMP INJ 50 MG B/5,"GASTRO.E.H., TROUBLES FONCTIONNELS DIGESTIFS",TRIMEBUTINE
3390467,DEBRIDAT CP 100 MG B/30,"GASTRO.E.H., TROUBLES FONCTIONNELS DIGESTIFS",TRIMEBUTINE
3028252,DEBRIDAT PDRE P SUSP BUV FL/250 ML,"GASTRO.E.H., TROUBLES FONCTIONNELS DIGESTIFS",TRIMEBUTINE
5605050,DEBRIDAT SIROP FL/125 ML,"GASTRO.E.H., TROUBLES FONCTIONNELS DIGESTIFS",TRIMEBUTINE
3028246,DEBRIDAT SUPPO 100 MG B/10,"GASTRO.E.H., TROUBLES FONCTIONNELS DIGESTIFS",TRIMEBUTINE
3112216,DECAPEPTYL INJ 11.25MG B/1,"CANCEROLOGIE, ANTINEOPLASIQUE",TRIPTORELINE
3394376,DECAPEPTYL PDRE P P INJ 3.75 inj b/1,"CANCEROLOGIE, ANTINEOPLASIQUE",TRIPTORELINE
3145982,DECODERM TRI CREME T/25,DERMOCORTICOIDES+ANTIFONGIQUES,NITRATE DE MICONAZOLE + ACETATE DE FLPREDNIDENE
3011281,DECOMB-FORTE COMP 100MG/500MG B/10,ANTALGIQUE/ANTIPYRETIQUE + AINS,ACECLOFENAC + PARACETAMOL
3164245,DECONTRACTYL BAUME PDE T/80 G,"RHUMATOLOGIE, MYORELAXANT",MEPHENESINE+NICOTINATE DE METHYLE
3028476,DECONTRACTYL CP ENR 250 MG B/50,"RHUMATOLOGIE, MYORELAXANT",MEPHENESINE
2026848,DECONTRIN BAUME PDE T/40 G,"RHUMATOLOGIE, DOULEURS D'ORIGINE MUSCULAIRE",CAMPHRE+LAVANDE+MENTHOL+SALICYLATE DE METHYL +TEREBENTINE
3347275,"DECTANCYL 0,5MG PLAQUETTE DE 12",ANTI INFLAMMATOIRE STEROIDIEN,DEXAMETHASONE
8083296,DEFAL CP 30MG B/10,ANTI-INFLAMMATOIRE STEROIDIEN (AIS),DEFLAZACORT
8083379,DEFAL CP 6MG B/20,ANTI-INFLAMMATOIRE STEROIDIEN (AIS),DEFLAZACORT
3104132,DEFAL SUSPENSION BUVABLE FL/13ML,ANTI-INFLAMMATOIRE STEROIDIEN (AIS),DEFLAZACORT
3776766,DEFERIP GÉLULES B/30,"HEMATOLOGIE, TRAITEMENT DES SURCHAGES MARTIALES",DEFERIPRONE 500 MG
3886267,DEFLAZ COMPRIMES 6MG B/10,ANTI INFLAMMATOIRE STEROIDIEN (AIS),DEFLAZACORT
2478853,DEFLAZ 6MG COMPRIME B/10,ANTI-INFLAMMATOIRE STEROIDIEN,DEFLAZACORT
3202944,DEFNIL P CP 50/500MG CP SUBLINGUAL B/30,ANTALGIQUE/ANTIPYRETIQUE + AINS,PARACETAMOL+DICLOFENAC
3150131,DELABARRE GEL GINGIVAL T/20 G,"STOMATOLOGIE,BAIN DE BOUCHE,GARGARISME ET GELS",TAMARIN
3028826,DELABARRE SOL GINGIVALE FL/15 ML,"STOMATOLOGIES, ANTI-INFLAMMATOIRE ET/OU ANTIBACTERIEN",TAMARIN
2482717,DELEVON COMPRIME PELLICULE 5MG B/20,"ALLERGOLOGIE, ANTIHISTAMINIQUE",DESLORATADINE
8413687,DELLER CP 5MG B/10,"ALLERGOLOGIE,ANTIHISTAMINIQUE",DESLORATADINE
1753161,DEMOXIN POUDRE BUV SACHET 1000MG/125MG B/ 16,"ANTIBIOTIQUE, PENICILLINE",AMOXICILLINE + ACIDE CLAVULANIQUE
1753171,DEMOXIN POUDRE BUV SACHET 562MG5 B/16,"ANTIBIOTIQUE, PENICILLINE",AMOXICILLINE + ACIDE CLAVULANIQUE
3917573,DEMOXIN-CV COMPRIME 1125MG B/16,"ANTIBIOTIQUE, PENICILLINE",AMOXICILLINE + ACIDE CLAVULANIQUE
3917566,"DEMOXIN-CV SUSP BUV 281,25MG FL/60ML","ANTIBIOTIQUE, PENICILLINE",AMOXICILLINE + ACIDE CLAVULANIQUE
3917580,"DEMOXIN-CV SUSP BUV 562,50MG FL/60ML","ANTIBIOTIQUE, PENICILLINE",AMOXICILLINE + ACIDE CLAVULANIQUE
8599114,DENK AIR 10MG COMPRIME PELL B/28,"PNEUMOLOGIE, ANTIASTHMATIQUE",MONTELUKAST
8599054,DENK-AIR JUNIOR 4 MG COMPRIME A CROQUER B/ 28,"PNEUMOLOGIE, ANTIASTHMATIQUE",MONTELUKAST
8599108,DENK-AIR JUNIOR 5 MG COMPRIME A CROQUER B/ 28,"PNEUMOLOGIE, ANTIASTHMATIQUE",MONTELUKAST
3301802,DEPAKINE CHRONO CP ENR LP 500 MG B/30,"NEUROLOGIE, ANTIEPILEPTIQUES",ACIDE VALPROÏQUE
3029292,DEPAKINE CP ENR 200 MG B/40,"NEUROLOGIE, ANTIEPILEPTIQUES",ACIDE VALPROÏQUE
3192276,DEPAKINE CP ENR 500 MG B/40,"NEUROLOGIE, ANTIEPILEPTIQUES",ACIDE VALPROÏQUE
3029300,DEPAKINE 200MG/ML SOL BUV FL/40ML,"NEUROLOGIE, ANTIEPILEPTIQUES",ACIDE VALPROÏQUE
3263450,"DEPAKINE 57,64 MG/ML SIROP FL/150ML","NEUROLOGIE, ANTIEPILEPTIQUES",ACIDE VALPROÏQUE
3207061,DEPAMIDE CP ENR 300 MG B/30,"NEUROLOGIE, ANTIEPILEPTIQUES",VALPROMIDE
3029352,DEPO MEDROL SUSP INJ 40 MG/ML B1,ANTI-INFLAMMATOIRE STEROIDIEN (AIS),METHYLPREDNISOLONE
3229648,DEPO MEDROL SUSP INJ 80 MG/2ML B1,ANTI-INFLAMMATOIRE STEROIDIEN (AIS),METHYLPREDNISOLONE
3029412,DERINOX SOL P PULV NAS FL/15 ML,"ORL, DECONGESTIONNANTS",NAPHAZOLINE+PREDNISOLONE
8940671,"DERISE SOL INJECT EN SER PRE-REMPLIE 25MCG/ 0,42ML B/1","HEMATOLOGIE, ANTIANEMIQUE",DARBEPOIETINE ALFA
9002791,"DERISE SOL INJECT EN SER PRE-REMPLIE 40MCG/ 0,42ML B/1","HEMATOLOGIE, ANTIANEMIQUE",DARBEPOIETINE ALFA
3029435,DERMACIDE SOL P APPL CUT FL/250 ML,"DERMATOLOGIE, ANTISEPTIQUE LOCAL",SODIUM LAURYL SULFATE+OXYQUINOL+SODIUM PROPIONATE+ACETYLCYSTEINE+ACIDE SALICYLIQUE
3029429,DERMACIDE SOL P APPL LOC FL/500 ML,"DERMATOLOGIE, ANTISEPTIQUE LOCAL",SODIUM LAURYL SULFATE+OXYQUINOL+SODIUM PROPIONATE+ACETYLCYSTEINE+ACIDE SALICYLIQUE
2479019,DERMAZOLE CREME 2% TUBE DE 15G,"DERMATOLOGIE, ANTIFONGIQUE LOCAL",KETOCONAZOLE
8414468,DERMIA D CREME TUBE DE 30 G,"DERMATOLOGIE,DERMOCORTICOIDE",BETAMETHASONE
8013717,DERMIA D CREME T/30 G,"DERMATOLOGIE,DERMOCORTICOIDE(AIS)",BETAMETHASONE
8037746,DERMIA SALICIA CREME T/30 G,"DERMATOLOGIE,DERMOCORTICOIDE(AIS)",BETAMETHASONE+ACIDE SALICYLIQUE
1304451,DERMITER CREME 1% T/5G,"DERMATOLOGIE, ANTIFONGIQUE",TERBINAFINE
3006928,DERMITER 250 MG CPRB/30,ANTIFONGIQUE SYSTEMIQUE,TERBINAFINE
3484079,DERMOBACTER SOL P APPL LOC FL/125 ML,"DERMATOLOGIE, ANTISEPTIQUE LOCAL",BENZALKONIUM+CHLORHEXIDINE
3484085,DERMOBACTER SOL P APPL LOC FL/300 ML,"DERMATOLOGIE, ANTISEPTIQUE LOCAL",BENZALKONIUM+CHLORHEXIDINE
3029530,DERMOCUIVRE PDE T/25,"DERMATOLOGIE, TOPIQUE A ACTIVITE TROPHIQUE OU PROTECTRICE",OXYDE DE ZINC+SULFATE DE CUIVRE
2026127,DERMOFIX CREME T/20 G,"DERMATOLOGIE, ANTIFONGIQUE LOCAL",SERTACONAZOLE
2027440,DERMOSALIC LOTION DERM FL/30 ML,"DERMATOLOGIE,DERMOCORTICOIDE(AIS)",BETAMETHASONE+ACIDE SALICYLIQUE
2027457,DERMOSALIC PDE T/30 G,"DERMATOLOGIE,DERMOCORTICOIDE(AIS)",BETAMETHASONE+ACIDE SALICYLIQUE
2027463,DERMOSONE CREME TUBE DE 15 G,"DERMATOLOGIE,DERMOCORTICOIDE(AIS)",BETAMETHASONE
2027486,DERMOSONE NEO CREME T/15 G,"DERMATOLOGIE,DERMOCORTICOIDE(AIS)",BETAMETHASONE + NEOMYCINE
2027492,DERMOSONE NEO POMMADE TUBE DE 15G,"DERMATOLOGIE,DERMOCORTICOIDE(AIS)",BETAMETHASONE + NEOMYCINE
2027500,"DERMOSONE POM 0,05% T/15G","DERMATOLOGIE,DERMOCORTICOIDE(AIS)",BETAMETHASONE
3204329,"DERMOVAL CREME 0,5% T/10 G","DERMATOLOGIE,DERMOCORTICOIDE(AIS)",CLOBETASOL
3352538,DEROXAT CP PELL 20 MG B/14,"PSYCHIATRIE, ANTIDEPRESSEURS",PAROXETINE
8086053,DERZOL CP 150 MG B/4,ANTIFONGIQUE SYSTEMIQUE,FLUCONAZOLE
3629795,DESLATYNE CP 5 MG B/10,"ALLERGOLOGIE,ANTIHISTAMINIQUE",DESLORATADINE
3653951,DESLINE COMPRIME 5MG B/30,"ALLERGOLOGIE, ANTIHISTAMINIQUE",DESLORATADINE
3101201,DESLOCREAT CP PELL 5 MG B/10,"ALLERGOLOGIE,ANTIHISTAMINIQUE",DESLORATADINE
8082285,DESLOR CP 5MG B/15,"ALLERGOLOGIE,ANTIHISTAMINIQUE",DESLORATADINE
3323366,DESLORA DENK CP B/10,"ALLERGOLOGIE,ANTIHISTAMINIQUE",DESLORATADINE
4199903,DESLORATADINE BIOGARAN COMPRIME PELLICULE B/15,"ALLERGOLOGIE, ANTIHISTAMINIQUE",DESLORATADINE
4199949,DESLORATADINE BIOGARAN COMPRIME PELLICULE B/30,"ALLERGOLOGIE, ANTIHISTAMINIQUE",DESLORATADINE
3990329,DESLORATADINE SP CP PELL 5 MG B/10,"ALLERGOLOGIE,ANTIHISTAMINIQUE",DESLORATADINE
3029955,DESOMEDINE CY FL/10 ML,"OPHTALMOLOGIE, ANTISEPTIQUES LOCAUX",HEXAMIDINE
3284506,DETENSIEL CP 10 MG B/28,"ANTIHYPERTENSEUR, BÊTABLOQUANT",BISOPROLOL
3209686,DETURGYLONE PDRE ET SOLV P PULV NAS FL/10 ML,"ORL, DECONGESTIONNANTS",PREDNISOLONE+OXYMETAZOLINE
3415917,DEXACYL-Z SOLUTION INJECTABLE 4MG/ML IM/IV B/10,ANTI-INFLAMMATOIRE STEROIDIEN (AIS),DEXAMETHASONE
3570951,DEXAMETHASONE-INAD SOLUTION INJECTABLE IM/ IV 8MG/2ML BT 3,ANTI-INFLAMMATOIRE STEROIDIEN (AIS),DEXAMETHASONE
5050101,"DEXAMEX CY 0,1% FL/5 ML","OPHTALMOLOGIE, ANTI-INFLAMMATOIRES ET ANTIBACTERIENS LOCAUX",NEOMYCINE + DEXAMETHASONE
8597983,DEXAPRIN COLLYRE FL/10ML,"OPHTALMOLOGIE, ANTIINFLAMMATOIRES ET ANTIBACTERIENS LOCAUX",DEXAMETHASONE + NEOMYCINE
3485222,DEXEF GELULE 500 MG B/12,"ANTIBIOTIQUE, CEPHALOSPORINE",CEFRADINE
3404459,DEXERYL CREME POT DE 250 G,"DERMATOLOGIE, TOPIQUE A ACTIVITE TROPHIQUE OU PROTECTRICE",GLYCEROL + VASELINE + VASELINE LIQUIDE
8003943,DEXOPTIC-N CY FL/10 ML,"OPHTALMOLOGIE, ANTI-INFLAMMATOIRES ET ANTIBACTERIENS LOCAUX",NEOMYCINE + DEXAMETHASONE
3380796,DEXORICH SIROP FL/200 ML,"HEMATOLOGIE, ANTIANEMIQUES",FER+AC FOLIQUE+VIT B12
2482860,DEXPURE 10MG CPR PELL B/30,"GASTRO.E.H., ULCERE GASTRODUODENAL",DEXRABEPRAZOLE
3992463,DIABETMIN CP 500 MG B/100,BIGUANIDE ANTIDIABETIQUE,METFORMINE
8096502,DIABIREL CP 1 MG B/30,SULFAMIDE ANTIDIABETIQUE,GLIMEPIRIDE
8096531,DIABIREL CP 2 MG B/30,SULFAMIDE ANTIDIABETIQUE,GLIMEPIRIDE
8096560,DIABIREL CP 3 MG B/30,SULFAMIDE ANTIDIABETIQUE,GLIMEPIRIDE
8096608,DIABIREL CP 4 MG B/30,SULFAMIDE ANTIDIABETIQUE,GLIMEPIRIDE
5500590,DIACOL SIROP FL/200 ML,"PNEUMOLOGIE, ANTITUSSIF",DEXTROMETORPHANE
3192603,DIAFORMINE CP 1000MG B/30,BIGUANIDE ANTIDIABETIQUE,METFORMINE
3192689,DIAFORMINE CP 500 MG B/30,BIGUANIDE ANTIDIABETIQUE,METFORMINE
3192641,DIAFORMINE CP 850 MG B/30,BIGUANIDE ANTIDIABETIQUE,METFORMINE
3036297,DIAGLIM CP 1 MG B/30,SULFAMIDE ANTIDIABETIQUE,GLIMEPIRIDE
3036334,DIAGLIM CP 2 MG B/30,SULFAMIDE ANTIDIABETIQUE,GLIMEPIRIDE
3036372,DIAGLIM CP 3 MG B/30,SULFAMIDE ANTIDIABETIQUE,GLIMEPIRIDE
3036419,DIAGLIM CP 4 MG B/30,SULFAMIDE ANTIDIABETIQUE,GLIMEPIRIDE
2474454,DIAMEZID COMP PELLIC LM 60MG B/30,SULFAMIDE ANTIDIABETIQUE,GLICLAZIDE
3381468,DIAMICRON CP LM 60MG B/30,SULFAMIDE ANTIDIABETIQUE,GLICLAZIDE
3148648,DIAMIN CP 1000MG B/30,BIGUANIDE ANTIDIABETIQUE,METFORMINE
3030527,DIAMOX CP 250 MG B/24,"OPHTALMOLOGIE, ANTIGLAUCOMATEUX",ACETAZOLAMIDE
3050533,DIAMOX PDRE P P INJ 500 MG B/1,"OPHTALMOLOGIE, ANTIGLAUCOMATEUX",ACETAZOLAMIDE
3331071,DIANTALEX COMPRIMES SECABLES 500MG/250MG/ 50MG B/10,ANTALGIQUE/ANTIPYRETIQUE + AINS,"PARACETAMOL, CHLORZOXAZONE, DICLOFENAC"
8020002,DIAPRIDE PLUS CP PELL SR 2MG/500MG B/30,AUTRES ANTIDIABETIQUES,GLIMEPIRIDE + METFORMINE
8024796,DIAPRIDE-1 CP 1 G B/30,SULFAMIDE ANTIDIABETIQUE,GLIMEPIRIDE
8044505,DIAPRIDE-4 CP 4 MG B/30,SULFAMIDE ANTIDIABETIQUE,GLIMEPIRIDE
3218105,DIAREAL POUDRE SACHET 3G B/30,"GASTRO.E.H., ANTIACIDE ET PANSEMENT GASTROINTESTINAL",DIOSMECTITE
3321867,DIARLOC 2 CP 2 MG B/20,"GASTRO.E.H., ANTI- DIARRHEIQUE",LOPERAMIDE
2473017,DIARTEM IG SUSP 1/8MG 120ML,"PARASITOLOGIE, ANTIPALUDIQUE",DIHYDROARTEMISININE + PIPERAQUINE
2472991,DIARTEM IG 120MG/960MG CPR BT3,"PARASITOLOGIE, ANTIPALUDIQUE",DIHYDROARTEMISININE + PIPERAQUINE
2472992,DIARTEM IG 40MG/320MG CPR BT12,"PARASITOLOGIE, ANTIPALUDIQUE",DIHYDROARTEMISININE + PIPERAQUINE
2294833,DIARYL GELULE 200 MG B/20,"GASTRO.E.H., ANTI- DIARRHEIQUE",NIFUROXAZIDE
3394175,DIARZIL CP B/12,"GASTRO.E.H., ANTI- DIARRHEIQUE",LOPERAMIDE
8087667,DIBIZIDE - M CP B/30,AUTRES ANTIDIABETIQUES,GLIMEPIRIDE+METFORMINE
5612060,DIBIZIDE CP 5 MG B/30,SULFAMIDE ANTIDIABETIQUE,GLIPIZIDE
3144886,"DICACILLINE INJ 1,2 MUI B/1","ANTIBIOTIQUE, PENICILLINE",BENZATHINE PENICILLINE
3144923,"DICACILLINE PDRE P P INJ 2,4 MUI B/1","ANTIBIOTIQUE, PENICILLINE",BENZATHINE BENZYLPENICILLINE
3144848,DICACILLINE PDRE P P INJ 600000 UI B/1,"ANTIBIOTIQUE, PENICILLINE",BENZATHINE BENZYLPENICILLINE
3387620,DICETEL CP ENR 100 MG B/30,ANTISPASMODIQUE,PINAVERIUM BROMURE
3272383,DICETEL CP ENR 50 MG B/20,ANTISPASMODIQUE,PINAVERIUM BROMURE
2296482,DICLIN INJECTION 75MG/3ML B/2,ANTI-INFLAMMATOIRE NON STEROIDIEN (AINS),DICLOFENAC
5050027,DICLO DENK AMP INJ 75MG B/10,ANTI-INFLAMMATOIRE NON STEROIDIEN (AINS),DICLOFENAC
8021421,DICLO DENK CP 100MG PLAQUETTE DE 10,ANTI-INFLAMMATOIRE NON STEROIDIEN (AINS),DICLOFENAC
4212880,DICLO DENK CP 50 MG B/20,ANTI-INFLAMMATOIRE NON STEROIDIEN (AINS),DICLOFENAC
8021415,DICLO DENK CP 50MG PLAQUETTE DE 10,ANTI-INFLAMMATOIRE NON STEROIDIEN (AINS),DICLOFENAC
4212897,DICLO DENK RETARD CP 100 MG B/10,ANTI-INFLAMMATOIRE NON STEROIDIEN (AINS),DICLOFENAC
8021467,DICLO DENK SUPPO 100 MG B/10,ANTI-INFLAMMATOIRE NON STEROIDIEN (AINS),DICLOFENAC
3234457,DICLO PHARMA 5 SUPPO 100MG B/10,ANTI-INFLAMMATOIRE NON STEROIDIEN (AINS),DICLOFENAC
3429143,DICLOAS CP 50 MG B/20,ANTI-INFLAMMATOIRE NON STEROIDIEN (AINS),DICLOFENAC
8177354,DICLOAS-SP COMPRIMES 50MG/10MG B/20,ANTI-INFLAMMATOIRE NON STEROIDIEN (AINS),"DICLOFENAC, SERRATIOPEPTIDASE"
3668224,DICLOCED COLLYRE EN SOLUTION 1MG/ML FL/ 10ML,"OPHTALMOLOGIE, ANTI-INFLAMMATOIRES LOCAUX",DICLOFENAC
3614281,DICLOCHEK COLLYRE 1MG/ML FL 5ML,"OPHTALMOLOGIE, ANTIINFLAMMATOIRE",DICLOFENAC SODIQUE
6000465,DICLOFEN CP 25 MG B/30,ANTI-INFLAMMATOIRE NON STEROIDIEN (AINS),DICLOFENAC
6000472,DICLOFEN CP 50 MG B/30,ANTI-INFLAMMATOIRE NON STEROIDIEN (AINS),DICLOFENAC
5050095,DICLOFEN CP 50 MG B/30,ANTI-INFLAMMATOIRE NON STEROIDIEN (AINS),DICLOFENAC
6000489,DICLOFEN SUPPO 100 MG B/10,ANTI-INFLAMMATOIRE NON STEROIDIEN (AINS),DICLOFENAC
5050093,DICLOFEN SUPPO 75MG B/10,ANTI-INFLAMMATOIRE NON STEROIDIEN (AINS),DICLOFENAC
2479381,DICLOFENAC AFRICURE COMPRIME 50MG B/20,ANTI-INFLAMMATOIRE NON STEROIDIEN (AINS),DICLOFENAC
3224793,DICLOFENAC GENERIS CP 50MG B/60,ANTI-INFLAMMATOIRE NON STEROIDIEN (AINS),DICLOFENAC
2474100,DICLOFENAC TM COMP 50MG B/40,ANTIINFLAMMATOIRE NON STEROIDIEN (AINS),DICLOFENAC
8099512,DICLOFENAC 75 MG UBI DETAIL SOL INJ 75MG/ 3ML PAR UNITE,ANTI-INFLAMMATOIRE NON STEROIDIEN (AINS),DICLOFENAC
8005540,DICLOPAL GEL P APPL LOC 1% T/100 G,ANTI-INFLAMMATOIRE NON STEROIDIEN (AINS),DICLOFENAC
8274866,DICLOPAR CP B/10,ANTALGIQUE/ANTIPYRETIQUE + AINS,PARACETAMOL+DICLOFENAC
8161493,DICLOPAR PLUS COMP B/30,ANTALGIQUE/ANTIPYRETIQUE + AINS,DICLOFENAC + PARACETAMOL + CHLORZOXAZONE
3179321,DICLOSHA SR CP LP 100MG B/20,ANTI-INFLAMMATOIRE NON STEROIDIEN (AINS),DICLOFENAC
9994565,DICLOSIM CP 325MG/50MG B/20,ANTALGIQUE/ANTIPYRETIQUE + AINS,PARACETAMOL+DICLOFENAC
2473320,DICLOSON AQ 75 MG/1ML INJ B/5,ANTIINFLAMMATOIRE NON STEROIDIEN,DICLOFENAC
2474313,DICLOSON COMP 50MG B/30,ANTIINFLAMMATOIRE NON STEROIDIEN (AINS),DICLOFENAC
2474318,DICLOSON-S COMP 50MG B/30,ANTIINFLAMMATOIRE NON STEROIDIEN (AINS),DICLOFENAC + SERREPEPTIDASE
2479017,DICLOTOL COMPRIMES PELLICULES 100MG B/10,ANTIINFLAMMATOIRE NON STEROIDIEN (AINS),ACECLOFENAC
3809129,DICLOWAL 4% SOLUTION POUR PULVERISATION CUTANEE FL/30ML,ANTI INFLAMMATOIRE NON STEROIDIEN,DICLOFENAC
8085881,DICOFEN CP 100 MG B/30,ANTI-INFLAMMATOIRE NON STEROIDIEN (AINS),DICLOFENAC
2297300,DICOFEN CP 50MG PLAQUETTE DE 10,ANTI-INFLAMMATOIRE NON STEROIDIEN (AINS),DICLOFENAC
3326374,DICOLATE GEL P APPL LOC 1% T/30G,ANTI-INFLAMMATOIRE NON STEROIDIEN (AINS),"DICLOFENAC, SALICYLATE DE METHYL, MENTHOL"
3381892,DICOPAIN SOL INJ AMP 75MG IM/IV /3ML B/5,ANTI-INFLAMMATOIRE NON STEROIDIEN (AINS),DICLOFENAC
1143707,DICOR COMPRIME 50MG B/30,AUTRES ANTIDIABETIQUES,VIDAGLIPTINE
1143604,DICOR M COMPRIME 50MG/1000MG B/30,AUTRES ANTIDIABETIQUES,VIDAGLIPTINE + METFORMINE
1143802,DICOR M COMPRIME 50MG/500MG B/30,AUTRES ANTIDIABETIQUES,VIDAGLIPTINE + METFORMINE
2278656,DICYNONE AMP INJ 250MG B/4,"HEMOSTASE, ANTIFIBRINOLTYQUES",ETAMSYLATE
9000214,DICYNONE GELULE 500 MG B/20,"HEMOSTASE, ANTIFIBRINOLTYQUES",ETAMSYLATE
3555903,DIFAL GEL P APPL LOC 1% T/50 G,ANTI-INFLAMMATOIRE NON STEROIDIEN (AINS),DICLOFENAC
3555897,DIFAL GEL 1% TUBE DE 20G,ANTI-INFLAMMATOIRE NON STEROIDIEN (AINS),DICLOFENAC
8073961,DIFENASOL CY FL/5 ML,"OPHTALMOLOGIE, ANTI-INFLAMMATOIRES LOCAUX",DICLOFENAC
3290599,DIFFU K GELULE 600 MG B/40,COMPLEMENTS MINERAUX,CHLORURE DE POTASSIUM
8538242,DIFLUZOL GELULE 150MG B/1,ANTIFONGIQUE SYSTEMIQUE,FLUCONAZOLE
8538243,DIFLUZOL GELULE 150MG B/2,ANTIFONGIQUE SYSTEMIQUE,FLUCONAZOLE
8538244,DIFLUZOL GELULE 150MG B/4,ANTIFONGIQUE SYSTEMIQUE,FLUCONAZOLE
6000960,DIFLUZOL GELULE 50 MG B/7,ANTIFONGIQUE SYSTEMIQUE,FLUCONAZOLE
3788844,DIGEREX SIROP FL/120ML,"GASTRO E.H, TROUBLES FONCTIONNELS DIGESTIFS",SIMÉTHICONE + PAPAÎNE + ALPHA AMYLASE
3435694,DIGESTAT SUPPOSITOIRES 100MG B/10,ANTISPASMODIQUE,TRIMEBUTINE
3346609,"DIGOXINE CP 0,25 MG B/30","CARDIOLOGIE, TRAITEMENT DE L'INSUFFISANCE CARDIAQUE",DIGOXINE
3116341,DIGOXINE SOL GTTE BUV FL/60 ML,"CARDIOLOGIE, TRAITEMENT DE L'INSUFFISANCE CARDIAQUE",DIGOXINE
3031774,DILATRANE 100 GELULE LP 100 MG B/30,"PNEUMOLOGIE, ANTIASTHMATIQUE",THEOPHYLLINE
3031768,DILATRANE 200 GELULE LP 200 MG B/30,"PNEUMOLOGIE, ANTIASTHMATIQUE",THEOPHYLLINE
3278799,DILATRANE 300 GELULE LP 300 MG B/30,"PNEUMOLOGIE, ANTIASTHMATIQUE",THEOPHYLLINE
3384206,DILTIGESIC GEL P APPL LOC 2% T/30 G,"GASTRO.E.H., MEDICAMENT DE PROCTOLOGIE",DILTIAZEM
3626651,DIMETANE SANS SUCRE SIROP FL/200 ML,"PNEUMOLOGIE, ANTITUSSIF",PHOLCODINE
3574317,"DIMI GEL TUBE 1,16% TUBE DE 30G",ANTI-INFLAMMATOIRE NON STEROIDIEN (AINS),DICLOFENAC
3047183,DIMIDON SUSP BUV FL/200 ML,ANTI-INFLAMMATOIRE NON STEROIDIEN (AINS),IBUPROFENE
2481485,DINOPAT 1MG/ML COLLYRE FLACON DE 5 ML,"OPHTALMOLOGIE, ANTIALLERGIQUES LOCAUX",OLOPATADINE
3006188,DIPALUQUINE L CP 40MG/320MG B/12,"PARASITOLOGIE, ANTIPALUDIQUE",DIHYDROARTEMISININE + PIPERAQUINE
3000127,DIPALUQUINE M CP PELL 40MG/320MG B/9,"PARASITOLOGIE, ANTIPALUDIQUE",DIHYDROARTEMISININE + PIPERAQUINE
3000171,DIPALUQUINE S COMPRIMES 40MG/320MG B/6,"PARASITOLOGIE, ANTIPALUDIQUE",DIHYDROARTEMISININE + PIPERAQUINE
8075003,DIPARA CPR B/10,ANTALGIQUE/ANTIPYRETIQUE + AINS,DICLOFENAC + PARACETAMOL
2477236,DIPENEME PDRE POUR SOLUTION INJECTABLE 500MG/500MG B/1,"ANTIBIOTIQUES, AUTRES BETA LACTAMIDES",IMIPENEME + CILASTATINE
3343845,DIPHOS CP PELL 40MG/320MG B/9,"PARASITOLOGIE, ANTIPALUDIQUE",DIHYDROARTEMISININE + PIPERAQUINE
8056299,DIPICOR CP 5 MG B/30,"ANTIHYPERTENSEUR, INHIBITEUR CALCIQUE",AMLODIPINE
3032319,DIPIPERON CP 40 MG B/20,"PSYCHIATRIE, NEUROLEPTIQUES",PIPAMPERONE
3375580,"DIPROLENE CREME 0,05% T/15 G","DERMATOLOGIE,DERMOCORTICOIDE(AIS)",BETAMETHASONE
3275826,DIPROLENE PDE T/15 G,"DERMATOLOGIE,DERMOCORTICOIDE(AIS)",BETAMETHASONE
3230924,DIPROSALIC PDE T/30 G,"DERMATOLOGIE,DERMOCORTICOIDE(AIS)",BETAMETHASONE+ACIDE SALICYLIQUE
3225314,DIPROSEPT CREME T/30 G,"DERMATOLOGIE,DERMOCORTICOIDE(AIS)",CLIOQUINOL+BETAMETHASONE
3230901,"DIPROSONE CREME 0,05% T/30 G","DERMATOLOGIE,DERMOCORTICOIDE(AIS)",BETAMETHASONE
3230829,"DIPROSONE PDE 0,05% T/30 G","DERMATOLOGIE,DERMOCORTICOIDE(AIS)",BETAMETHASONE
3200509,DIPROSTENE SUSP INJ B/1,ANTI-INFLAMMATOIRE STEROIDIEN (AIS),BETAMETHASONE
2472966,DIP-3 CP 360MG B/9,"PARASITOLOGIE, ANTIPALUDIQUE",DIHYDOARTEMISINE + PIPERAQUINE
8060214,DISLEP AMP INJ 25 MG B/6,"GASTRO.E.H., NAUSEES ET VOMISSEMENTS",LEVOSULPIRIDE
8060177,DISLEP CP 25 MG B/20,"GASTRO.E.H., NAUSEES ET VOMISSEMENTS",LEVOSULPIRIDE
3424261,DISMIGRAS CP PELL 10 MG B/30,HYPOLIPEMIANT,ROSUVASTATINE
3505113,DISMIGRAS CP PELL 20MG B/30,HYPOLIPEMIANT,ROSUVASTATINE
8412573,DISMIGRAS CP 5 MG B/30,HYPOLIPEMIANT,ROSUVASTATINE
8083445,DISTEM COMPRIMES 300MG/380MG B/50,ANTALGIQUE/ANTIPYRETIQUE,PARACETAMOL + METHOCARBAMOL
1508821,DISWAR PLUS SACHET 1G B/14,"ANTIBIOTIQUE, PENICILLINE",AMOXICILLINE + ACIDE CLAVULANIQUE
1526331,DISWAR PLUS SACHET 500MG B/14,"ANTIBIOTIQUE, PENICILLINE",AMOXICILLINE + ACIDE CLAVULANIQUE
1353351,D-LOR COMP PLAQUETTE DE 10,"ALLERGOLOGIE, ANTIHISTAMINIQUE",DESLORATADINE
1353341,"D-LOR SUSP 0,5MG FL/60ML","ALLERGOLOGIE, ANTIHISTAMINIQUE",DESLORATADINE
3411865,DOCETAXEL BIO AMPOULE INJECTABLE DETAIL 20MG/ML,"CANCEROLOGIE, ANTINEOPLASIQUE",DOCETAXEL
3411872,DOCETAXEL BIOLYSE AMPOULE INJECTABLE DETAIL 80MG/4ML,"CANCEROLOGIE, ANTINEOPLASIQUE",DOCETAXEL
3032880,DOGMATIL FORT CP 200 MG B/12,"PSYCHIATRIE, NEUROLEPTIQUES",SULPIRIDE
3032897,DOGMATIL GELULE 50 MG B/30,"PSYCHIATRIE, NEUROLEPTIQUES",SULPIRIDE
6190394,DOLAMINE CP B/20,ANTALGIQUE/ANTIPYRETIQUE,"PARACETAMOL, PROMETHAZINE, CAFEINE"
8098984,DOLEX GELULE 50 MG B/30,ANTALGIQUE OPIACE FAIBLE,TRAMADOL
3004157,DOLFLAM GEL P APPL LOC 1% T/50 G,ANTI-INFLAMMATOIRE NON STEROIDIEN (AINS),DICLOFENAC
8598570,DOLIMEX SOL INJ P PERFUSION FL/100ML,ANTALGIQUE /ANTIPYRETIQUE,PARACETAMOL
2472995,DOLIMEX CP EFF 1000MG B/8,ANTALGIQUE/ANTIPYRETIQUE,PARACETAMOL
2473000,DOLIMEX CP EFF 500MG B/16,ANTALGIQUE/ANTIPYRETIQUE,PARACETAMOL
3145869,DOLIMEX MIGRAINE CP EFFERVESCENTS 500MG/ 50MG B/16,ANTALGIQUE/ANTIPYRETIQUE,PARACETAMOL+CAFEINE
2472997,DOLIMEX SACHET 1000MG B/8,ANTALGIQUE/ANTIPYRETIQUE,PARACETAMOL
2472998,DOLIMEX SACHET 200MG/12,ANTALGIQUE/ANTIPYRETIQUE,PARACETAMOL
2472999,DOLIMEX SACHET 300MG B/12,ANTALGIQUE/ANTIPYRETIQUE,PARACETAMOL
2473001,DOLIMEX SACHET 500MG B/12,ANTALGIQUE/ANTIPYRETIQUE,PARACETAMOL
2472993,DOLIMEX SUPPO 125MG /10,ANTALGIQUE/ANTIPYRETIQUE,PARACETAMOL
2472994,DOLIMEX SUPPO 250MG B/10,ANTALGIQUE/ANTIPYRETIQUE,PARACETAMOL
3307199,DOLIPRANE CP EFF 500 MG B/16,ANTALGIQUE/ANTIPYRETIQUE,PARACETAMOL
3595583,DOLIPRANE CP SEC 1000MG B/8,ANTALGIQUE/ANTIPYRETIQUE,PARACETAMOL
3499945,DOLIPRANE GD ENF PDRE P SUSP BUV 300 MG/ SACH B/12,ANTALGIQUE/ANTIPYRETIQUE,PARACETAMOL
3481017,DOLIPRANE GD ENF SUPPO 300 MG B/10,ANTALGIQUE/ANTIPYRETIQUE,PARACETAMOL
3499879,DOLIPRANE J ENF PDRE P SUSP BUV 150 MG/ SACH B/12,ANTALGIQUE/ANTIPYRETIQUE,PARACETAMOL
3480986,DOLIPRANE J ENF SUPPO 200 MG B/10,ANTALGIQUE/ANTIPYRETIQUE,PARACETAMOL
3499833,DOLIPRANE NOUR PDRE P SUSP BUV 100 MG/ SACH B/12,ANTALGIQUE/ANTIPYRETIQUE,PARACETAMOL
3480911,DOLIPRANE NOUR SUPPO 100 MG B/10,ANTALGIQUE/ANTIPYRETIQUE,PARACETAMOL
3499916,DOLIPRANE PDRE P SUSP BUV 200 MG/SACH B/12,ANTALGIQUE/ANTIPYRETIQUE,PARACETAMOL
3233154,DOLIPRANE PDRE P SUSP BUV 500 MG/SACH B/12,ANTALGIQUE/ANTIPYRETIQUE,PARACETAMOL
3766501,DOLIPRANE VITAMINE C CP 500MG/150MG B/2X8,ANTALGIQUE/ANTIPYRETIQUE,PARACETAMOL + ACIDE ASCORBIQUE
5015726,DOLIPRANE 1G CP EFF 1G B/8,ANTALGIQUE/ANTIPYRETIQUE,PARACETAMOL
8015691,DOLIPREX PDRE P SOL BUV EN SACH B/8,"ORL,ANTI-GRIPPE,ANTI-RHUME",PARACETAMOL+AC ASCORBIQUE+PSEUDOEPHEDRINE
3412559,DOLIRHUME CP B/16,"ORL,ANTI-GRIPPE,ANTI-RHUME",PARACETAMOL+PSEUDOEPHEDRINE
3624669,DOLKO CP 1 G B/8,ANTALGIQUE/ANTIPYRETIQUE,PARACETAMOL
3304835,DOLKO NOUR SUPPO 80 MG B/10,ANTALGIQUE/ANTIPYRETIQUE,PARACETAMOL
3338194,DOLKO SOL BUV 3% FL/90 ML,ANTALGIQUE/ANTIPYRETIQUE,PARACETAMOL
8644990,DOLMUS CP B/10,ANTALGIQUE/ANTIPYRETIQUE + AINS,METHOCARBAMOL + PARACETAMOL+ DICLOFENC
9001490,DOLNESS CP PELLICULES 325MG/37,"ANTALGIQUE/ANTIPYRETIQUE, ASSOCIATION CONTENANT UN OPIACE",PARACETAMOL + TRAMADOL
3201275,DOLO DENK GEL P APPL LOC T/20 G,ANTI-INFLAMMATOIRE NON STEROIDIEN (AINS),ETOFENAMATE
3271476,DOLO DENK GEL P APPL LOC T/50 G,ANTI-INFLAMMATOIRE NON STEROIDIEN (AINS),ETOFENAMATE
1523361,DOLOCAP COMP B/30,ANTISPASMODIQUE,PHLOROGLUCINOL
1494861,DOLOCAP INJECTION 40MG/4ML B/6,ANTISPASMODIQUE,PHLOROGLUCINOL
3427035,DOLODENT SOL GINGIVAL FL/36G,"STOMATOLOGIE,BAIN DE BOUCHE,GARGARISME ET GELS",AMYLEINE
8085148,DOLOGAN DENK 250MG/200MG/50MG COMPRIMÉS PELLICULÉS BTE DE 20,ANTALGIQUE/ANTIPYRETIQUE + AINS,PARACÉTAMOL + IBUPROFÈNE + CAFÉINE
3217788,DOLOMAX GEL P APPL LOC 1% T/30G,ANTI-INFLAMMATOIRE NON STEROIDIEN (AINS),DICLOFENAC
8418414,DOLOSPASM CP PELL 10MG/500MG B/10,ANTISPASMODIQUE,BUTYLBROMURE DE SCOPOLAMINE + PARACETAMOL
2484095,"DOLOSTOP SIROP 2,4% FL 90ML",ANTALGIQUE/ANTIPYRETIQUE,PARACETAMOL
2484093,DOLOSTOP 1000MG CP EFFER B/8,ANTALGIQUE/ANTIPYRETIQUE,PARACETAMOL
2484094,DOLOSTOP 500MG CPR EFF BT 16,ANTALGIQUE/ANTIPYRETIQUE,PARACETAMOL
2026972,DOLOTREN AMPOULE INJECTABLE 75MG FL/3ML B/6,ANTI-INFLAMMATOIRE NON STEROIDIEN (AINS),DICLOFENAC
8005706,DOLOTREN CP DISPERS B/40,ANTI-INFLAMMATOIRE NON STEROIDIEN (AINS),DICLOFENAC
2026966,DOLOTREN GEL P APPL LOC T/60 G,ANTI-INFLAMMATOIRE NON STEROIDIEN (AINS),DICLOFENAC
8076439,DOLOWIN PLUS COMPRIMES PELLICULES 100MG/ 500MG B/30,ANTALGIQUE/ANTIPYRETIQUE + AINS,ACECLOFENAC + PARACETAMOL
8020143,DOLOWIN-SR CP LP 200 MG B/30,ANTI-INFLAMMATOIRE NON STEROIDIEN (AINS),ACECLOFENAC
2276232,DOLREX LP 100 GELULE B/20,ANTI-INFLAMMATOIRE NON STEROIDIEN (AINS),DICLOFENAC
3357804,DOLVEN CP PELL 400 MG B/20,ANTI-INFLAMMATOIRE NON STEROIDIEN (AINS),IBUPROFENE
3357767,DOLVEN GELULE 200 MG B/20,ANTI-INFLAMMATOIRE NON STEROIDIEN (AINS),IBUPROFENE
3357728,DOLVEN PEDIATRIQUE SUSP BUVABLE 20MG/ML FL/120ML,ANTI-INFLAMMATOIRE NON STEROIDIEN (AINS),IBUPROFENE
3045411,DOLYC CP 1000MG B/10,ANTALGIQUE/ANTIPYRETIQUE,PARACETAMOL
3886212,DOMPANTO GELULE 40MG/30MG B/10,"GASTRO EH, ULCERE GASTRO-DUODENAL",PANTOPRAZOLE + DOMPERIDONE
2478850,DOMPANTO 40MG/30MG GELULES B/10,"GASTRO.E.H., ULCERE GASTRODUODENAL",PANTOPRAZOLE + DOMPERIDONE
3916880,DOMPAWOOD SR GELULE 40MG/30MG B/20,"GASTRO EH, ULCERE GASTRO-DUODENAL",PANTOPRAZOLE + DOMPERIDONE
2482530,DOMPAWOOD SR 40MG/30MG GELULES B/20,"GASTRO.E.H., ULCERE GASTRODUODENAL",PANTOPRAZOLE + DOMPERIDONE
3060087,DOMPERIDONE BIOGARAN CP 10MG B/20,"GASTRO E H, NAUSEES , VOMISSEMENT",DOMPERIDONE
8063371,"DONTOMYCINE CP 1,5 MUI B/16","ANTIBIOTIQUE, MACROLIDE",SPIRAMYCINE
8063365,DONTOMYCINE CP 3MUI B10,"ANTIBIOTIQUE, MACROLIDE",SPIRAMYCINE
2477238,DOPENEME PDRE P SOLUT INJ 1000MG B/1,"ANTIBIOTIQUES, AUTRES BETA LACTAMIDES",MEROPENEME
2477237,DOPENEME PDRE P SOLUT INJ 500MG B/1,"ANTIBIOTIQUES, AUTRES BETA LACTAMIDES",MEROPENEME
1344531,DORSUN-T CY FL/5ML,"OPHTALMOLOGIE, ANTIGLAUCOMATEUX",DORZOLAMIDE + TIMOLOL
1888811,DORZIMOL COLL 20MG/20ML COLL FL/5ML,"OPHTALMOLOGIE, ANTIGLAUCOMATEUX",DORZOLAMINE + TIMOLOL
3012269,DORZOLAMIDE / TIMOLOL BIOGARAN COLLYRE 20/5MG B/1,"OPHTALMOLOGIE, ANTIGLAUCOMATEUX",DORZOLAMIDE + TIMOLOL
3011901,DORZOLAMIDE BIOGARAN COLLYRE 20MG/ML B/1,"OPHTALMOLOGIE, ANTIGLAUCOMATEUX",DORZOLAMIDE
3010253,"DOTAXEL 20 MG I.V SOLUTION À DILUER POUR PERFUSION BTE DE 1 FLACON DE SOLUTION DE 0,5 ML*1FLACON DE SOLVANT DE 1,5ML","CANCEROLOGIE, ANTINEOPLASIQUE",DOCETAXEL
3010260,DOTAXEL 80 MG I.V SOLUTION À DILUER POUR PERFUSION BTE DE 1 FLACON DE SOLUTION DE 2 ML+1FLACON DE SOLVANT DE 6ML,"CANCEROLOGIE, ANTINEOPLASIQUE",DOCETAXEL
2477235,DOTRIAXONE PDRE POUR SOL INJ B/1,"ANTIBIOTIQUE, CEPHALOSPORINE",CEFTRIAXONE
8066607,DOULALLER 50MG/500MG CP PLAQUETTE DE 10,ANTALGIQUE/ANTIPYRETIQUE + AINS,DICLOFENAC + PARCETAMOL
3788851,DOULEREX GEL TUBE DE 30,"RHUMATOLOGIE, DOULEURS D'ORIGINE MUSCULAIRE",MENTHA PIPERITA +EUCALYPTUS GLOBULES + PINUS LONGIFOLIA + CINNAMOMIUM CAMPHORA + WITHANIA SOMNIFERA
2476926,DOXACINE COMP 200MG/600MG B/20,ASSOCIATION D'ANTIBIOTIQUES,OFLOXACINE + TINIDAZOLE
5050107,DOXINE CP 200 MG B/10,"ANTIBIOTIQUE, CYCLINE",DOXYCYCLINE
8324564,DOXY CPR 200MG BT8,ANTIBIOTIQUE CYCLINE,DOXYCYCLINE
8011463,DOXY DENK CP PELL 100 MG B/20,"ANTIBIOTIQUE, CYCLINE",DOXYCYCLINE
2480771,DOXYCYCLINE AFRICURE CAPSULE 100MG B/20,"ANTIBIOTIQUE, CYCLINE",DOXYCYCLINE
3668795,DOXYCYCLINE AFRICURE 100MG GEL B / 20,"ANTIBIOTIQUE, CYCLINE",DOXYCYCLINE
8018583,DOXYCYCLINE-HAKIM GELULE 100 MG B/30,"ANTIBIOTIQUE, CYCLINE",DOXYCYCLINE
8023271,DOZALGIC C GRANULES P SOL BUV 500 MG/300 MG B/10 SACHETS,ANTALGIQUE/ANTIPYRETIQUE,PARACETAMOL + ACIDE ASCORBIQUE
8457440,DP QUINE COMP 40MG/320MG B/9,"PARASITOLOGIE, ANTIPALUDIQUE",DIHYDOARTEMISINE + PIPERAQUINE
1405631,DP QUINE PDRE POUR SUSP BUV 90MG/720MG FL/ 60ML,"PARASITOLOGIE, ANTIPALUDIQUE",DIHYDROAERTEMISININE + PIPERAQUINE
8455800,DPQUINE PDRE PR SUSP BUV 90MG/720MG FL/ 60ML,"PARASITOLOGIE, ANTIPALUDIQUE",DIHYDOARTEMISINE + PIPERAQUINE
2473864,DREZ POMMADE T/10G,"DERMATOLOGIE, ANTISEPTIQUE EXTERNE",POVIDONE IODE + METRONIDAZILE
2473874,DREZ POUDRE FL/10G,"DERMATOLOGIE, ANTISEPTIQUE EXTERNE",POVIDONE IODE + METRONIDAZILE
2473278,DREZ SOLUTION EXTERNE FL/100ML,"DERMATOLOGIE, ANTISEPTIQUE EXTERNE",POVIDONE IODE + METRONIDAZILE
2473846,DREZ SOLUTION EXTERNE FL/30ML,"DERMATOLOGIE, ANTISEPTIQUE EXTERNE",POVIDONE IODE + METRONIDAZILE
2473854,DREZ SOLUTION EXTERNE FL/500ML,"DERMATOLOGIE, ANTISEPTIQUE EXTERNE",POVIDONE IODE + METRONIDAZILE
3104613,DROX PDRE P SUSP BUV 250MG FL/100ML,"ANTIBIOTIQUE, CEPHALOSPORINE",CEFADROXIL
3991510,DUARTEM CP 80/480 MG B/6,"PARASITOLOGIE, ANTIPALUDIQUE",ARTEMETHER+LUMEFANTRINE
2474929,DUFENAC GELULE LP 75MG B/10,ANTI INFLAMMATOIRE NON STEROIDIEN (AINS),DICLOFENAC
8550457,"DULCET GELULES 325MG/37,5MG B/10","ANTALGIQUE/ANTIPYRETIQUE, ASSOCIATION CONTENANT UN OPIACE",PARACETAMOL + TRAMADOL
3117866,DULCIPHAK CY FL/10 ML,"OPHTALMOLOGIE, CATARACTE",SALICYLATE DE SODIUM+METHYLSILANETRIOL DE SODIUM +ACIDE PARAHYDROXYCINNAMIQUE
2474553,DUO ARTISIN COMP 40MG/320MG B/9,"PARASITOLOGIE, ANTIPALUDIQUE",DIHYDROARTEMISININE + PIPERAQUINE
2474556,DUO ARTISIN POUDRE POUR SUSP BUV 90MG/ 720MG FL/60ML,"PARASITOLOGIE, ANTIPALUDIQUE",DIHYDROARTEMISININE + PIPERAQUINE
5607040,DUO-COTECXIN CP PELL 40 MG/320 MG B/8,"PARASITOLOGIE, ANTIPALUDIQUE",DIHYDROARTEMISININE + PIPERAQUINE
5660404,DUOPAL COMP 40MG/240MG B/12,"PARASITOLOGIE, ANTIPALUDIQUE",ARTEMETHER + LUMEFANTRINE
5660411,DUOPAL COMP 80MG/480MG B/6,"PARASITOLOGIE, ANTIPALUDIQUE",ARTEMETHER + LUMEFANTRINE
8170836,DUOQUIN CP PELL 40MG/320MG B/9,"PARASITOLOGIE, ANTIPALUDIQUE",DIHYDROARTEMISININE + PIPERAQUINE
8492936,DUOSKIN CREME TUBE DE 15 G,ANTIFONGIQUE + CORTICOIDE,DIFLUCORTOLONE + ISOCONAZOLE
3492857,DUOTEM CP PELL 40MG/320MG B/9,"PARASITOLOGIE, ANTIPALUDIQUE",DIHYDROARTEMISININE + PIPERAQUINE
3757494,"DUOTRAV CY 40 MG+5MG/ML FL/2,5 ML","OPHTALMOLOGIE, ANTIGLAUCOMATEUX",TRAVOPROST + TIMOLOL
3292440,DUPHALAC BUV SOL BUV 10 G/SAH B/20,"GASTRO.E.H., CONSTIPATION",LACTULOSE
3132417,DUPHALAC SOL BUV 66% FL/200 ML,"GASTRO.E.H., CONSTIPATION",LACTULOSE
3193028,DUPHASTON COMP PELL 10MG B/20,"GYNECOLOGIE, TRAITEMENT DE LA MENOPAUSE",DYDROGESTERONE
3219294,DUPHASTON 10 CP 10 MG B/10,"GYNECOLOGIE,TRAITEMENTS DE LA MENOPAUSE",DYDROGESTERONE
3314667,DUSPATALIN GELULE 200 MG B/30,ANTISPASMODIQUE,MEBEVERINE
3006551,DUTASTERIDE BIOGARAN CAPSULE MOLLE B/30,"UROLOGIE , HYPERTROPHIE BENIGNE DE LA PROSTATE",DUTASTERIDE
3403341,DYARIAM CP 40MG/320MG B/10,"PARASITOLOGIE, ANTIPALUDIQUE",DIHYDROARTEMISININE + PIPERAQUINE
2474559,DYLAGEL GEL TUBE DE 40G,"RHUMATOLOGIE, DOULEURS D'ORIGINE MUSCULAIRE",MENTHOL + HUILE D'EUCALYPTUS + METHYLSALICYLATE + HUILE DE TURPENTINE
8172982,DYLDES CP 5MG B/15,"ALLERGOLOGIE,ANTIHISTAMINIQUE",DESLORATADINE
3369784,DYLDES CP 5MG B/7,"ALLERGOLOGIE,ANTIHISTAMINIQUE",DESLORATADINE
2472008,DYLDES SP 0MG5/ML FL60ML,"ALLERGOLOGIE, ANTIHISTAMINIQUE",DESLORATADINE
5010480,DYNALGIC CP B/20,"ANTALGIQUE/ANTIPYRETIQUE, ASSOCIATION CONTENANT UN OPIACE",ACIDE ACETYLSALICYLIQUE+CAFEINE+CODEINE
8098659,DYNAPAR AQ AMP INJ 75MG ML BT5,ANTIINFLAMMATOIRE NON STEROIDIEN (AINS),DICLOFENAC
3428566,DYNAPAR COMPRIMES SECABLES 500MG/50MG B/ 20,ANTALGIQUE/ANTIPYRETIQUE + AINS,PARACETAMOL+DICLOFENAC
2473462,DYNAPAR CPR SR 100MG B30,ANTIINFLAMMATOIRE NON STEROIDIEN (AINS),DICLOFENAC
8098694,DYNAPAR GEL P APPL LOC T/30 G,ANTI-INFLAMMATOIRE NON STEROIDIEN (AINS),DICLOFENAC
3358764,DYNAPAR QPS SOLUTION TOPIQUE D'ALCOOL ABSOLU 4% POUR PULVERISATION CUTANEE FL/ 30ML,ANTI-INFLAMMATOIRE NON STEROIDIEN (AINS),DICLOFENAC
3507872,DYNAPAR QPS SPRAY 4PC FL15ML,ANTIINFLAMMATOIRE NON STEROIDIEN (AINS),DICLOFENAC
8098582,DYNAPAR SR CP PELL 100MG PLAQ 10,ANTI-INFLAMMATOIRE NON STEROIDIEN (AINS),DICLOFENAC
8008702,DYNAPAR 50MG/500MG CP BLISTER DE 10,ANTALGIQUE/ANTIPYRETIQUE + AINS,PARACETAMOL+DICLOFENAC
8069540,DYSENTYL GELULE 200 MG B/30,"GASTRO.E.H., ANTI- DIARRHEIQUE",NIFUROXAZIDE
2481791,DYSPNEE COMPRIME 5MG/10MG B/10,"ALLERGOLOGIE, ANTIHISTAMINIQUE",LEVOCETIRIZINE + MONTELUKAST
2481790,DYSPNEE SIROP FL/60ML,"ALLERGOLOGIE, ANTIHISTAMINIQUE",LEVOCETIRIZINE + MONTELUKAST
3323076,EASETEC COMP 10MG B/30,HYPOLIPEMIANT,ROSUVASTATINE
3429464,EASETEC COMP 5MG B/30,HYPOLIPEMIANT,ROSUVASTATINE
2483081,EBASTEL CPR 10MG B/20,"ALLERGOLOGIE, ANTIHISTAMINIQUE",EBASTINE
2483082,EBASTEL CPR 20MG B/20,"ALLERGOLOGIE, ANTIHISTAMINIQUE",EBASTINE
2484974,EBASTEL 1MG/ML SOL BUVABLE FL 120ML,"ALLERGOLOGIE, ANTIHISTAMINIQUE",EBASTINE
3996737,EBUR-DOXY GELULE 200 MG B/10,"ANTIBIOTIQUE, CYCLINE",DOXYCYCLINE
9994587,EBURMETHER AMP INJ 40 MG B/6,"PARASITOLOGIE, ANTIPALUDIQUE",ARTEMETHER
9994588,EBURMETHER SOL INJ 80 MG B/6,"PARASITOLOGIE, ANTIPALUDIQUE",ARTEMETHER
9994590,EBUXIME CP DISPERS 200 MG B/10,"ANTIBIOTIQUE, CEPHALOSPORINE",CEFIXIME
9994589,EBUXIME PDRE P SUSP ORALE 50MG/5ML FL/60ML,"ANTIBIOTIQUE, CEPHALOSPORINE",CEFIXIME
3262522,ECLARAN 10 GEL P APPL LOC T/45 G,"DERMATOLOGIE, ANTIACNEIQUE LOCAL",PEROXYDE DE BENZOYLE
3267867,ECLARAN 5 GEL P APPL LOC T/45 G,"DERMATOLOGIE, ANTIACNEIQUE LOCAL",PEROXYDE DE BENZOYLE
8006025,ECOMI OVULE 150 MG B/6,"GYNECOLOGIE,TRAITEMENT DES VULVOVAGINITES",ECONAZOLE
3513409,ECONAZOLE EG CREME T/30 G,"DERMATOLOGIE, ANTIFONGIQUE LOCAL",ECONAZOLE
5050055,ECONIF GELULE 250MG B/10,ANTI-INFLAMMATOIRE NON STEROIDIEN (AINS),ACIDE NIFLUMIQUE
2027612,ECOREX OVULE 150MG B/3,"GYNECOLOGIE,TRAITEMENT DES VULVOVAGINITES",ECONAZOLE
2027581,ECOREX CREME 1% T/30 G,"DERMATOLOGIE, ANTIFONGIQUE LOCAL",ECONAZOLE
2027606,ECOREX LAIT DERM 1% FL/30 ML,"DERMATOLOGIE, ANTIFONGIQUE LOCAL",ECONAZOLE
2027598,ECOREX SOL P APPL LOC 1% FL/30 ML,"DERMATOLOGIE, ANTIFONGIQUE LOCAL",ECONAZOLE
3435731,ECOVAR OVULES 150MG B/3,"GYNECOLOGIE,TRAITEMENT DES VULVOVAGINITES",ECONAZOLE
8154576,ECOZOLE OVULE 150MG B/3,"GYNECOLOGIE,TRAITEMENT DES VULVOVAGINITES",ECONAZOLE
3163290,EDICIN AMP INJ 0.5G B/1,"INFECTIOLOGIE, DIVERS ANTIBACTERIENS",VANCOMYCINE
3163252,EDICIN AMP INJ 1 G B/1,"INFECTIOLOGIE, DIVERS ANTIBACTERIENS",VANCOMYCINE
3758658,EDOLFENE COLLYRE FL/5ML,"OPHTALMOLOGIE, ANTIINFLAMMATOIRE LOCAL",FLURBIPROFENE
5015714,EDUCTYL SUPPO AD B/12,"GASTRO.E.H., CONSTIPATION",TARTRATE ACIDE DE POTASSIUM
5015715,EDUCTYL SUPPO ENF B/12,"GASTRO.E.H., CONSTIPATION",TARTRATE ACIDE DE POTASSIUM
6110252,EFDOL CAFEINE COMPRIMES SECABLES 500MG/ 50MG B/20,ANTALGIQUE/ANTIPYRETIQUE,PARACETAMOL+CAFEINE
5602080,EFFADOL SIROP FL/100 ML,ANTALGIQUE/ANTIPYRETIQUE,PARACETAMOL
3283949,EFFERALGAN CODEINE CP EFF B/16,"ANTALGIQUE/ANTIPYRETIQUE, ASSOCIATION CONTENANT UN OPIACE",PARACETAMOL+CODEINE
8415396,EFFERALGAN CODEINE CP PELL B/16,"ANTALGIQUE/ANTIPYRETIQUE, ASSOCIATION CONTENANT UN OPIACE",PARACETAMOL+CODEINE
3529178,EFFERALGAN CP EFF 1G B/8,ANTALGIQUE/ANTIPYRETIQUE,PARACETAMOL
3257001,EFFERALGAN CP EFF 500 MG B/16,ANTALGIQUE/ANTIPYRETIQUE,PARACETAMOL
3390585,EFFERALGAN G ENF SUPPO 300 MG B/10,ANTALGIQUE/ANTIPYRETIQUE,PARACETAMOL
3390562,EFFERALGAN J ENF PDRE P SUSP BUV 150 MG/ SACH B/12,ANTALGIQUE/ANTIPYRETIQUE,PARACETAMOL
3390579,EFFERALGAN J ENF SUPPO 150MG B/10,ANTALGIQUE/ANTIPYRETIQUE,PARACETAMOL
3390533,EFFERALGAN NOUR PDRE P SUSP BUV 80 MG/ SACH B/12,ANTALGIQUE/ANTIPYRETIQUE,PARACETAMOL
3390556,EFFERALGAN NOUR SUPPO 80 MG B/10,ANTALGIQUE/ANTIPYRETIQUE,PARACETAMOL
3205435,EFFERALGAN NOUR SUSP BUV FL/90 ML,ANTALGIQUE/ANTIPYRETIQUE,PARACETAMOL
3400390,EFFERALGAN PDRE P SUSP BUV 250 MG/SACH B/ 12,ANTALGIQUE/ANTIPYRETIQUE,PARACETAMOL
3268424,EFFERALGAN VIT CP EFF B/20,ANTALGIQUE/ANTIPYRETIQUE,PARACETAMOL
3485464,EFFERALGANTAB CP PELL 1G B/8,ANTALGIQUE/ANTIPYRETIQUE,PARACETAMOL
3465633,"EFFEXOR GELULE 37,5 MG LP B/30","PSYCHIATRIE, ANTIDEPRESSEURS",VENLAFAXINE
3858783,EFICEF COMPRIMES PELLICULES 200MG B/10,"ANTIBIOTIQUE, CEPHALOSPORINE",CEFIXIME
3858776,EFICEF POUDRE POUR SUSPENS BUV 100MG/5ML FL/60ML,"ANTIBIOTIQUE, CEPHALOSPORINE",CEFIXIME
3543528,EFLOZIN CP 10MG B/30,AUTRES ANTIDIABETIQUES,EMPAGLIFLOZINE
2477154,EL FUDIC 2PC CREM 15G,"DERMATOLOGIE, ANTIBACTERIEN LOCAL",ACIDE FUSIDIQUE
2477153,EL MYCIN 250/5000UI POM 20G,"DERMATOLOGIE, ANTIBACTERIEN",BACITRACINE + NEOMYCINE
3035105,ELASE PDE T/10 G,"DERMATOLOGIE, AGENTS DE DETERSION ET D'IRRIGATION DES PLAIES",FIBRINOLYSINE+DESOXYRIBONUCLEASE
3035157,ELAVIL CP ENR 10 MG B/60,"PSYCHIATRIE, ANTIDEPRESSEURS",AMITRYPTILINE
3035163,ELAVIL CP ENR 25 MG B/60,"PSYCHIATRIE, ANTIDEPRESSEURS",AMITRYPTILINE
3991664,ELCLAVE CP 625MG B/14,"ANTIBIOTIQUE, PENICILLINE",AMOXICILLINE+ACIDE CLAVULANIQUE
2477144,"EL-COLD 125MG/2,5MG/ 1MG SP FL/100ML","ORL, ANTI-GRIPPE, ANTI-RHUME",PARACETAMOL + PHENYLEPHRINE + CHLORPHENIRAMINE
2481750,ELDOFENE COLLYRE FL/5ML,"OPHTALMOLOGIE, ANTIINFLAMMATOIRE LOCAL",FLURBIPROFENE
8117492,ELDOFENE CY 0.03% FL/5ML,"OPHTALMOLOGIE, ANTI-INFLAMMATOIRES LOCAUX",FLUBIPROFENE
8006090,ELDOPER GELULE 2 MG B/20,"GASTRO.E.H., ANTI- DIARRHEIQUE",LOPERAMIDE
2477155,EL-GAZ 400MG/100MG/25MG SUSP BUV FL/200ML,"GASTRO.E.H., ANTIACIDE ET PANSEMENT GASTROINTESTI",HYDROXYDE D'ALUMINIUM + HYDROXYDE MAGNESIUM + NAL SIMETHICONE
3015032,ELICA CREME TUBE DE 30G,"DERMATOLOGIE,DERMOCORTICOIDE(AIS)",MOMETASONE
3015018,ELICA POMMADE TUBE DE 3OG,"DERMATOLOGIE,DERMOCORTICOIDE(AIS)",MOMETASONE
3015025,ELICA-M TUBE DE 30G,"DERMATOLOGIE,DERMOCORTICOIDE(AIS)",MOMETASONE FUROATE + NITRATE DE MICONZOLE
2472931,ELLYA INTIMA SOLUTION 100ML,"DERMATOLOGIE, ANTISEPTIQUE LOCAL",EXTRAIT DE CAMOMILLE + HUILE D'ARGOUSSIER + ACIDE LACTIQUE
2477152,EL-METMOX 750MG/500MG CP B/40,ANTIBIOTIQUE ET ANTIPARASITAIRE,AMOXICILLINE + METRONIDAZOLE
5659839,ELOXATINE SOL P PERF A DILUER 5 MG/ ML FL/10 ML,"CANCEROLOGIE, ANTINEOPLASIQUE",OXALIPLATINE
3598441,ELOXATINE SOL P PERF A DILUER 5 MG/ ML FL/20 ML,"CANCEROLOGIE, ANTINEOPLASIQUE",OXALIPLATINE
3642597,ELOXEN 500MG CP B/30,ANTI INFLAMMATOIRE NON STEROIDIEN,NAPROXENE
2477149,EL-PANDY 30MG/40MG GEL B/30,"GASTRO EH, ULCERE GASTRO-DUODENALE",PANTOPRAZOLE + DOMPERIDONE
301749,ELPENEM PDRE P SOL INJ 1 G B/1,"ANTIBIOTIQUE , AUTRES BETA-LACTAMINES",MEROPENEME
2477151,EL-PODOX 200MG CPR B/10,"ANTIBIOTIQUE, CEPHALOSPORINE",CEFPODOXIME
3482382,ELUDRILPRO SOL P BAIN DE BOUCHE FL/200 ML,"STOMATOLOGIE,BAIN DE BOUCHE,GARGARISME ET GELS",CHLOREXIDINE + CHLOROBUTANOL HEMIHYDRATE
3512143,ELUDRILPRO SOLUTION POUR BAIN DE BOUCHE FL/500ML,"STOMATOLOGIE,BAIN DE BOUCHE,GARGARISME ET GELS",CHLOREXIDINE + CHLOROBUTANOL HEMIHYDRATE
5602090,EMIGYL SIROP FL/100 ML,ANTIBIOTIQUE ET ANTIPARASITAIRE,METRONIDAZOLE
2476822,EMPAG COMPRIMES 10MG B/28,AUTRES ANTIDIABETIQUES,EMPAGLIFLOZINE
2476825,EMPAG COMPRIMES 25MG B/28,AUTRES ANTIDIABETIQUES,EMPAGLIFLOZINE
2485609,EMPAGLI 10MG CPR BT 30,AUTRES ANTIDIABETIQUES,EMPAGLIFOZINE
2485611,EMPAGLI 25MG CPR BT 30,AUTRES ANTIDIABETIQUES,EMPAGLIFOZINE
8071465,ENA + HCT DENK CP 20/12.5MG B/30,"ANTIHYPERTENSEUR,INHIBITEUR ENZYME DE CONVERSION, DIURETIQUE",ENALAPRIL + HYDROCHLOROTHIAZIDE
2255477,ENA DENK CP 10 MG B/30,"ANTIHYPERTENSEUR, INHIBITEUR DE L'ENZYME DE CONVERSION",ENALAPRIL
1448771,"ENALAPRIL / HYDROCHLOROTHIAZIDE VIR COMP 20MG/12,5MG B/30","ANTIHYPERTENSEUR,INHIBITEUR ENZYME DE CONVERSION, DIURETIQUE",ENALAPRIL + HYDROCHLOROTHIAZIDE
3550125,ENALAPRIL BIOGARAN COMPRIME PELLICULE 5 MG/B/28,"ANTIHYPERTENSEUR, INHIBITEUR DE L'ENZYME DE CONVERSION",ENALAPRIL
3499622,ENALAPRIL BIOGARAN CP 20 MG B/28,"ANTIHYPERTENSEUR, INHIBITEURS DE L'ENZYME DE CONVERSION",ENALAPRIL
1448761,ENALAPRIL VIR COMP 20MG B/30,"ANTIHYPERTENSEUR, INHIBITEUR DE L'ENZYME DE CONVERSION",ENALAPRIL
8105023,ENCIFER INJ B/5,"HEMATOLOGIE, ANTI-ANEMIQUES",FER
2473557,ENDOPROST 125 MCG /0.5ML IM SOL INJECTABLE B/1,"GYNECOLOGIE, TRAITEMENT DES SAIGNEMENTS SEVERES POST-PARTUM",CARBOPROST
2473558,ENDOPROST 250 MCG /0.5ML IM SOL INJECTABLE B/1,"GYNECOLOGIE, TRAITEMENT DES SAIGNEMENTS SEVERES POST-PARTUM",CARBOPROST
3035890,ENDOXAN ASTA CP ENR 50 MG B/50,"CANCEROLOGIE, ANTINEOPLASIQUE",CYCLOPHOSPHAMIDE
2009637,ENDOXAN PDRE P P INJ 500 MG B/1,"CANCEROLOGIE, ANTINEOPLASIQUE",CYCLOPHOSPHAMIDE
8053645,ENEAS CP 10/20MG B/30,AUTRES ASSOCIATIONS D'ANTIHYPERTENSEURS,ENALAPIL + NITRENDIPINE
2485341,ENFAGRIPE SOLUTION BUVABLE FL/150ML,"GASTRO E.H, TROUBLES FONCTIONNELS DIGESTIFS",CARBONATE DE SOUDE + ANETHUM SOWA + PIMPENELLA QNISUM + MENTHA ARVENSIS
8041671,ENHANCIN CP 1 G B/12,"ANTIBIOTIQUE, PENICILLINE",AMOXICILLINE+ACIDE CLAVULANIQUE
4214092,"ENHANCIN CP 562,5 MG B/16","ANTIBIOTIQUE, PENICILLINE",AMOXICILLINE+ACIDE CLAVULANIQUE
2264499,"ENHANCIN 1,2G INJ B/1","ANTIBIOTIQUE, PENICILLINE",AMOXICILLINE + ACIDE CLAVULANIQUE
8053705,ENOXA 2000 UI SOL INJ B/2,"HEMOSTASE, ANTICOAGULANTS INJECTABLES",ENOXAPARINE
8056230,ENOXA 4000UI SOL INJ B/2,"HEMOSTASE, ANTICOAGULANTS INJECTABLES",ENOXAPARINE
8056307,ENOXA 6000 UI SOL INJ B/2,"HEMOSTASE, ANTICOAGULANTS INJECTABLES",ENOXAPARINE
3009832,"ENOXAPARINE CRUSIA EN SERIG PRE-REMPLIE 2000 UI (20MG)/0,2ML B/2","HEMOSTASE, ANTICOAGULANTS INJECTABLES",ENOXAPARINE SODIQUE
3009826,"ENOXAPARINE CRUSIA EN SERIG PRE-REMPLIE 4000 UI (40MG)/0,4ML B/2","HEMOSTASE, ANTICOAGULANTS INJECTABLES",ENOXAPARINE SODIQUE
3009819,"ENOXAPARINE CRUSIA EN SERIG PRE-REMPLIE 6000 UI (60MG)/0,6ML B/2","HEMOSTASE, ANTICOAGULANTS INJECTABLES",ENOXAPARINE SODIQUE
3009812,"ENOXAPARINE CRUSIA EN SERIG PRE-REMPLIE 8000 UI (80MG)/0,8ML B/2","HEMOSTASE, ANTICOAGULANTS INJECTABLES",ENOXAPARINE SODIQUE
8081512,ENTAMIZOLE CP PELL 250 MG/200 MG B/30,ANTIBIOTIQUE ET ANTIPARASITAIRE,METRONIDAZOLE + DILOXANIDE
8081481,ENTAMIZOLE DS CP PELL 500MG/400MG B/15,ANTIBIOTIQUE ET ANTIPARASITAIRE,METRONIDAZOLE + DILOXANIDE
8081541,ENTAMIZOLE SUSP BUV 250 MG/200 MG FL/100 ML,ANTIBIOTIQUE ET ANTIPARASITAIRE,METRONIDAZOLE + DILOXANIDE
3249512,EPHAGRIP CAPSULES MOLLES B/10,"ORL,ANTI-GRIPPE,ANTI-RHUME",CHLORPHENIRAMINE+DEXTROMETORPHANE +PHENYLEPHRINE
2485203,EPISIO CREME T/20G,"DERMATOLOGIE, ANTISEPTIQUES EXTERNES",OXYDE DE ZINC + IRGASAN + ALLANTOINE
5210293,EPITOPIC CREME T/15 G,"DERMATOLOGIE,DERMOCORTICOIDE(AIS)",DIFLUPREDNATE
2480918,ERAZOL SUSPENSION 400MG/10ML SUSP BUV FL/ 10ML,PARASITOLOGIE,ALBENDAZOLE
5707508,ERBITUX 5MG/ML IV SOLUTION POUR PERFUSION FL /20ML,"CANCEROLOGIE, ANTINEOPLASIQUE",CETUXIMAB
3213251,ERCEFURYL GELULE 200 MG B/28,"GASTRO.E.H., ANTI- DIARRHEIQUE",NIFUROXAZIDE
3144900,ERCEFURYL SUSP BUV 4% FL/90 ML,"GASTRO.E.H., ANTI- DIARRHEIQUE",NIFUROXAZIDE
8063945,ERESTRID CP PELL 5 MG B/10,"UROLOGIE , HYPERTROPHIE BENIGNE DE LA PROSTATE",FINASTERIDE
3609798,ERGEN CP PELL 5 MG B/10,"ALLERGOLOGIE,ANTIHISTAMINIQUE",DESLORATADINE
8406115,ERILIDE CP 250 MG B/20,"ANTIBIOTIQUE, MACROLIDE",ERYTHROMYCINE
8406090,ERILIDE CP 500 MG B/20,"ANTIBIOTIQUE, MACROLIDE",ERYTHROMYCINE
3378809,ERLUS COMPRIMES PELLICULES 5MG B/14,"ALLERGOLOGIE,ANTIHISTAMINIQUE",DESLORATADINE
3378847,ERLUS COMPRIMES PELLICULES 5MG B/7,"ALLERGOLOGIE,ANTIHISTAMINIQUE",DESLORATADINE
3378762,"ERLUS SIROP 0,5MG/ML FL/60ML","ALLERGOLOGIE,ANTIHISTAMINIQUE",DESLORATADINE
3774786,EROCAB COMP 120MG B/7,ANTIINFLAMMATOIRE NON STEROIDIEN (AINS),ETORICOXIB
3774830,EROCAB COMP 60MG B/10,ANTIINFLAMMATOIRE NON STEROIDIEN (AINS),ETORICOXIB
3774885,EROCAB COMP 90MG B/10,ANTIINFLAMMATOIRE NON STEROIDIEN (AINS),ETORICOXIB
3223887,ERY CP 500 MG B/20,"ANTIBIOTIQUE, MACROLIDE",ERYTHROMYCINE
3242560,ERY PDRE P SUSP BUV 125 MG/SACH B/24,"ANTIBIOTIQUE, MACROLIDE",ERYTHROMYCINE
3242554,ERY PDRE P SUSP BUV 250 MG/SACH B/24,"ANTIBIOTIQUE, MACROLIDE",ERYTHROMYCINE
3223871,ERY 500 CP 500 MG B/10,"ANTIBIOTIQUE, MACROLIDE",ERYTHROMYCINE
3208526,ERYCYL PDRE P SUSP BUV 250 MG/SACH B/24,"ANTIBIOTIQUE, MACROLIDE",ERYTHROMYCINE
3267100,ERYFLUID SOL P APPL LOC FL/100 ML,"DERMATOLOGIE, ANTIACNEIQUE LOCAL",ERYTHROMYCINE
3249585,ERYTHROCINE PDRE P SUSP BUV 1G/SACH B/10,"ANTIBIOTIQUE, MACROLIDE",ERYTHROMYCINE
3256332,ERYTHROCINE PDRE P SUSP BUV 250 MG/5 ML FL/ 60 ML,"ANTIBIOTIQUE, MACROLIDE",ERYTHROMYCINE
3202158,ERYTHROCINE PDRE P SUSP BUV 500 MG/SACH B/ 12,"ANTIBIOTIQUE, MACROLIDE",ERYTHROMYCINE
3668849,ERYTHROMYCIN AFRICURE 500MG CPR B / 20,"ANTIBIOTIQUE, MACROLIDE",ERYTHROMYCINE
8099128,ESAC GELULE 40MG B/14,"GASTRO.E.H., ULCERE GASTRODUODENAL",ESOMEPRAZOLE
3647851,ESGI 20 MG CPR GASTRO RES B/14,"GASTRO EH, ULCERE GASTRO-DUODENAL",ESOMEPRAZOLE
3647905,ESGI 40 MG CPR GASTRO RES B/14,"GASTRO EH, ULCERE GASTRO-DUODENAL",ESOMEPRAZOLE
3037357,ESIDREX CP 25 MG B/20,"ANTIHYPERTENSEUR, DIURETIQUE",HYDROCHLOROTHIAZIDE
9994627,ESOCON GELULE 20MG B/20,"GASTRO.E.H., ULCERE GASTRODUODENAL",ESOMEPRAZOLE
8406983,ESOGEN GELULE 20 MG B/14,"GASTRO.E.H., ULCERE GASTRODUODENAL",ESOMEPRAZOLE
8406977,ESOGEN GELULE 40MG B/14,"GASTRO.E.H., ULCERE GASTRODUODENAL",ESOMEPRAZOLE
8084581,ESOMECRO GELULES 40MG B/30,"GASTRO.E.H., ULCERE GASTRODUODENAL",ESOMEPRAZOLE
8021798,ESOMED CP 40 MG B/30,"GASTRO.E.H., ULCERE GASTRODUODENAL",ESOMEPRAZOLE
3357347,ESOMEP COMPRIMES 20MG B/56,"GASTRO.E.H., ULCERE GASTRODUODENAL",ESOMEPRAZOLE
3459942,ESOMERAL CP 40MG B/30,"GASTRO.E.H., ULCERE GASTRODUODENAL",ESOMEPRAZOLE
3784276,ESOPHINE GELULES 20MG B/30,"GASTRO EH, ULCERE GASTRO-DUODENAL",ESOMEPRAZOLE
3784287,ESOPHINE GELULES 40MG B/30,"GASTRO EH, ULCERE GASTRO-DUODENAL",ESOMEPRAZOLE
3398036,ESOPRA CP 20 MG B/14,"GASTRO.E.H., ULCERE GASTRODUODENAL",ESOMEPRAZOLE
3398074,ESOPRA CP 40 MG B/14,"GASTRO.E.H., ULCERE GASTRODUODENAL",ESOMEPRAZOLE
3784235,ESOREZ GELULES 40MG B/30,"GASTRO EH, ULCERE GASTRO-DUODENAL",ESOMEPRAZOLE
3784242,ESOREZ PDRE LYOPHILISEE PR SOL INJ 40MG IV B/ 1,"GASTRO EH, ULCERE GASTRO-DUODENAL",ESOMEPRAZOLE
3784259,ESOREZ-D GELULES 40MG/10MG B/30,"GASTRO EH, ULCERE GASTRO-DUODENAL",ESOMEPRAZOLE
3901465,ESOSON CPR 20MG B/30,"GASTRO E.H, ULCERE GASTRO-DUODENALE",ESOMEPRAZOLE
3901489,ESOSON CPR 40MG B/30,"GASTRO E.H, ULCERE GASTRO-DUODENALE",ESOMEPRAZOLE
2483050,ESOWEL 40MG CPR BT 14,"GASTRO EH, ULCERE GASTRO-DUODENALE",ESOMEPRAZOLE
4210036,ESOZ - 20 CP 20 MG B/10,"GASTRO.E.H., ULCERE GASTRODUODENAL",ESOMEPRAZOLE
3917542,ESOZAP COMPRIME 40MG B/30,"GASTRO EH, ULCERE GASTRO-DUODENALE",ESOMEPRAZOLE
2474550,ESOZOL COMP 40MG B/10,"GASTRO E.H, ULCERE GASTRO-DUODENALE",ESOMEPRAZOLE
2475325,ESOZOL PDRE POUR SOL INJ IV 40MG FL/1,"GASTRO E.H, ULCERE GASTRO-DUODENALE",ESOMEPRAZOLE
3893760,ESOZOLE COMPRIME PELLIC 20MG B/30,"GASTRO E.H, ULCERE GASTRO-DUODENALE",ESOMÉPRAZOLE
3893814,ESOZOLE COMPRIME PELLICUL 40MG B/30,"GASTRO E.H, ULCERE GASTRO-DUODENALE",ESOMÉPRAZOLE
2474668,ESPRAZYL COMP 20MG B/14,"GASTRO EH, ULCERE GASTRO-DUODENAL",ESOMEPRAZOLE
2471834,ESPRAZYL COMP 40MG B/14,"GASTRO EH, ULCERE GASTRO-DUODENAL",ESOMEPRAZOLE
8179493,ESPROCID CP 40MG B/10,"GASTRO.E.H., ULCERE GASTRODUODENAL",ESOMEPRAZOLE
3990728,ESTA CP 20 MG B/14,"GASTRO.E.H., ULCERE GASTRODUODENAL",ESOMEPRAZOLE
5218285,ESTIMA CAPSULE S MOLLES 100MG B/30,"GYNECOLOGIE, PROGESTATIF",PROGESTERONE
5671387,ESTIMA CAPSULE S MOLLES 200MG B/30,"GYNECOLOGIE, PROGESTATIF",PROGESTERONE
9990542,ES-ULCIZONE CP 20 MG B/14,"GASTRO.E.H., ULCERE GASTRODUODENAL",ESOMEPRAZOLE
9997451,ES-ULCIZONE CP 40MG B/14,"GASTRO.E.H., ULCERE GASTRODUODENAL",ESOMEPRAZOLE
6192456,"ETIKEN COMPRIMES SECABLES 16MG/12,5MG B/30",ANTIHYPERTENSEUR ANTAGONISTE RECEPTEURS ANGIOTENSINE II + DIURETIQUE,HYDROCHLOROTHIAZIDE+CANDESARTAN
2472969,ETOREX CP 120MG B/10,ANTI-INFLAMMATOIRE NON STEROIDIEN (AINS),ETORICOXIB
2472968,ETOREX CP 90MG B/10,ANTI-INFLAMMATOIRE NON STEROIDIEN (AINS),ETORICOXIB
2483375,ETOSTRI 120MG COMPRIME PELLICULE B/30,ANTI-INFLAMMATOIRE NON STEROIDIEN,ETORICOXIB
2483380,ETOSTRI 60MG COMPRIME PELLICULE B/30,ANTI-INFLAMMATOIRE NON STEROIDIEN,ETORICOXIB
2483377,ETOSTRI 90MG COMPRIME PELLICULE B/30,ANTI-INFLAMMATOIRE NON STEROIDIEN,ETORICOXIB
8011824,ETOVA-400 COMPRIME 400MG B/30,ANTI-INFLAMMATOIRE NON STEROIDIEN (AINS),ETODOLAC
3038144,EUCALYPTINE SIROP FL/200 ML,"PNEUMOLOGIE,ADJUVANTS DES INFECTIONS BRONCHOPULMONAIRES",EUCALYPTOL+CAMPHOCARBONATE DE CALCIUM +GUAIFENESINE
8056365,EUCARBON CP B/30,"GASTRO.E.H., TROUBLES FONCTIONNELS DIGESTIFS",CHARBON VEGETAL
3038517,EUPHON SIROP FL/150 ML,"PNEUMOLOGIE, ANTITUSSIF CONTENANT UN OPIACE",ERYSIMUM DE MALTODEXTRINE+CODEINE
3377659,EURARTESIM CP PELL 40MG/320MG B/9,"PARASITOLOGIE, ANTIPALUDIQUE",DIHYDROARTEMISININE + PIPERAQUINE
2175198,EURARTESIM CPR 320MG/40MG BT12,"PARASITOLOGIE, ANTIPALUDIQUE",DIHYDROARTEMISININE +PIPERAQUINE
3038629,EURAX CREME 1% T/60G,"DERMATOLOGIE, ANTIPRURIGINEUX",CROTAMITON
2289200,EUROMOX POUDRE POUR SUSP BUVABLE 125MG/ 5ML FL/60ML,"ANTIBIOTIQUE, PENICILLINE",AMOXICILLINE
8043569,EUROMOX SUSP BUV 250MG FL/60ML,"ANTIBIOTIQUE, PENICILLINE",AMOXICILLINE
3158708,EURYTHMIC CP 200 MG B/30,"CARDIOLOGIE, ANTIARYTHMIQUES",AMIODARONE
3181350,EUVANOL SPRAY P PULV NASAL FL/15 ML,"ORL, RHINOPHARYNGITES ET SINUSITES",GERANIUM ESSENCE +ESSENCE DE NIAOULI+CAMPHRE +BROMURE DE BENZALKONIUM
5805080,EUVAX AD SUSP INJ 1ML B/1,"INFECTIOLOGIE, VACCINS ET SERUMS",VACCIN ANTI HEPATITE B
5805070,EUVAX PEDIATRIQUE SUSP INJ 0.5ML B/1,"INFECTIOLOGIE, VACCINS ET SERUMS",VACCIN ANTI HEPATITE B
8487964,EVIDAN COMP 10MG B/40,"GASTRO E.H, NAUSEES ET VOMISSEMENTS",DOMPERIDONE
8487970,EVIDAN SUSP BUV FL/200ML,"GASTRO E.H, NAUSEES ET VOMISSEMENTS",DOMPERIDONE
2477949,EVOFIX CAPSULE 400MG B/5,"ANTIBIOTIQUE, CEPHALOSPORINE",CEFIXIME
2477948,EVOFIX PDRE POUR SUSP 100MG/5ML FL/30ML,"ANTIBIOTIQUE, CEPHALOSPORINE",CEFIXIME
2478847,E-WORM 400MG/10ML SUSPENSION BUVABLE FL/ 10ML,"PARASITOLOGIE, ANTHELMINTIQUE",ALBENDAZOLE
3115755,EXACYL AMP BUV 1 G B/5,"HEMOSTASE, ANTIFIBRINOLTYQUES",ACIDE TRANEXAMIQUE
3115761,EXACYL AMP INJ 500 MG B/5,"HEMOSTASE, ANTIFIBRINOLTYQUES",ACIDE TRANEXAMIQUE
3285552,EXACYL CP ENR 500 MG B/20,"HEMOSTASE, ANTIFIBRINOLTYQUES",ACIDE TRANEXAMIQUE
8083876,EXFORGE CP 10/160MG B/28,AUTRES ASSOCIATIONS D'ANTIHYPERTENSEURS,AMLODIPINE + VALSARTAN
8083853,EXFORGE CP 5/160MG B/28,AUTRES ASSOCIATIONS D'ANTIHYPERTENSEURS,AMLODIPINE + VALSARTAN
3095522,EXFORGE CP 5/80MG B/28,AUTRES ASSOCIATIONS D'ANTIHYPERTENSEURS,AMLODIPINE + VALSARTAN
3014912,EXFORGE HCT CP 10/160/12.5MG B/28,AUTRES ASSOCIATIONS D'ANTIHYPERTENSEURS,AMLODIPINE + VALSARTAN + HYDROCHLOROTHIAZIDE
3014844,EXFORGE HCT CP 10/160/25MG B/28,AUTRES ASSOCIATIONS D'ANTIHYPERTENSEURS,AMLODIPINE + VALSARTAN + HYDROCHLOROTHIAZIDE
3014851,EXFORGE HCT CP 5/160/12.5MG B/28,AUTRES ASSOCIATIONS D'ANTIHYPERTENSEURS,AMLODIPINE + VALSARTAN + HYDROCHLOROTHIAZIDE
3014905,EXFORGE HCT CP 5/160/25MG B/28,AUTRES ASSOCIATIONS D'ANTIHYPERTENSEURS,AMLODIPINE + VALSARTAN + HYDROCHLOROTHIAZIDE
3179383,EXIFOL SIROP FL/200 ML,"HEMATOLOGIE, ANTIANEMIQUES",FER+COMPLEXE VITAMINIQUE+COMPLEXE MINERAL
3179413,EXIFOL GELULES B/30,"HEMATOLOGIE, ANTIANEMIQUES",FER+COMPLEXE VITAMINIQUE+COMPLEXE MINERAL
2016206,EXODERIL CREME T/15 G,"DERMATOLOGIE, ANTIFONGIQUE LOCAL",NAFTINE
2018352,EXODERIL SOL P APPL LOC FL/10 ML,"DERMATOLOGIE, ANTIFONGIQUE LOCAL",NAFTINE
5050016,EXOFENE TALC BT 160G,"DERMATOLOGIE, ANTISEPTIQUE LOCAL",ZINC PEROXYDE
3462775,EXXIB CP 200 MG B/10,ANTI-INFLAMMATOIRE NON STEROIDIEN (AINS),CELECOXIB
2474409,EXYT SUSP BUV 200MG/5ML FL/10ML,"PARASITOLOGIE, ANTHELMINTIQUE",ALBENDAZOLE
8450760,"EYESTIL PLUS 0,04% FL/10ML","OPHTALMOLOGIE, LUBRIFIANT ET PROTECTEUR OCCULAIRE",FENOUIL + GINKO BILOBA + MYRTILLE + HYDROCOTYLE ASIATIQUE + HYALORUNATE DE SODIUM
8451863,EYLEA SOLUTION INJECTABLE 40MG/ML VOIE INTRAVITREENNE B/1,OPHATALMOLOGIE,AFLIBERCEPT
3848654,EZO COMPRIME 20MG B/30,"GASTRO EH, ULCERE GASTRO-DUODENALE",ESOMEPRAZOLE
3615003,EZO COMPRIME 40MG B/30,"GASTRO EH, ULCERE GASTRO-DUODENALE",ESOMEPRAZOLE
1330951,EZOMAG COMPRIME 40MG B/30,"GASTRO E.H, ULCERE GASTRO-DUODENALE",ESOMEPRAZOLE
1330961,EZOMAG INJECTABLE 40MG B/1,"GASTRO E.H, ULCERE GASTRO-DUODENALE",ESOMEPRAZOLE
3774939,EZURA COMP PELL 20MG,ANTIDEPRESSEUR,ESCITALOPRAM
3096635,FALCIART CP 80/480 MG B/6,"PARASITOLOGIE, ANTIPALUDIQUE",ARTEMETHER+LUMEFANTRINE
3195970,FALCIART DT CP DISP 20MG/120 MG B/6,"PARASITOLOGIE, ANTIPALUDIQUE",ARTEMETHER+LUMEFANTRINE
3136959,FALCIART PDRE P SUSP BUV 180/1080 MG FL/60 ML,"PARASITOLOGIE, ANTIPALUDIQUE",ARTEMETHER+LUMEFANTRINE
2473268,FALCORIA 40MG/240MG CP DISPERSIBLES B/6,"PARASITOLOGIE, ANTIPALUDIQUE",ARTEMETHER + LUMEFANTRINE
8113549,FALOXIM GÉLULES 200MG BTE DE 16,"ANTIBIOTIQUE, CEPHALOSPORINE",CEFIXIME
8420731,FALOXIM 100MG BTE DE 60ML PPS,"ANTIBIOTIQUE, CEPHALOSPORINE",CEFIXIME
8044646,FALQUIN AMP INJ 600 MG B/3,"PARASITOLOGIE, ANTIPALUDIQUE",QUININE
8044652,FALQUIN CP 300 MG B/18,"PARASITOLOGIE, ANTIPALUDIQUE",QUININE
8514000,FALSIBAN CP 80/480MG B/6,"PARASITOLOGIE, ANTIPALUDIQUE",ARTEMETHER+LUMEFANTRINE
3355992,FALSIGUARD SOL INJ 80 MG B/6,"PARASITOLOGIE, ANTIPALUDIQUE",ARTEMETHER
8042587,FALSUNATE 60 MG INJECTABLE B/1,"PARASITOLOGIE, ANTIPALUDIQUE",ARTESUNATE
2278001,FAMODINE CP 40 MG B/10,"GASTRO.E.H., ULCERE GASTRODUODENAL",FAMOTIDINE
5610020,FAMOTIDINE DENK CP 40 MG B/20,"GASTRO.E.H., ULCERE GASTRODUODENAL",FAMOTIDINE
8091812,FANGID CREME 1% T/15 G,"DERMATOLOGIE, ANTIFONGIQUE LOCAL",CLOTRIMAZOLE
2479016,FANIGAN FAST GEL 1% TUBE DE 30G,"RHUMATOLOGIE, DOULEURS D'ORIGINE MUSCULAIRE",DICLOFENAC DIETHYLAMINE + MENTHOL + METHYL SALICYLATE
3004889,FANSIDAR CP B/3,"PARASITOLOGIE, ANTIPALUDIQUE",SULFADOXINE+PYRIMETHAMINE
8059615,FANTEM CP 20 MG /120 MG B/24,"PARASITOLOGIE, ANTIPALUDIQUE",ARTEMETHER+LUMEFANTRINE
8059524,FANTEM CP 20 MG/120MG B/12,"PARASITOLOGIE, ANTIPALUDIQUE",ARTEMETHER+LUMEFANTRINE
3187319,FANTEM DS CP 40MG/240MG B/6,"PARASITOLOGIE, ANTIPALUDIQUE",ARTEMETHER+LUMEFANTRINE
8418379,FANTEM DT COMP B/6,"PARASITOLOGIE, ANTIPALUDIQUE",ARTEMETHER + LUMEFANTRINE
3187272,FANTEM FORTE CP 80/480 MG B/6,"PARASITOLOGIE, ANTIPALUDIQUE",ARTEMETHER+LUMEFANTRINE
8059703,FANTEM PDRE P SUSP BUV 180/1080 MG FL/60 ML,"PARASITOLOGIE, ANTIPALUDIQUE",ARTEMETHER+LUMEFANTRINE
3106913,FANTRINE COMPRIME 80MG/480MG B/6,"PARASITOLOGIE, ANTIPALUDIQUE",ARTEMETHER + LUMEFANTRINE
3910024,FARFOL SIROP FL/200ML,"HEMATOLOGIE, ANTIANEMIQUE",ASCORBATE FERREUX+ ACIDE FOLIQUE+ VIT B6 & 12
3242482,FARIDOL 120 MG/5 SIROP FL 100ML,ANTALGIQUE/ANTIPYRETIQUE,PARACETAMOL
5615031,FARMORUBICINE LYOPHILISAT P P INJ 50 MG B/1 FL DE 25 ML,"CANCEROLOGIE, ANTINEOPLASIQUE",EPIRUBICINE
8013752,FASIDE PDE 2% T 15G,"DERMATOLOGIE, ANTIBACTERIEN LOCAL",ACIDE FUSIDIQUE
3179382,FASIGYNE CP ENR 500 MG B/4,ANTIBIOTIQUE ET ANTIPARASITAIRE,TINIDAZOLE
8102361,FASTORIK,"ORL,ANTI-GRIPPE,ANTI-RHUME",PARACETAMOL+MALEATE DE PHENIRAMINE+ACIDE ASCORBIQUE
8046504,"FASTORIK GTTES NASAL 0,05% FL/10 ML","ORL, DECONGESTIONNANTS",XYLOMETAZOLINE
4192597,FASTORIK-N CTTES NASALES ADULTE,"ORL, DECONGESTIONNANTS",XYLOMETAZOLINE
8077366,"FASTOSIL GOUTTES NASALES 0,01% FL/10ML","ORL, DECONGESTIONNANTS",XYLOMÉTAZOLINE
8008330,"FASTOSIL GOUTTES NASALES 0,05% FL/10ML","ORL, DECONGESTIONNANTS",XYLOMÉTAZOLINE
8008341,FASTOSIL GRANULES SACHET 25MG/500MG/ 200MG B/8,"ORL, ANTI-GRIPPE, ANTI-RHUME",PHENIRAMINE + PARACETAMOL + VITAMINE C
2476840,FAVNAC PLUS COMP PELL 100MG/500MG B/10,ANTALGIQUE/ANTIPYRETIQUE + AINS,ACECLOFENAC + PARACETAMOL
3222304,FAZOL CREME 2% T/30 G,"DERMATOLOGIE, ANTIFONGIQUE LOCAL",ISOCONAZOLE
3234974,FAZOL G OVULE 300 MG B/3,"GYNECOLOGIE,TRAITEMENT DES VULVOVAGINITES",ISOCONAZOLE
3258521,FEBREX PLUS CP B/10,"ORL,ANTI-GRIPPE,ANTI-RHUME",PARACETAMOL+CHLORPHENIRAMINE+PHENYLEPHRINE
3258507,FEBREX PLUS SIROP FL/60 ML,"ORL,ANTI-GRIPPE,ANTI-RHUME",PARACETAMOL+CHLORPHENIRAMINE+PHENYLEPHRINE
3547779,"FEBREX TM COMPRIMES EFFERVESCENTS 325MG/ 37,5MG B/20","ANTALGIQUE/ANTIPYRETIQUE, ASSOCIATION CONTENANT UN OPIACE",PARACETAMOL + TRAMADOL
3547748,"FEBREX TM COMPRIMES 325MG/37,5MG B/20","ANTALGIQUE/ANTIPYRETIQUE, ASSOCIATION CONTENANT UN OPIACE",PARACETAMOL + TRAMADOL
3301975,FEBREX-TM CP PELL 37.5/325MG B/10,"ANTALGIQUE/ANTIPYRETIQUE, ASSOCIATION CONTENANT UN OPIACE",PARACETAMOL + TRAMADOL
2029634,FEBRILEX CP B/4,"ORL,ANTI-GRIPPE,ANTI-RHUME",PARACETAMOL+CHLORPHENIRAMINE+CAFEINE +PHENYLPROPANOLAMINE
327142,FEBRILEX JUNIOR SIROP 125MG/1MG FL/150ML,"ORL,ANTI-GRIPPE,ANTI-RHUME",PARACETAMOL + CHLORPHENIRAMINE
5804010,FEBRILEX SIROP FL/150 ML,"ORL,ANTI-GRIPPE,ANTI-RHUME",PARACETAMOL+CHLORPHENIRAMINE +DEXTROMETORPHANE+PSEUDOEPHEDRINE
3010109,FEBUXOSTAT BIOGARAN COMPRIME PELLICULE 120MG B/28,HYPO-URICEMIANT,FEBUXOSTAT
3010107,FEBUXOSTAT BIOGARAN COMPRIME PELLICULE 80MG B/28,HYPO-URICEMIANT,FEBUXOSTAT
8055150,FEDATE GELULE B/30,"HEMATOLOGIE, ANTIANEMIQUES",FER + ACIDE FOLIQUE + CYANOCOBALAMINE + ACIDE ASCORBIQUE
8055147,FEDATE SIROP FL/200 ML,"HEMATOLOGIE, ANTIANEMIQUES",FER+ACIDE FOLIQUE+CYANOCOBALAMINE+PYRIDOXINE
3179017,FEDROX SUSP BUV 250MG FL/60ML,"ANTIBIOTIQUE, CEPHALOSPORINE",CEFADROXIL
2007012,FEFOL GELULE B/30,"HEMATOLOGIE, ANTI-ANEMIQUES",FER+ACIDE FOLIQUE
8426922,FEKEY SIROP FL/200 ML,"HEMATOLOGIE, ANTIANEMIQUES",FER+ACIDE FOLIQUE+CYANOCOBALAMINE+PYRIDOXINE
3286103,FELDENE AMP INJ 20 MG B/2,ANTI-INFLAMMATOIRE NON STEROIDIEN (AINS),PIROXICAM
3319392,FELDENE CP DISPERS 20 MG B/15,ANTI-INFLAMMATOIRE NON STEROIDIEN (AINS),PIROXICAM
5543774,FELDENE GELULE 10 MG B/20,ANTI-INFLAMMATOIRE NON STEROIDIEN (AINS),PIROXICAM
3266804,FELDENE SUPPO 20 MG B/15,ANTI-INFLAMMATOIRE NON STEROIDIEN (AINS),PIROXICAM
3414742,FEMARA CP ENR 2,"CANCEROLOGIE, ANTINEOPLASIQUE",LETROZOLE
3902975,FEMIFER SIROP FL/200 ML,"HEMATOLOGIE, ANTIANEMIQUES",HYDROXYDE POLYMALTOSE DE FER+ACIDE FOLIQUE
1081421,FENOTHYL CP 160MG B/32,HYPOLIPEMIANT,FENOFIBRATE
8081216,FER PLUS SOL BUV FL/250 ML,"HEMATOLOGIE, ANTIANEMIQUES",POLYMALTOSE DE FER
8081191,FER PLUS SOLUTION BUVABLE EN SACHET 100MG/7ML B/32,"HEMATOLOGIE, ANTIANEMIQUES",POLYMALTOSE DE FER
2477082,FERACFOL 125 MG/ 5ML SIROP FL 150 ML,"HEMATOLOGIE, ANTIANEMIQUE",HYDROXYDE FER III + ACIDE FOLIQUE
8105218,FERACID GELULE B/36,"HEMATOLOGIE, ANTIANEMIQUES",SULFATE FERREUX+ACIDE FOLIQUE
8006574,FER-ACIDE FOLIQUE WINTROP CP B/30,"HEMATOLOGIE, ANTIANEMIQUES",FUMARATE FERREUX+ACIDE FOLIQUE
3092514,FERAMALT GELULE 100 MG B/20,"HEMATOLOGIE, ANTIANEMIQUES",HYDROXYDE POLYMALTOSE DE FER
2287603,FERAMALT SIROP FL/100 ML,"HEMATOLOGIE, ANTIANEMIQUES",HYDROXYDE POLYMALTOSE DE FER
2483529,FERAMORE SIROP FL 150ML,"HEMATOLOGIE, ANTIANEMIQUE",FER
2475006,FERAT-UNE SIROP 125MG FL/100ML,"HEMATOLOGIE, ANTIANEMIQUES",HYDROXYDE DE FER III POLYMALTOSE
3992333,FERBOVIT 60MG/L SUSPENSION BUVABLE DE 225ML,"HEMATOLOGIE, ANTIANEMIQUE",FER CABOLYNE + ACIDE FOLIQUE + CYANOCOBALAMINE + GLUCONATE DE ZINC/ CÉLÉNITÉ DE SODIUM + PENTAHYDRATE + VITAMINE E SODUIM/PENTAHYDRATE/ VITAMINE E
8035044,FERCEFOL CP B/30,"HEMATOLOGIE, ANTIANEMIQUES",FER FERREUX+ACIDE FOLIQUE+ ACIDE ASCORBIQUE
8035050,FERCEFOL SUSP BUV FL/150 ML,"HEMATOLOGIE, ANTIANEMIQUES",FER FERREUX+ACIDE FOLIQUE+ACIDE ASCORBIQUE
8015975,FEREMI SIROP FL/200 ML,"HEMATOLOGIE, ANTIANEMIQUES",FER + MULTIVITAMINES
3000001,FEREMI CP PELL B/30,"HEMATOLOGIE, ANTIANEMIQUES",FER + ZINC + ACIDE FOLIQUE + VITAMINE B12
8041027,FERFOLTONE GELULE B/30,"HEMATOLOGIE, ANTIANEMIQUES",FUMARATE FERREUX+ACIDE FOLIQUE
1526341,FERFOLTONE SIROP FL/200ML,"HEMATOLOGIE, ANTIANEMIQUE",GLUCONATE FERREUX + ACIDE FOLIQUE
8492439,FERFOR PLUS SIROP FL/200ML,"HEMATOLOGIE, ANTIANEMIQUES",ACIDE FOLIQUE + CITRATE D'AMMONIUM FERRIQUE + CYANOCOBALAMINE
8492422,FERFOR SIROP FL/200ML,"HEMATOLOGIE, ANTIANEMIQUES",ACIDE FOLIQUE + CITRATE D'AMMONIUM FERRIQUE + CYANOCOBALAMINE
2480090,FERGEN SOLUTION INJECTABLE 100MG/2ML B/5,"HEMATOLOGIE, ANTIANEMIQUE",HYDROXYDE DE FER III POLYMALTOSE
2863774,FERLIX B12 SOL ORALE FL/200 ML,"HEMATOLOGIE, ANTIANEMIQUES",FER FERREUX+ACIDE FOLIQUE+CYANOCOBALAMINE
3096405,FEROKEM SIROP FL/150ML,"HEMATOLOGIE, ANTI-ANEMIQUE",HYDROXYDE POLYMALTOSE DE FER
8061538,FEROX GELULE B/30,"HEMATOLOGIE, ANTIANEMIQUES","FER CARBONYLE, VIT B12, ACIDE FOLIQUE, SELENIUM, ZINC, VIT E"
2291792,FEROX SUSP BUV FL/200 ML,"HEMATOLOGIE, ANTIANEMIQUES",FER+COMPLEXE VITAMINIQUE+COMPLEXE MINERAL
7340742,FEROXYDE SIROP FL/100 ML,"HEMATOLOGIE, ANTI-ANEMIQUES",HYDROXYDE POLYMALTOSE DE FER
2477132,FEROXYDE B9 126 MG/5ML SIROP FL 150 ML,"HEMATOLOGIE, ANTIANEMIQUE",HYDROXYDE FER III + ACIDE FOLIQUE
8150880,FERPLEX SOL BUV 40MG B/10 FLACONS DE 15ML,"HEMATOLOGIE, ANTIANEMIQUES",FER
8147406,FERRETAB-FOLIC GELULE B/30,"HEMATOLOGIE, ANTIANEMIQUES",FUMARATE FERREUX+ACIDE FOLIQUE
8418727,FERREX FORTE SIROP FL/200 ML,"HEMATOLOGIE, ANTIANEMIQUES",FER+AC FOLIQUE+VIT B12
2473344,FERREX FORTE COMP PELL B/30,"HEMATOLOGIE, ANTIANEMIQUES",FER + MULTIVITAMINES
8088566,FERRO DENK COMPRIMES PELLICULES 50MG B/50,"HEMATOLOGIE, ANTIANEMIQUES",FER FERREUX
3463123,FERROFIT SIROP FL/200 ML,"HEMATOLOGIE, ANTIANEMIQUES",ACIDE FOLIQUE + CITRATE D'AMMONIUM FERRIQUE + CYANOCOBALAMINE
8441689,FERROFIT PLUS SIROP FL/200 ML,"HEMATOLOGIE, ANTIANEMIQUES",ACIDE FOLIQUE + CITRATE D'AMMONIUM FERRIQUE + CYANOCOBALAMINE
8104147,FERROLEX SIROP FL/200 ML,"HEMATOLOGIE, ANTIANEMIQUES",FER + ZINC + ACIDE FOLIQUE + VITAMINE B12
2007495,FERROSTRANE SUSP BUV FL/200 ML,"HEMATOLOGIE, ANTIANEMIQUES",FEREDETATE DE SODIUM
3351579,FERVEX ENF PDRE P SUSP BUV ENF B/8 SACH,"ORL,ANTI-GRIPPE,ANTI-RHUME",PHENIRAMINE+ACIDE ASCORBIQUE (VITAMINE C) +PARACETAMOL
3898350,FERVEX FRAMBOISE GRANULE SACHET B/8,"ORL,ANTI-GRIPPE,ANTI-RHUME",PARACETAMOL+MALEATE DE PHENIRAMINE+ACIDE ASCORBIQUE
3270591,FERVEX OBERLIN PDRE P SUSP BUV AD B/8 SACH,"ORL,ANTI-GRIPPE,ANTI-RHUME",PARACETAMOL+MALEATE DE PHENIRAMINE+ACIDE ASCORBIQUE
3335959,FERVEX SANS SUCRE GRANULE SACHET B/8,"ORL,ANTI-GRIPPE,ANTI-RHUME",PARACETAMOL+MALEATE DE PHENIRAMINE+ACIDE ASCORBIQUE
8009615,FERVITAL SIROP FL/100 ML,"HEMATOLOGIE, ANTIANEMIQUES",FER FERREUX+ACIDE FOLIQUE+CYANOCOBALAMINE
8405251,FERVITAL SIROP FL/200 ML,"HEMATOLOGIE, ANTIANEMIQUES",ACIDE FOLIQUE + CITRATE D'AMMONIUM FERRIQUE + CYANOCOBALAMINE
2481240,FERVITI SIROP FL 150ML,"HEMATOLOGIE, ANTIANEMIQUE",HYDROXYDE POLYMALTOSE + ACIDE FOLIQUE + SULFATE DE ZINC +VITAMINE B12 + VITAMINE C
3003026,FEVAROL CP ETUI DE 4,"ORL,ANTI-GRIPPE,ANTI-RHUME",PARACETAMOL + PHENYLEPHRINE + CHLORPHENIRAMINE + CAFEINE
3003033,FEVAROL SIROP FL/100ML,"ORL,ANTI-GRIPPE,ANTI-RHUME",PARACETAMOL + PHENYLEPHRINE + CHLORPHENIRAMINE + CAFEINE
3090466,FEVASTIN SOL INJ P PERFUSION FL/100ML,ANTALGIQUE/ANTIPYRETIQUE,PARACETAMOL
3620526,FEVERLET FORTE CP 100MG/500MG/375MG B/12,ANTALGIQUE/ANTIPYRETIQUE + AINS,PARACETAMOL + ACECLOFENAC + CHLORZOXAZONE
3910000,FEXOPINN M COMPRIME 120MG/10MG B/10,"ALLERGOLOGIE, ANTIHISTAMINIQUE",HYDROCHORIDE DE FEXOFÉNADINE+ MONTELUKAST
8041033,FEZOMIN-C GELULE B/30,"HEMATOLOGIE, ANTIANEMIQUES",FER FERREUX+ACIDE FOLIQUE+COMPLEXE MINERAL +COMPLEXE VITAMINIQUE
8177235,FIDOL SIROP 125MG/5ML FL/100ML,ANTALGIQUE/ANTIPYRETIQUE,PARACETAMOL
3430125,FIDOL 250 MG/5ML SP FL/100 ML,ANTALGIQUE/ANTIPYRETIQUE,PARACETAMOL
3738993,FIFER GELULE B/30,"HEMATOLOGIE, ANTIANEMIQUES",CITRATE D'AMMONIUM + ACIDE FOLIQUE + CYANOCOBALAMINE + PYRIDOXINE + ZINC
3737895,FIFER SIROP FL/200 ML,"HEMATOLOGIE, ANTIANEMIQUES",CITRATE D'AMMONIUM + ACIDE FOLIQUE + CYANOCOBALAMINE + PYRIDOXINE + ZINC
8427614,"FIKOFER Z, SIROP, FLACON DE 200ML","HEMATOLOGIE, ANTIANEMIQUE","CITRATE DE FER-CHOLINE 125 MG, L-LYSINE 25MG, COMPLEXE B, HYDROLYSATES DE PROTÉINE 500MG ZINC 25MG"
8585307,FINANEMI SIROP FL DE 200ML,"HEMATOLOGIE, ANTIANEMIQUE",HYDROXYDE DE POLYMALTOSE DE FER III + SULFATE DE ZINC + ZINC DE CUIVRE + CHLORURE DE MANGANESE + ACIDE FOLIQUE + VITAMINE 12 + VITAMINE B6
8596920,FINANEMI 20MG SOLUTION INJECTABLE B/5,"HEMATOLOGIE, ANTIANEMIQUE",HYDROXYDE DE POLYMALTOSE DE FER III + SULFATE DE ZINC + ZINC DE CUIVRE + CHLORURE DE MANGANESE + ACIDE FOLIQUE + VITAMINE 12 + VITAMINE B6
2024861,FINIGAL LOTION DERM FL/125ML,"DERMATOLOGIE, ANTIPARASITAIRE EXTERNE",LINDILANE
8644932,FINISPA CP 500MG/10MG B/10,ANTISPASMODIQUE,PARACETAMOL + BUTYLBROMURE DE HYOSCINE
1361711,FIXEF COMP PELL 200MG B/10,"ANTIBIOTIQUE, CEPHALOSPORINE",CEFIXIME
2476841,FIXIFAV DT COMP DISP 200MG B/10,"ANTIBIOTIQUE, CEPHALOSPORINE",CEFIXIME
2473066,FIXIM COMPRIMES 400MG B/5,"ANTIBIOTIQUE, CEPHALOSPORINE",CEFIXIME
8046160,FIXIM CP 200 MG B/10,"ANTIBIOTIQUE, CEPHALOSPORINE",CEFIXIME
8105075,FIXIM SUSP BUV FL/60 ML,"ANTIBIOTIQUE, CEPHALOSPORINE",CEFIXIME
2473041,FIXIM SUSP BUV 40MG/5ML FL/40ML,"ANTIBIOTIQUE, CEPHALOSPORINE",CEFIXIME
3037042,FIXIM 100MG/5ML PDR SUSP 60ML,"ANTIBIOTIQUE, CEPHALOSPORINE",CEFIXIME
3300336,FIXINECT CP PELL 200 MG B/10,"ANTIBIOTIQUE, CEPHALOSPORINE",CEFIXIME
8177237,FIXORINOX SUSPENSION POUR PULVERISATION NASALE FL 120 DOSES DE 15ML,"ORL, RHINITES ALLERGIQUES",FLUTICASONE
5618953,FIXXE COMP DISP 400MG B/6,"ANTIBIOTIQUE, CEFALOSPORINE",CEFIXIME
3373743,FIXXE CP DISPERS 200 MG B/10,"ANTIBIOTIQUE, CEPHALOSPORINE",CEFIXIME
3373781,FIXXE PDRE P SUSP BUV 100 MG/5ML FL/60 ML,"ANTIBIOTIQUE, CEPHALOSPORINE",CEFIXIME
3465135,FIZACLAV CP 1G/125MG B/16,"ANTIBIOTIQUE, PENICILLINE",AMOXICILLINE+ACIDE CLAVULANIQUE
3435031,"FIZACLAV CP 562,5 MG B/16","ANTIBIOTIQUE, PENICILLINE",AMOXICILLINE+ACIDE CLAVULANIQUE
3080597,FIZO CP 20 MG B/10,"GASTRO.E.H., ULCERE GASTRODUODENAL",RABEPRAZOLE
3230060,FIZO CP 20 MG B/30,"GASTRO.E.H., ULCERE GASTRODUODENAL",RABEPRAZOLE
3228198,FLAGENTYL CP ENR 500 MG B/4,ANTIBIOTIQUE ET ANTIPARASITAIRE,SECNIDAZOLE
3128826,FLAGIMAX 4% SUSPENSION FLACON DE 120 ML,ANTIBIOTIQUE ET ANTIPARASITAIRE,METRONIDAZOLE
3128727,FLAGIMAX 500MG COMPRIMÉS BTE DE 15,ANTIBIOTIQUE ET ANTIPARASITAIRE,METRONIDAZOLE
3040000,FLAGYL CP ENR 250 MG B/20,ANTIBIOTIQUE ET ANTIPARASITAIRE,METRONIDAZOLE
3311568,FLAGYL CP ENR 500 MG B/14,ANTIBIOTIQUE ET ANTIPARASITAIRE,METRONIDAZOLE
3040017,FLAGYL OVULE 500 MG B/10,"GYNECOLOGIE,TRAITEMENT DES VULVOVAGINITES",METRONIDAZOLE
3131694,FLAGYL SUSP BUV 4% FL/120 ML,ANTIBIOTIQUE ET ANTIPARASITAIRE,METRONIDAZOLE
3230976,"FLAGYL 0,5% SOL INJ 0,5% FL/100 ML",ANTIBIOTIQUE ET ANTIPARASITAIRE,METRONIDAZOLE
3530709,FLANID CP 100 MG B/30,ANTI-INFLAMMATOIRE NON STEROIDIEN (AINS),ACIDE TIAPROFENIQUE
3530690,FLANID CP 200 MG B/15,ANTI-INFLAMMATOIRE NON STEROIDIEN (AINS),ACIDE TIAPROFENIQUE
8425147,FLATORIL GELULE B/45,"GASTRO.E.H., TROUBLES FONCTIONNELS DIGESTIFS",SIMETHICONE + CLEBOPRIDE
2474219,FLAXOR 200MG/500MG CPR B/10,"ANTIBIOTIQUE, QUINOLONE",OFLOXACINE + ORNIDAZOLE
4211900,FLAZSEC CP B/4,"INFECTIOLOGIE, DIVERS ANTIBACTERIENS",FLUCONAZOLE + AZITHROMYCINE + SECNIDAZOLE
3263622,FLECAINE CP 100 MG B/30,"CARDIOLOGIE, ANTIARYTHMIQUES",FLECAINIDE
3263639,FLECAINE CP 100 MG B/90,"CARDIOLOGIE, ANTIARYTHMIQUES",FLECAINIDE
5605090,FLEMING CP 1G/125MG B/16,"ANTIBIOTIQUE, PENICILLINE",AMOXICILLINE+ACIDE CLAVULANIQUE
5606000,FLEMING CP 500 MG B/16,"ANTIBIOTIQUE, PENICILLINE",AMOXICILLINE+ACIDE CLAVULANIQUE
5606010,FLEMING PDRE P SUSP BUV 500 MG/5 ML FL/60 ML,"ANTIBIOTIQUE, PENICILLINE",AMOXICILLINE+ACIDE CLAVULANIQUE
3689977,FLEMING PDRE POUR SOL INJ IV 1000MG/200MG B/ 5,"ANTIBIOTIQUE, PENICILLINE",AMOXICILLINE+ACIDE CLAVULANIQUE
2475292,FLERIXIME DT COMP DISP 200MG B/10,"ANTIBIOTIQUE, CEPHALOSPORINE",CEFIXIME
2475294,FLERIXIME PDRE POUR SUSP BUV 100MG/5ML FL/ 60ML,"ANTIBIOTIQUE, CEPHALOSPORINE",CEFIXIME
3692067,FLEXABENZ PDE TUBE DE 30G,"RHUMATOLOGIE, AUTRES",CYCLOBENZAPRINE + HUILE DE LIN + DICLOFENAC + MENTHOL
3044155,FLEXDOL CP B/10,ANTI-INFLAMMATOIRE NON STEROIDIEN (AINS),IBUPROFENE + METHOCARBAMOL
2022939,FLEXEN GELULE 50 MG B/30,ANTI-INFLAMMATOIRE NON STEROIDIEN (AINS),KETOPROFENE
8043575,FLEX-NOR CP 400 MG B/10,"ANTIBIOTIQUE, QUINOLONE",NORFLOXACINE
2474842,FLEXPAR COMP 400MG/500MG B/12,ANTALGIQUE/ANTIPYRETIQUE,PARACETAMOL + METHOCARBAMOL
1278881,FLEXPRO EXTRA CP,"RHUMATHOLOGIE, MYORELAXANT",PARACETAMOL 500MG + METHOCARBAMOL 400 MG
3600092,FLIPTOR 10MG CPR B/30,HYPOLIPEMIANT,ROSUVASTATINE
2484842,FLIPTOR 20MG COMPRIME PELLICULE B/30,HYPOLIPEMIANT,ROSUVASTATINE
3600054,FLIPTOR 5MG CPR B/30,HYPOLIPEMIANT,ROSUVASTATINE
3355873,FLIXONASE SUSP P INHAL 50 MCG FL/120 DOSES,"ORL, RHINITES ALLERGIQUES",FLUTICASONE
3393307,FLIXOTIDE DISKUS 100µG 60 DOSES,"PNEUMOLOGIE, ANTIASTHMATIQUE",FLUTICASONE
3393336,FLIXOTIDE DISKUS 250µG 60 DOSES,"PNEUMOLOGIE, ANTIASTHMATIQUE",FLUTICASONE
3367037,FLIXOTIDE SUSP P INHAL 50 MCG FL/120 DOSES,"PNEUMOLOGIE, ANTIASTHMATIQUE",FLUTICASONE
5008650,FLOBAXINE CP 200 MG B/10,"ANTIBIOTIQUE, QUINOLONE",PYRANTEL
3365199,FLOMIST SPRAY NASAL 50MCG FL/100 BOUFFEES,"ORL,ANTI-GRIPPE,ANTI-RHUME",FLUTICASONE
8012155,FLOTAC GELULE 75 MG B/20,ANTI-INFLAMMATOIRE NON STEROIDIEN (AINS),DICLOFENAC + CHOLESTYRAMINE
3062692,FLOTRAL CP LP 10MG B/10,"UROLOGIE , HYPERTROPHIE BENIGNE DE LA PROSTATE",ALFUSOZINE
3896808,FLOTRAL CP LP 10MG B/30,"UROLOGIE , HYPERTROPHIE BENIGNE DE LA PROSTATE",ALFUSOZINE
2024683,FLOXAPEN GELULE 500 MG B/20,"ANTIBIOTIQUE, PENICILLINE",FLUCLOXACILLINE
5017024,FLOXAPEN PDRE P SUSP BUV 125MG FL/100ML,"ANTIBIOTIQUE, PENICILLINE",FLUCLOXACILLINE
5017025,FLOXAPEN PDRE P SUSP BUV 250MG FL/100ML,"ANTIBIOTIQUE, PENICILLINE",FLUCLOXACILLINE
2481648,FLOXEDOL COLLYRE FL/10ML,"OPHTALMOLOGIE, ANTIBACTERIEN LOCAL",OFLOXACINE
5050066,FLOXINE CP 400 MG B/10,"ANTIBIOTIQUE, QUINOLONE",PEFLOXACINE
2474551,FLOXIRA COMP 500MG B/10,"ANTIBIOTIQUE, QUINOLONE",LEVOFLOXACINE
2482719,FLOXIUM COMPRIME PELLICULE 500MG B/10,"ANTIBIOTIQUE, MACROLIDE",LEVOFLOXACINE
3992760,FLOXO-OZ COMP PELL 200MG/500MG B/10,ASSOCIATION D'ANTIBIOTIQUES,OFLOXACINE/ORNIDAZOLE
3992753,FLOXO-OZ 50MG/125MG SUSPENSION BUVABLE FL/ 60ML,ASSOCIATION D'ANTIBIOTIQUES,OFLOXACINE/ORNIDAZOLE
5050012,FLOXSOL CY FL/5 ML,"ANTIBIOTIQUE, QUINOLONE",NORFLOXACINE
8001453,FLUB SUSP BUV 600 MG/30 ML FL/30 ML,"PARASITOLOGIE, ANTHELMINTIQUE",FLUBENDAZOLE
2476986,"FLUBIFEN COLLYRE 0,03 % FL/5ML","OPHTALMOLOGIE, ANTIINFLAMMATOIRE LOCAL",FLURBIPROFENE
3015049,FLUCA CY FL/5 ML,"OPHTALMOLOGIE, ANTIALLERGIQUES LOCAUX",FLUOROMETHOLONE + CROMOGLYCATE DE SODIUM
8052551,FLUCAND GELULE 150 MG B/1,ANTIFONGIQUE SYSTEMIQUE,FLUCONAZOLE
2289246,FLUCAP GELULES 150MG B/1,ANTIFONGIQUE SYSTEMIQUE,FLUCONAZOLE
1506371,FLUCAP SUSPENSION 50MG/5ML FL/60ML,ANTIFONGIQUE SYSTEMIQUE,FLUCONAZOLE
5804030,FLUCAZOL GELULE 100 MG B/10,ANTIFONGIQUE SYSTEMIQUE,FLUCONAZOLE
5804020,FLUCAZOL SUSP BUV FL/60 ML,ANTIFONGIQUE SYSTEMIQUE,FLUCONAZOLE
5603030,FLUCESS CP 150MG B/1,ANTIFONGIQUE SYSTEMIQUE,FLUCONAZOLE
5603020,FLUCESS CP 50MG B/7,ANTIFONGIQUE SYSTEMIQUE,FLUCONAZOLE
3382592,FLUCOGEN GELULE 500 MG B/12,"ANTIBIOTIQUE, PENICILLINE",FLUCLOXACILLINE
3526309,FLUCOGEN SUSP BUV 250MG/5ML FL/100ML,"ANTIBIOTIQUE, PENICILLINE",FLUCLOXACILLINE
8081913,FLUCOLD CP 500 MG/30 MG/ 5 MG/2 MG B/4,"ORL, ANTI-GRIPPE, ANTI-RHUME",PARACETAMOL + CAFEINE + PHENYLÉPHRINE + PHERINA
8024192,"FLUCOLD SIROP 2,5 MG/125MG/25MG/ SIROP FL 100ML","ORL, ANTI-GRIPPE, ANTI-RHUME",PHÉNYLEPHRINE + CHLORPHENIARAMINE + PARACETAMOL
3242028,FLUCON CY FL/3 ML,"OPHTALMOLOGIE, ANTI-INFLAMMATOIRES LOCAUX",FLUOROMETHOLONE
8411412,FLUCONA DENK GELULE 100 MG B/10,ANTIFONGIQUE SYSTEMIQUE,FLUCONAZOLE
3096307,FLUCONA DENK GELULE 150 MG B/1,ANTIFONGIQUE SYSTEMIQUE,FLUCONAZOLE
2480210,FLUCOWOOD 150MG GELULE B/1,ANTIFONGIQUE SYSTEMIQUE,FLUCONAZOLE
8065269,FLUCTINE GELULES 20 MG B/12,"PSYCHIATRIE, ANTIDEPRESSEURS",FLUOXETINE
3382746,"FLUDEX CP ENR LP 1,5 MG B/30","ANTIHYPERTENSEUR, DIURETIQUE",INDAPAMIDE
3492659,FLUDOGREL 75MG COMP PELL B/30,"HEMOSTASE, ANTIAGREGANTS PLAQUETTAIRES",CLOPIDOGREL
3350553,FLUDOL DM SOL BUV FL 120 ML,"ORL,ANTI-GRIPPE,ANTI-RHUME",CHLORPHENIRAMINE+DEXTROMETORPHANE +PHENYLEPHRINE
3268346,FLUDOL GELULE 300 MG PLAQUETTE DE 10,"ORL,ANTI-GRIPPE,ANTI-RHUME",PARACETAMOL + PHENYLEPHRINE + CHLORPHENIRAMINE + CAFEINE
3350591,FLUDOL-P + SIROP ENFANT FL/120ML,"ORL,ANTI-GRIPPE,ANTI-RHUME",PARACETAMOL+CHLORPHENIRAMINE+PHENYLEPHRINE
8097571,FLUGEN CP 100 MG B/10,ANTIFONGIQUE SYSTEMIQUE,FLUCONAZOLE
8099831,FLUGEN 50MG SIROP FL/60 ML,ANTIFONGIQUE SYSTEMIQUE,FLUCONAZOLE
3063107,FLUISEDAL SIROP FL/125 ML,"PNEUMOLOGIE, ANTITUSSIF ANTIHISTAMINIQUE",BENZOATE DE MEGLUMINE+POLYSORBATE 20+CHLORHYDRATE DE PROMETHAZINE
8513118,FLUKOCIN GELULE 500 MG B/20,"ANTIBIOTIQUE, PENICILLINE",FLUCLOXACILLINE
8513236,FLUKOCIN PDRE P SUSP BUV 250MG FL/100ML,"ANTIBIOTIQUE, PENICILLINE",FLUCLOXACILLINE
3386965,FLUOMIZIN CP VAGINAL B/6,"GYNECOLOGIE,TRAITEMENT DES VULVOVAGINITES",CHLORURE DE DEQUALINUM
3050910,FLUOXETINE MERINAL GELULE 20MG B/30,"PSYCHIATRIE, ANTIDEPRESSEURS",FLUOXETINE
1448781,FLUOXETINE VIR GELULE 20MG B/28,"PSYCHIATRIE, ANTIDEPRESSEURS",FLUOXETINE
2478882,FLUOXINE COMPRIME PELLICULE 750MG B/10,"ANTIBIOTIQUE, QUINOLONE",CIPROFLOXACINE
5025588,FLUOXINE CP 500 MG B/10,"ANTIBIOTIQUE, QUINOLONE",CIPROFLOXACINE
2485605,FLUOXINE T 500MG/600MG CPR PELL B/10,ASSOCIATION D'ANTIBIOTIQUES,CIPROFLOXACINE + TINIDAZOLE
8150064,FLURIFEN CP 100 MG B/15,ANTI-INFLAMMATOIRE NON STEROIDIEN (AINS),FLUBIPROFENE
2027687,FLUSKIN GEL T/30ML,"DERMATOLOGIE,DERMOCORTICOIDE(AIS)",FLUOCINONIDE
3035115,FLUSTAPH GELULE 500 MG B/12,"ANTIBIOTIQUE, PENICILLINE",FLUCLOXACILLINE
6110269,FLUSTAPH GELULE 500 MG B/12,"ANTIBIOTIQUE, PENICILLINE",FLUCLOXACILLINE
3103425,FLUSTAPH GELULE 500 MG B/24,"ANTIBIOTIQUE, PENICILLINE",FLUCLOXACILLINE
6110276,FLUSTAPH GELULE 500 MG B/24,"ANTIBIOTIQUE, PENICILLINE",FLUCLOXACILLINE
3103388,FLUSTAPH PDRE P SUSP BUV 125MG/5ML FL/100ML,"ANTIBIOTIQUE, PENICILLINE",FLUCLOXACILLINE
6110283,FLUSTAPH PDRE P SUSP BUV 125MG/5ML FL/100ML,"ANTIBIOTIQUE, PENICILLINE",FLUCLOXACILLINE
6110290,FLUSTAPH PDRE P SUSP BUV 250MG FL/100ML,"ANTIBIOTIQUE, PENICILLINE",FLUCLOXACILLINE
3035078,FLUSTAPH PDRE P SUSP BUV 250MG FL/100ML,"ANTIBIOTIQUE, PENICILLINE",FLUCLOXACILLINE
2479015,FLUSUM COMPRIMES 150MG B/1,ANTIFONGIQUE SYSTEMIQUE,FLUCONAZOLE
2664879,FLUTIFORM SUSP POUR INHAL FLACON PRESSURISE 50µG/5µG B/120 DOSES,"PNEUMOLOGIE, ANTI-ASTHMATIQUE",FLUTICASONE + FORMOTEROL
2664885,FLUTIFORM SUSP PR INHAL 125µG/5µG 120 DOSES,"PNEUMOLOGIE, ANTI-ASMATHIQUE",FLUTICASONE + FORMOTEROL
2472593,FLUTIFORM SUSP PR INHAL 250µG/10µG 120 DOSES,"PNEUMOLOGIE, ANTI-ASMATHIQUE",FLUTICASONE + FORMOTEROL
3244079,FLUVERMAL SUSP BUV 2% FL/30 ML,"PARASITOLOGIE, ANTHELMINTIQUE",FLUBENDAZOLE
2252220,FLUZON CP 150MG B/2,ANTIFONGIQUE SYSTEMIQUE,FLUCONAZOLE
8715490,FLUZYN GELULE 20MG,"PSYCHIATRIE, ANTIDEPRESSEURS",FLUOXETINE
3697870,FLUZYN GELULE 20MG B/30,"PSYCHIATRIE, ANTIDEPRESSEURS",FLUOXETINE
3948804,FOCE 100MG CPR B/10,"ANTIBIOTIQUE, CEPHALOSPORINE",CEFPODOXIME
3948811,FOCE 200MG CPR B/10,"ANTIBIOTIQUE, CEPHALOSPORINE",CEFPODOXIME
3005322,FOCE 40 MG/5ML PDRE SUSP BUV /100ML,"ANTIBIOTIQUE, CEPHALOSPORINE",CEFPODOXIME
3005315,FOCE 40MG/5ML PDRE SUSP BUV F/50ML,"ANTIBIOTIQUE, CEPHALOSPORINE",CEFPODOXIME
3512340,FOFEC CP 308MG/4MG/200MG B/30,"HEMATOLOGIE, ANTIANEMIQUES",FUMARATE FERREUX + ACIDE FOLIQUE + VIT C
3458778,FOLICANAD COMPRIME 5MG BT 50,"HEMATOLOGIE, ANTIANEMIQUE",ACIDE FOLIQUE
8017394,FOLIFER CP B/60,"HEMATOLOGIE, ANTIANEMIQUES",SULFATE FERREUX+ACIDE FOLIQUE
3214212,FOLINATE DE CALCIUM SOLUTION INJ 50MG/5ML DETAIL,"CANCEROLOGIE, TRAITEMENTS ASSOCIES",FOLINATE DE CALCIUM
2263414,FOLIRON GELULE B/30,"HEMATOLOGIE, ANTIANEMIQUES",SULFATE FERREUX+ACIDE FOLIQUE
6000588,FONGICIL OVULE 150MG B/3,"GYNECOLOGIE,TRAITEMENT DES VULVOVAGINITES",ECONAZOLE
6000571,FONGICIL CREME 1% T/30 G,"DERMATOLOGIE, ANTIFONGIQUE LOCAL",ECONAZOLE
6000564,FONGICIL LAIT DERM 1% FL/30 ML,"DERMATOLOGIE, ANTIFONGIQUE LOCAL",ECONAZOLE
3377337,FORADIL GELULE 12µG B/30,"PNEUMOLOGIE, ANTIASTHMATIQUE",FORMOTEROL
3377343,FORADIL GELULE 12µG B/60,"PNEUMOLOGIE, ANTIASTHMATIQUE",FORMOTEROL
3374122,FORCAN GELULE 150 MG B/1,ANTIFONGIQUE SYSTEMIQUE,FLUCONAZOLE
2027084,FORLAX PDRE P SOL BUV 10 G/SACH B/10,"GASTRO.E.H., CONSTIPATION",MACROGOL 4000
3389978,FORLAX PDRE P SOL BUV 10 G/SACH B/20,"GASTRO.E.H., CONSTIPATION",MACROGOL 4000
3357682,"FORTADOL CP PELLICULE 37,5MG/325MG B/20","ANTALGIQUE/ANTIPYRETIQUE, ASSOCIATION CONTENANT UN OPIACE",PARACETAMOL + TRAMADOL
2485619,FORTIUS 10MG CPR BT 28,HYPOLIPEMIANT,ROSUVASTATINE
3288622,FORTRANS PDRE P SOL BUV B/4 SACH,"GASTRO.E.H., CONSTIPATION",MACROGOL 4000
5552796,FORTUM PDRE P P INJ 1G B/1,"ANTIBIOTIQUE, CEPHALOSPORINE",CEFTAZIDIME
5552810,FORTUM PDRE P P INJ 500 MG B/1,"ANTIBIOTIQUE, CEPHALOSPORINE",CEFTAZIDIME
3774848,"FORTZAAR COMP PELLICULE 100MG/12,5MG B/28","ANTIHYPERTENSEUR, ANTAGONISTE RECEPTEUR DE L'ANGIOTENSINE + DIURETIQUE",LOSARTAN + HYDROCHLOROTHIAZIDE
3518625,FORTZAAR COMP PELLICULE 100MG/25MG B/28,"ANTIHYPERTENSEUR, ANTAGONISTE RECEPTEUR DE L'ANGIOTENSINE + DIURETIQUE",LOSARTAN + HYDROCHLOROTHIAZIDE
3922302,FORXIGA COMPRIME 10MG B/30,AUTRES ANTIDIABETIQUES,DAPAGLIFOZINE
3264515,FRAKIDEX CY FL/5 ML,"OPHTALMOLOGIE, ANTI-INFLAMMATOIRES ET ANTIBACTERIENS LOCAUX",DEXAMETHASONE+FRAMYCETINE
3264521,FRAKIDEX PDE OPHT T/5 G,"OPHTALMOLOGIE, ANTI-INFLAMMATOIRES ET ANTIBACTERIENS LOCAUX",DEXAMETHASONE+FRAMYCETINE
8003989,FRAMOPTIC-D SOL OPHTA/AURICUL FL/10 ML,"OPHTALMOLOGIE, ANTI-INFLAMMATOIRES ET ANTIBACTERIENS LOCAUX",FRAMYCETINE+DEXAMETHASONE+GRAMICIDINE
3278256,"FRAXIPARINE AMP INJ 0,3ML B/2","HEMOSTASE, ANTICOAGULANTS INJECTABLES",NADROPARINE
2580609,"FRESHEYE 0,5% COLLYRE FLACON DE 10ML","OPHTALMOLOGIE, SUPPLEANCE LACRYMALE",CARBOXY MÉTHYL CELLULOSE SODIQUE
2285981,FRIDIAL CP 30 MG B/20,ANTISPASMODIQUE,PRIFINIUM BROMURE
3226556,FRIDIAL ENFANT SOLUTE BUVABLE FL/50ML,ANTISPASMODIQUE,PRIFINIUM BROMURE
2472543,FUCANOL GELULE 500MG B/12,"ANTIBIOTIQUE, PENICILLINE",FLUCLOXACILLINE
2472544,FUCANOL SUSP FL/100ML,"ANTIBIOTIQUE, PENICILLINE",FLUCLOXACILLINE
3321928,FUCIDINE CP ENR 250 MG B/10,"INFECTIOLOGIE, DIVERS ANTIBACTERIENS",ACIDE FUSIDIQUE
3293184,FUCIDINE CREME 2% T/15 G,"DERMATOLOGIE, ANTIBACTERIEN LOCAL",ACIDE FUSIDIQUE
3041703,FUCIDINE PDE 2% T 15G,"DERMATOLOGIE, ANTIBACTERIEN LOCAL",ACIDE FUSIDIQUE
3627358,FUCIMED CREME 2% TUBE DE 15G,"DERMATOLOGIE, ANTIBACTERIEN LOCAL",ACIDE FUSIDIQUE
3319133,FUCITHALMIC GEL OPTH 1% T 3G,"OPHTALMOLOGIE, ANTIBACTERIENS LOCAUX",ACIDE FUSIDIQUE
8003417,FUCLO GELULE B/24,"ANTIBIOTIQUE, PENICILLINE",FLUCLOXACILLINE
2473241,FUCLO INJ 1000MG B/1,"ANTIBIOTIQUE, PENICILLINE",FUCLOXACILLINE
3411476,FUCLO PDRE P SOL INJ 500MG IV B/1,"ANTIBIOTIQUE, PENICILLINE",FLUCLOXACILLINE
8002205,FUCLO PDRE P SUSP BUV 250MG FL/100ML,"ANTIBIOTIQUE, PENICILLINE",FLUCLOXACILLINE
3694150,FUGALOX 200MG COMPRIME B/10,"ANTIBIOTIQUE, QUINOLONE",OFLOXACINE
3041809,FUMAFER CP ENR 200 MG B/100,"HEMATOLOGIE, ANTIANEMIQUES",FUMARATE FERREUX
3041815,FUMAFER PDRE ORALE B/50 G,"HEMATOLOGIE, ANTIANEMIQUES",FUMARATE FERREUX
2293236,FUMARATE FERREUX + ACIDE FOLIQUE TM CP 200MG/0.25MG B/100,"HEMATOLOGIE, ANTIANEMIQUES",FUMARATE FERREUX+ACIDE FOLIQUE
8038290,FUMARATE FERREUX TM CP 200MG B/100,"HEMATOLOGIE, ANTIANEMIQUES",FUMARATE FERREUX
4383544,FUNBACT-A CREME 1% TUBE/30G,DERMOCORTICOIDES+ANTIFONGIQUE,CLOTRIMAZOLE + BETAMETHASONE + NEOMYCINE
3061466,FUNGIFEN CREME 1% T/15 G,"DERMATOLOGIE, ANTIFONGIQUE LOCAL",CLOTRIMAZOLE
8006924,FUNGILYSE OVULE 100MG B/6,"GYNECOLOGIE,TRAITEMENT DES VULVOVAGINITES",ECONAZOLE
4194716,FURO-DENK CP 40 MG B/100,"ANTIHYPERTENSEUR, DIURETIQUE",FUROSEMIDE
2473436,FUROSEMIDE IG 20MG/2ML BT1,"ANTIHYPERTENSEUR, DIURETIQUE",FUROSEMIDE
9001484,FUSICORT CREME T/30 G,"DERMATOLOGIE, ANTIBACTERIEN LOCAL",ACIDE FUSIDIQUE + BETAMETHASONE
3024836,FUSIGEN PDE 20MG T/10G,"DERMATOLOGIE, ANTIBACTERIEN LOCAL",ACIDE FUSIDIQUE
2478887,FUSIZEX COMPRIMES 40MG B/30,"ANTIHYPERTENSEUR, DIURETIQUE",FUROSEMIDE
3841426,FUSIZEX SOLUTION INJECT 10MG B/10,"ANTIHYPERTENSEUR, DIURETIQUES",FUROSEMIDE
2478901,FUSIZEX SOLUTION INJECTABLE 10MG DETAIL,"ANTIHYPERTENSEUR, DIURETIQUE",FUROSEMIDE
3003333,"FYTOBACT 1 G IV PDR, PR SOL INJ FL/20ML",ASSOCIATION D'ANTIBIOTIQUES,SULBACTAM + CEFOPERAZONE
3172433,"FYTOBACT 2 G IV PDR, PR SOL INJ FL/20ML",ASSOCIATION D'ANTIBIOTIQUES,SULBACTAM + CEFOPERAZONE
6560435,GABEN 75MG/750MG GEL B/10,"NEUROLOGIE, ANTIEPILEPTIQUE",PREGABALINE + METHYLCOBALAMINE
2475522,GAGNERVE P COMPRIME B/30,"RHUMATOLOGIE, DOULEURS D'ORIGINE MUSCULAIRE",PREGABALINE + METHYLCOBALAMINE
3302071,GALCIPRO CP 500 MG B/10,"ANTIBIOTIQUE, QUINOLONE",CIPROFLOXACINE
3302149,GALOCID CP 40 MG PLAQUETTE DE 10 CP,"GASTRO.E.H., ULCERE GASTRODUODENAL",PANTOPRAZOLE
3302088,GALPEN PDRE P P INJ B/1,"ANTIBIOTIQUE , AUTRES BETA-LACTAMINES",MEROPENEME
2298498,GALVUS CP 50 MG B/30,AUTRES ANTIDIABETIQUES,VIDAGLIPTINE
3141342,GALVUS MET FCT CP PELL 50/1000 B/30,AUTRES ANTIDIABETIQUES,VIDAGLIPTINE + METFORMINE
3141359,GALVUS MET FCT CP PELL 50/500MG B/30,AUTRES ANTIDIABETIQUES,VIDAGLIPTINE + METFORMINE
3141335,GALVUS MET FCT CP PELL 50/850MG B/30,AUTRES ANTIDIABETIQUES,VIDAGLIPTINE + METFORMINE
5660473,GALZOLE 200MG/5ML SUSP BUV FL/10ML,"PARASITOLOGIE, ANTHELMINTIQUE",ALBENDAZOLE
3907765,GAMMA IV IMMUNOGLOBULINES SOL INJ IV FL/ 100ML,"IMMUNOLOGIE, IMMUNOMODULATEUR ET IMMUNOSUBSTITUANT",IMMUNOGLOBULINES POLYVALENTES
2485109,GAMOK COMPRIME PELL 1000MG/125MG B/14,"ANTIBIOTIQUE, PENICILLINE",AMOXICILLINE + ACIDE CLAVULANIQUE
3042387,GANIDAN CP 500 MG B/20,"GASTRO.E.H., ANTI- DIARRHEIQUE",SULFAGUANIDINE
8004799,GANYMOL SUPPO 1000MG B/10,ANTALGIQUE/ANTIPYRETIQUE,PARACETAMOL
8004748,GANYMOL SUPPO 125MG B/10,ANTALGIQUE/ANTIPYRETIQUE,PARACETAMOL
8004753,GANYMOL SUPPO 250 MG B/10,ANTALGIQUE/ANTIPYRETIQUE,PARACETAMOL
8004782,GANYMOL SUPPO 500MG B/10,ANTALGIQUE/ANTIPYRETIQUE,PARACETAMOL
3042507,GARDENAL CP 10 MG B/80,"NEUROLOGIE, ANTIEPILEPTIQUES",PHENOBARBITAL
3042536,GARDENAL CP 100 MG B/20,"NEUROLOGIE, ANTIEPILEPTIQUES",PHENOBARBITAL
3042513,GARDENAL CP 50 MG B/30,"NEUROLOGIE, ANTIEPILEPTIQUES",PHENOBARBITAL
3286209,GARDENAL PDRE P P INJ 40 MG B/1,"NEUROLOGIE, ANTIEPILEPTIQUES",PHENOBARBITAL
2289826,GASEC GASTROCAPS 10MG B/14,"GASTRO.E.H., ULCERE GASTRODUODENAL",OMEPRAZOLE
2277378,GASPRAL GELULE 20MG B/30,"GASTRO.E.H., ULCERE GASTRODUODENAL",OMEPRAZOLE
8084261,GASPRAL 40 PDRE P P INJ B/1,"GASTRO.E.H., ULCERE GASTRODUODENAL",OMEPRAZOLE
183335,GASTRICID COMPRIMES A CROQUER POCHETTE DE 4,"GASTRO.E.H., ANTIACIDE ET PANSEMENT GASTROINTESTINAL",FAMOTIDINE + MAGNESIUM + CALCIUM
3018335,GASTRICID COMPRIMES A CROQUER POCHETTE DE 4,"GASTRO.E.H., ANTIACIDE ET PANSEMENT GASTROINTESTINAL",FAMOTIDINE + MAGNESIUM + CALCIUM
5801070,GASTRIDIN AMP INJ 50 MG B/5,"GASTRO.E.H., ULCERE GASTRODUODENAL",RANITIDINE
8021065,GASTRIDIN CP 150 MG B/20,"GASTRO.E.H., ULCERE GASTRODUODENAL",RANITIDINE
8034955,GASTRIDIN 150 CP 150 MG PLAQUETTE DE 10,"GASTRO.E.H., ULCERE GASTRODUODENAL",RANITIDINE
2289312,GASTROMAG SUSP BUV FL/200 ML,"GASTRO.E.H., ANTIACIDE ET PANSEMENT GASTROINTESTINAL",ALUMINIUM HYDROXYDE + MAGNESIUM HYDROXYDE
3042855,GASTROPULGITE PDRE P SUSP BUV B/30 SACH,"GASTRO.E.H., ANTIACIDE ET PANSEMENT GASTROINTESTINAL",ATTAPULGITE DE MORMOIRON
8124813,"GATISTAR CY 0,3% FL/5 ML","OPHTALMOLOGIE, ANTIBACTERIENS LOCAUX",GATIFLOXINE
8007533,G-CEFTRIA PDRE P P INJ 1G B/1,"ANTIBIOTIQUE, CEPHALOSPORINE",CEFTRIAXONE
4211975,GDUL GELULE B/7KIT,"GASTRO.E.H., ULCERE GASTRODUODENAL",CLARITHROMYCINE + TINIDAZOLE + LANZOPRAZOLE
3316703,"GELDENE GEL P APPL LOC 0,5% T/50 G",ANTI-INFLAMMATOIRE NON STEROIDIEN (AINS),PIROXICAM
3228417,"GELDERM 0,5G 0,2G SOLUTION MOUSSANTE FL 125ML","DERMATOLOGIE, ANTISEPTIQUE LOCAL",CHLORURE DE BENZALKONIUM + GLUCONATE DE CHLORHEXIDINE
3706829,"GELTIM LP FLACONS UNIDOSES 0,1% B/30","OPHTALMOLOGIE, ANTIGLAUCOMATEUX",TIMOLOL
3910246,GEMBIN 1000MG IV PDRE SOL PERF F/1,"CANCEROLOGIE, ANTINEOPLASIQUE",GEMCITABINE
3346870,GEMCITABINE 1000,"CANCEROLOGIE, ANTINEOPLASIQUE",GEMCITABINE
3346769,GEMCITABINE 200,"CANCEROLOGIE, ANTINEOPLASIQUE",GEMCITABINE
3280645,GEN M INJECTABLE 120MG B/1,"PARASITOLOGIE, ANTIPALUDIQUE",ARTESUNATE
3280652,GEN M INJECTABLE 30MG B/1,"PARASITOLOGIE, ANTIPALUDIQUE",ARTESUNATE
3230626,GEN -M PDRE P SOL INJ 60MG IM/IV B/1,"PARASITOLOGIE, ANTIPALUDIQUE",ARTESUNATE
3314647,GENACID SUSP BUV FL/200 ML,"GASTRO.E.H., ANTIACIDE ET PANSEMENT GASTROINTESTINAL",SIMETHICONE+ALUMINIUM HYDROXYDE+MAGNESIUM HYDROXYDE
3343869,GENART AMP INJ 40 MG B/6,"PARASITOLOGIE, ANTIPALUDIQUE",ARTEMETHER
3551134,GENCLAV PDRE P SUSP BUV SACHET DOSE 1G/ 125MG B/16,"ANTIBIOTIQUE, PENICILLINE",AMOXICILLINE+ACIDE CLAVULANIQUE
3551110,"GENCLAV PDRE POUR SUSP BUVABLE EN SACHETS 250MG/31,25MG B/12","ANTIBIOTIQUE, PENICILLINE",AMOXICILLINE+ACIDE CLAVULANIQUE
3551127,"GENCLAV PDRE POUR SUSP BUVABLE EN SACHETS 500MG/62,5MG B/12","ANTIBIOTIQUE, PENICILLINE",AMOXICILLINE+ACIDE CLAVULANIQUE
8165060,GENCLOBEN CREME TUBE DE 30G,DERMOCORTICOIDES+ANTIFONGIQUE,GENTAMICINE + BETAMETHASONE + CLOTRIMAZOLE
1433471,GENCLOBEN OVULES B/7,"GYNECOLOGIE, TRAITEMENT DES VULVO-VAGINITES",METRONIDAZOLE + NEOMYCINE FLUCONAZOLE
3314579,GENFER SOLUTION INJECTABLE IM 100MG/2ML B/5,"HEMATOLOGIE, ANTIANEMIQUES",FER
2299612,GENFORTE CP EN PLAQUETTE DE 10,ANTALGIQUE/ANTIPYRETIQUE + AINS,PARACETAMOL+IBUPROFENE
3289532,GENFORTE-GH SUSP BUV FL/120 ML,ANTALGIQUE/ANTIPYRETIQUE + AINS,PARACETAMOL+IBUPROFENE
3257173,GEN-M CP DISPER 20MG /120MG B/24,"PARASITOLOGIE, ANTIPALUDIQUE",ARTEMETHER+LUMEFANTRINE
2230589,GEN-M CP DISPERS 40MG/240MG B/12,"PARASITOLOGIE, ANTIPALUDIQUE",ARTEMETHER+LUMEFANTRINE
3230541,GEN-M CP 80/480 MG B/6,"PARASITOLOGIE, ANTIPALUDIQUE",ARTEMETHER+LUMEFANTRINE
3230664,GEN-M SUSP BUV 15MG/90MG FL/30ML,"PARASITOLOGIE, ANTIPALUDIQUE",ARTEMETHER+LUMEFANTRINE
3230701,GEN-M SUSP BUV 30MG/180MG FL/30ML,"PARASITOLOGIE, ANTIPALUDIQUE",ARTEMETHER+LUMEFANTRINE
8111006,GENPAR SOL P PERF 10MG FL/100,ANTALGIQUE/ANTIPYRETIQUE,PARACETAMOL
8097269,"GENPRESS CP 1,25MG B/30","ANTIHYPERTENSEUR, INHIBITEUR DE L'ENZYME DE CONVERSION",RAMIPRIL
8097298,"GENPRESS CP 2,5 MG B/30","ANTIHYPERTENSEUR, INHIBITEUR DE L'ENZYME DE CONVERSION",RAMIPRIL
8097329,GENPRESS CP 5 MG B/30,"ANTIHYPERTENSEUR, INHIBITEUR DE L'ENZYME DE CONVERSION",RAMIPRIL
8108292,GENSET CP 10 MG B/30,"ALLERGOLOGIE,ANTIHISTAMINIQUE",CETIRIZINE
3176665,GENSET SIROP FL/60 ML,"ALLERGOLOGIE,ANTIHISTAMINIQUE",CETIRIZINE
3092712,"GENTA CY 0,3% FL/3 ML","OPHTALMOLOGIE, ANTIBACTERIENS LOCAUX",GENTAMICINE
3223491,GENTALLINE AMP INJ 160 MG B/1,"ANTIBIOTIQUE, AMINOSIDE",GENTAMICINE
3244435,"GENTALLINE CY 0,3% FL/5 ML","OPHTALMOLOGIE, ANTIBACTERIENS LOCAUX",GENTAMICINE
3262580,"GENTAMED CY 0,3% FL/5 ML","ANTIBIOTIQUE, AMINOSIDE",GENTAMICINE
262597,"GENTAMED PDE OPHT 0,3% T/5 G","OPHTALMOLOGIE, ANTIBACTERIENS LOCAUX",GENTAMICINE
8014355,"GENTAMICINE TM CY 0,3% FL/5 ML","OPHTALMOLOGIE, ANTIBACTERIENS LOCAUX",GENTAMICINE
8014349,GENTAMICINE TM SOLUTION INJECTABLE 80MG/ 2ML IM/IV AMP DETAIL,"ANTIBIOTIQUE, AMINOSIDE",GENTAMICINE
8095891,"GENTASOL CY 0,3% FL/5 ML","OPHTALMOLOGIE, ANTIBACTERIENS LOCAUX",GENTAMICINE
8486764,"GENTASURE COLLYRE 0,3% FL/10ML","OPHTALMOLOGIE, ANTIBACTERIEN LOCAL",GENTAMICINE
3643963,GENTOVIR CP PELLICULES 300MG B/30,"GASTRO.E.H., HEPATITES VIRALES CHRONIQUES",TENOFOVIR
9139065,"GENTYL COLLYRE 0,3 % FL/5ML","OPHTALMOLOGIE, ANTIBACTERIENS LOCAUX",GENTAMICINE
2473335,GENVAS COMP 10MG B/30,HYPOLIPEMIANT,ROSUVASTATINE
2473336,GENVAS COMP 20MG B/30,HYPOLIPEMIANT,ROSUVASTATINE
8007410,GESTID CP B/20,"GASTRO.E.H., ANTIACIDE ET PANSEMENT GASTROINTESTINAL",HYDROXYDE ALUMINIUM+HYDROXYDE MAGNESIUM
2473658,GEZID CP 80MG B/30,SULFAMIDE ANTIDIABETIQUE,GLICLAZIDE
2485544,GIANT 20MG/5MG COMPRIME PELL B/28,ASSOCIATION D'ANTIHYPERTENSEURS,OLMESARTAN + AMLODIPINE
2485546,GIANT 40MG/10MG COMPRIME PELL B/28,ASSOCIATION D'ANTIHYPERTENSEURS,OLMESARTAN + AMLODIPINE
2485545,GIANT 40MG/5MG COMPRIME PELL B/28,ASSOCIATION D'ANTIHYPERTENSEURS,OLMESARTAN + AMLODIPINE
3197411,GIVALEX SOL P BAIN DE BOUCHE FL/125,"STOMATOLOGIE,BAIN DE BOUCHE,GARGARISME ET GELS",HEXETIDINE+SALICYLATE DE CHOLINE+CHLOROBUTANOL
2475295,GLADICLAV COMP 1000MG/125MG B/14,"ANTIBIOTIQUE, PENICILLINE",AMOXICILLINE + ACIDE CLAVULANIQUE
3036907,GLEMA CP 1 MG B/30,SULFAMIDE ANTIDIABETIQUE,GLIMEPIRIDE
3036914,GLEMA CP 2 MG B/30,SULFAMIDE ANTIDIABETIQUE,GLIMEPIRIDE
3036921,GLEMA CP 3 MG B/30,SULFAMIDE ANTIDIABETIQUE,GLIMEPIRIDE
3036938,GLEMA CP 4 MG B/30,SULFAMIDE ANTIDIABETIQUE,GLIMEPIRIDE
8478913,GLEMPA COMPRIMES 10MG B/30,AUTRES ANTIDIABETIQUES,EMPAGLIFOZINE
8480726,GLEMPA COMPRIMES 25MG B/30,AUTRES ANTIDIABETIQUES,EMPAGLIFOZINE
8035073,GLIBENCLAMIDE TM CP 5 MG B/100,SULFAMIDE ANTIDIABETIQUE,GLIBENCLAMIDE
3671016,GLIBI COMPRIME 75MG B/14,"NEUROLOGIE, ANTI-EPILEPTIQUE",PREGABALINE
8040223,"GLIBOMET CP 400/2,5 MG B/40",AUTRES ANTIDIABETIQUES,METFORMINE+GLIBENCLAMIDE
1143307,GLICAMET 80MG/500MG CP/B30,AUTRES ANTIDIABETIQUES,GLICAZIDE + METFORMINE
3991701,GLICAMOL CP 80 MG B/10,SULFAMIDE ANTIDIABETIQUE,GLICAZIDE
3224878,GLICAZIDE GENERIS CP 30MG B/60,SULFAMIDE ANTIDIABETIQUE,GLICLAZIDE
8162593,GLIDE COMPRIMES 60MG LP B/30,SULFAMIDE ANTIDIABETIQUE,GLICLAZIDE
8494527,GLIDE LP COMP 60MG B/150,SULFAMIDE ANTIDIABETIQUE,GLICLAZIDE
3718483,GLIDE LP COMPRIME 60MG B/30,SULFAMIDE ANTIDIABETIQUE,GLICAZIDE
8571950,GLIDE M CP LP 60MG/500MG B/30,AUTRES ANTIDIABETIQUES,GLICAZIDE + METFORMINE
8571966,GLIDE M CP LP 60MG/850MG B/30,AUTRES ANTIDIABETIQUES,GLICAZIDE + METFORMINE
5015460,GLIDIABET CP 5 MG B/30,SULFAMIDE ANTIDIABETIQUE,GLIBENCLAMIDE
3317846,GLIM FORTE COMPRIME 800MG/80MG B/30,AUTRES ANTIDIABETIQUES,GLICAZIDE + METFORMINE
8071519,GLIMEPIRIDE DENK 2 CP 2 MG B/30,SULFAMIDE ANTIDIABETIQUE,GLIMEPIRIDE
8071554,GLIMEPIRIDE DENK 3 CP 3 MG B/30,SULFAMIDE ANTIDIABETIQUE,GLIMEPIRIDE
3224953,GLIMEPIRIDE GENERIS CP 2MG B/60,SULFAMIDE ANTIDIABETIQUE,GLIMEPIRIDE
3849965,GLIMERON CPR 2MG B/30,SULFAMIDES ANTIDIABETIQUES,GLIMEPIRIDE
3849972,GLIMERON CPR 3MG B/30,SULFAMIDES ANTIDIABETIQUES,GLIMEPIRIDE
3849989,GLIMERON CPR 4MG B/30,SULFAMIDES ANTIDIABETIQUES,GLIMEPIRIDE
3849996,GLIMERON M2 CPR 2MG/500MG,AUTRES ANTIDIABETIQUES,GLIMEPIRIDE + METFORMINE
3774137,GLIMERYL M COMP 500MG/2MG B/30,AUTRES ANTIDIABETIQUES,METFORMINE + GLIMEPIRIDE
3991862,GLIMIWEL CP 2 MG B/30,SULFAMIDE ANTIDIABETIQUE,GLIMEPIRIDE
3991855,GLIMIWEL CP 4 MG B/30,SULFAMIDE ANTIDIABETIQUE,GLIMEPIRIDE
3495148,GLIMSY COMPRIMES 1MG B/30,SULFAMIDE ANTIDIABETIQUE,GLIMEPIRIDE
3495186,GLIMSY CP 2 MG B/30,SULFAMIDE ANTIDIABETIQUE,GLIMEPIRIDE
3495223,GLIMSY CP 4 MG B/30,SULFAMIDE ANTIDIABETIQUE,GLIMEPIRIDE
8467499,GLIZAR MR 60 MG LP BT 30,SULFAMIDE ANTIDIABETIQUE,GLICLAZIDE
3528167,GLUCOPHAGE CP ENR 500 MG B/30,BIGUANIDE ANTIDIABETIQUE,METFORMINE
3560171,GLUCOPHAGE CP 1 G B/30,BIGUANIDE ANTIDIABETIQUE,METFORMINE
3044794,GLUCOPHAGE 850MG CP ENR 850 MG B/100,BIGUANIDE ANTIDIABETIQUE,METFORMINE
3044802,GLUCOPHAGE 850MG CP ENR 850 MG B/30,BIGUANIDE ANTIDIABETIQUE,METFORMINE
8035038,GLUCOR 100MG CPR B/30,AUTRES ANTIDIABETIQUES,ACARBOSE
8035021,GLUCOR 50MG CPR B/30,AUTRES ANTIDIABETIQUES,ACARBOSE
3580162,"GLUCOVANCE CP 500 MG/2,5 MG B/30",AUTRES ANTIDIABETIQUES,METFORMINE+GLIBENCLAMIDE
3580280,GLUCOVANCE CP 500 MG/5 MG B/30,AUTRES ANTIDIABETIQUES,METFORMINE+GLIBENCLAMIDE
8458483,GLUCOVANCE 1000 MG/5MG COMP B/30,AUTRES ANTIDIABETIQUES,METFORMINE + GLIBENCLAMIDE
8021013,GLURENOR CP 30 MG B/20,SULFAMIDE ANTIDIABETIQUE,GLIQUIDONE
9139135,GLUSIMET CP PELL 50MG/1000MG B/56,AUTRES ANTIDIABETIQUES,SITAGLIPTINE + METFORMINE
3254553,GLYCIRON SUPPO 1G B/10,"GASTRO.E.H., CONSTIPATION",GLYCERINE
3254556,GLYCIRON SUPPO 3G B/10,"GASTRO.E.H., CONSTIPATION",GLYCERINE
2472828,GLYFERON COMP 1000MG B/30,BIGUANIDE ANTIDIABETIQUE,METFORMINE
2472827,GLYFERON COMP 850MG B/30,BIGUANIDE ANTIDIABETIQUE,METFORMINE
3003323,GLYMAX LP 500MG/2MG CPR B/30,AUTRES ANTIDIABETIQUES,GLIMEPIRIDE + METFORMINE
3217573,GLYREE M2 CP 2MG/500MG B/30,AUTRES ANTIDIABETIQUES,GLIMEPIRIDE + METFORMINE
3185421,GLYREE 2MG CP B/30,SULFAMIDE ANTIDIABETIQUE,GLIMEPIRIDE
2299701,GLYSET CP 1 MG B/30,SULFAMIDE ANTIDIABETIQUE,GLIMEPIRIDE
2299718,GLYSET CP 2 MG B/30,SULFAMIDE ANTIDIABETIQUE,GLIMEPIRIDE
2299724,GLYSET CP 3 MG B/30,SULFAMIDE ANTIDIABETIQUE,GLIMEPIRIDE
2299730,GLYSET CP 4 MG B/30,SULFAMIDE ANTIDIABETIQUE,GLIMEPIRIDE
2033274,GLYSS AD SUPPO B/10,"GASTRO.E.H., CONSTIPATION",GLYCERINE
2033280,GLYSS NRS SUPPO B/10,"GASTRO.E.H., CONSTIPATION",GLYCERINE
5846339,GLYTEC COMPRIME 100MG B/30,AUTRES ANTIDIABETIQUES,SITAGLIPTINE
8472833,GLYTEC- M COMPRIME 50MG/1000MG B/60,AUTRES ANTIDIABETIQUES,SITAGLIPTINE + METFORMINE
2481714,GNEB COMPRIME 5MG B/28,ANTIHYPERTENSEUR BETABLOQUANT,NEBIVOLOL
3045687,GOMENOL SOL P INHAL B/5 AMP,"ORL, DECONGESTIONNANTS",GOMENOL
8403157,GRAMOCEF-O GELULE 200MG B/10,"ANTIBIOTIQUE, CEFALOSPORINE",CEFIXIME
8008254,GRAMOCEF-O SUSP BUV 100MG/5ML FL/100ML,"ANTIBIOTIQUE, CEPHALOSPORINE",CEFIXIME
3323281,GRANI DENK 1MG/ML SOL INJ AMP/1ML B/5,"CANCEROLOGIE, TRAITEMENTS ASSOCIES",GRANISETRON
8182087,GRANISETRON OMEGA SOLUTION INJECTABLE 1MG/1ML IV DETAIL,"CANCEROLOGIE, TRAITEMENTS ASSOCIES",GRANISETRON
3568415,GRIPAL SIROP FL/150ML,"ORL,ANTI-GRIPPE,ANTI-RHUME",PARACETAMOL +DEXTROMETHORPHANE + CHLORPHENAMINE
1304481,GRIPAR CP B/10,"ORL, RHUME ET GRIPPE",PARACETAMOL + CAFEINE + PHENYLEPHRINE
3195932,GRIPEX PDRE P SUSP BUV SACHET B/10,"ORL,ANTI-GRIPPE,ANTI-RHUME",PARACETAMOL + CHLORPHENIRAMINE + PHENYLEPHRINE + VITAMINE C
9389981,GRIPGO COMPRIMES 500MG/30MG/10MG/2MG B/10,"ORL, RHUME ET GRIPPE",PARACETAMOL + CAFEINE + PHENYLEPHRINE + CHLORPHENIRAMINE +
8409289,GRIPLYSE COMP B/20,"ORR, RHUME ET GRIPPE",PARACETAMOL + CAFEINE + PHENYLEPHRINE + CHLORPHENIRAMINE
8409290,GRIPLYSE SIROP FL/100ML,"ORR, RHUME ET GRIPPE",PHENYLEPHRINE + PARACETAMOL + CHLORPHENAMINE
3998755,GRIPMAX COMP B/10,"ORR, RHUME ET GRIPPE",PARACETAMOL + CHLORPHENIRAMINE + CAFEINE + MAGNESIUM
3046445,GRISEFULINE CP 250 MG B/30,ANTIFONGIQUE SYSTEMIQUE,GRISEOFULVINE
2027724,GRISEO PDE T/15 G,ANTIFONGIQUE SYSTEMIQUE,GRISEOFULVINE
8409295,GRISEOFON COMP 500MG B/20,ANTIFONGIQUE SYSTEMIQUE,GRISEOFULVINE
3668894,GRISEOFULVINE AFRICURE 500MG CPR B / 20,ANTIFONGIQUE SYSTEMIQUE,GRISEOFULVINE
3253595,GRISEOFULVINE CIPHARM CP 250 MG PLAQUETTE DE 10,ANTIFONGIQUE SYSTEMIQUE,GRISEOFULVINE
3253557,GRISEOFULVINE CIPHARM CP 500 MG PLAQUETTE DE 10,ANTIFONGIQUE SYSTEMIQUE,GRISEOFULVINE
8031483,GRISEOPHARM CP 125 MG B/30,ANTIFONGIQUE SYSTEMIQUE,GRISEOFULVINE
2035965,GRISEOPHARM CP 250 MG B/30,ANTIFONGIQUE SYSTEMIQUE,GRISEOFULVINE
2035971,GRISEOPHARM CP 500 MG B/20,ANTIFONGIQUE SYSTEMIQUE,GRISEOFULVINE
8467588,GUAMEN SIROP 200 ML,"PNEUMOLOGIE, ANTITUSSIF",TERBUTALINE + AMBROXOL+MENTHOL
3263020,GUNCIPRO FORTE CP B/10,ANTIBIOTIQUE ET ANTIPARASITAIRE,CIPROFLOXACINE+TINIDAZOLE
3343876,GVIA CP 100 MG B/28,AUTRES ANTIDIABETIQUES,"SITAGLIPTINE, METFORMINE"
3393876,GVIA-M COMPRIMES PELLICULES 50MG/1000MG B/ 60,AUTRES ANTIDIABETIQUES,"SITAGLIPTINE, METFORMINE"
3343852,GVIA-M COMPRIMES PELLICULES 50/500MG B/60,AUTRES ANTIDIABETIQUES,"SITAGLIPTINE, METFORMINE"
2471506,GYFLORINE OVULE B/6,"GYNECOLOGIE, TRAITEMENT DES VULVO-VAGINIQUES",METRONIDAZOLE + CLOTRIMAZOLE + LACTOBACILLUS
8396606,GYNANFORT OVULE B/10,"GYNECOLOGIE, TRAITEMENT ANTIFONGIQUE DES VULVO-VAGINITES",METRONIDAZOLE + SULFATE DE NEOMYCINE + NYSTATINE
2485200,GYNE CREME T/20G,"DERMATOLOGIE, ANTISEPTIQUES EXTERNES",IRGASAN + ALLANTOINE
2485201,GYNE GEL SOL FL/90ML,"DERMATOLOGIE, ANTISEPTIQUES EXTERNES",ACIDE LACTIQUE
3774182,GYNO-CANDIZOL OVULES 200MG B/7,"GYNECOLOGIE, TRAITEMENT DES VULVOVAGINITES",MICONAZOLE
3774984,GYNO-CANDIZOL OVULES 400MG B/3,"GYNECOLOGIE, TRAITEMENT DES VULVOVAGINITES",MICONAZOLE
3590840,GYNOCARE OVULE B/6,"GYNECOLOGIE,TRAITEMENT DES VULVOVAGINITES",CLOTRIMAZOLE + POVIDONE IODEE + TINIDAZOLE
2471507,GYNOFAST OVULE B/3,"GYNECOLOGIE,TRAITEMENT DES VULVOVAGINITES",CLINDAMYCINE + CLOTRIMAZOLE
2471866,GYNOFER SIROP FL/200 ML,"HEMATOLOGIE, ANTI-ANEMIQUE",CITRATE D'AMMONIAC FERRIQUE + ACIDE FOLIQUE B9 + VITAMINE B12
3202385,GYNOKIT COMPRIME 150MG/1G/1G B/4,"INFECTIOLOGIE, DIVERS ANTIBACTERIENS",FLUCONAZOLE + AZITHROMYCINE + SECNIDAZOLE
8305616,GYNOMAX OVULE B/12,"GYNECOLOGIE,TRAITEMENT DES VULVOVAGINITES",METRONIDAZOLE + NEOMYCINE + NYSTATINE + HYDROCORTISONE
2291906,GYNOMAX OVULE B/6,"GYNECOLOGIE,TRAITEMENT DES VULVOVAGINITES",METRONIDAZOLE + NEOMYCINE + NYSTATINE + HYDROCORTISONE
3301682,GYNOMYK OVULE 100 MG B/3,"GYNECOLOGIE,TRAITEMENT DES VULVOVAGINITES",BUTOCONAZOLE
3302411,GYNOPEVARYL OVULE LP 150 MG B/1,"GYNECOLOGIE,TRAITEMENT DES VULVOVAGINITES",ECONAZOLE
3202276,GYNOPEVARYL OVULE 150MG B/3,"GYNECOLOGIE,TRAITEMENT DES VULVOVAGINITES",ECONAZOLE
7785027,GYNOPHILUS CP VAGINAL AD B/14,"GYNECOLOGIE,TRAITEMENT DES VULVOVAGINITES",LACTOBACILLUS CASEI VARIETE RHAMNOSUS DODERLEINI
3046959,GYNOPLIX 500 OVULE 500 MG B/10,"GYNECOLOGIE,TRAITEMENT DES VULVOVAGINITES",METRONIDAZOLE
8003452,GYNOSPAN CP ENR B/30,ANTISPASMODIQUE,PHLOROGLUCINOL+TRIMETHYLPHLOROGLUCINOL
3411513,"GYNOSPAN INJ 40MG/0,04 B/6",ANTISPASMODIQUE,PHLOROGLUCINOL+TRIMETHYLPHLOROGLUCINOL
8011718,GYNOSPAN SUPPO B/10,ANTISPASMODIQUE,PHLOROGLUCINOL+TRIMETHYLPHLOROGLUCINOL
4031753,HAEM UP GELULE B/30,"HEMATOLOGIE, ANTIANEMIQUES",FER FERREUX+ACIDE FOLIQUE+HYDROXOCOBALAMINE
8018979,HAEM UP SIROP FL/200 ML,"HEMATOLOGIE, ANTIANEMIQUES",FER FERREUX+ACIDE FOLIQUE+HYDROXOCOBALAMINE
3047189,HALDOL AMP INJ 5 MG B/5,"PSYCHIATRIE, NEUROLEPTIQUES",HALOPERIDOL
3208250,HALDOL CP 5 MG B/30,"PSYCHIATRIE, NEUROLEPTIQUES",HALOPERIDOL
3269932,HALDOL DECANOAS AMP INJ 50 MG B/1,"PSYCHIATRIE, NEUROLEPTIQUES",HALOPERIDOL
3263510,HALDOL DECANOAS AMP INJ 50 MG B/5,"PSYCHIATRIE, NEUROLEPTIQUES",HALOPERIDOL
3047172,HALDOL SOL BUV 0,"PSYCHIATRIE, NEUROLEPTIQUES",HALOPERIDOL
3915661,HALEFLU POUDRE POUR SUSP BUVABLE 4MG/ 10MG/250MG SACHET B/10,"ORL, ANTIGRIPPE ET ANTIRHUME",PARACETAMOL + PHENIRAMINE + PHENYLEPHRINE + ACIDE ASCORBIQUE
8179665,HALIBUT POMMADE TUBE 100G,"DERMATOLOGIE, TOPIQUE A ACTIVITE PROTECTRICE",OXYDE DE ZINC
3915692,HALOPARA COMPRIME EFFERVESCENT 1000MG B/ 8,ANTALGIQUE/ANTIPYRETIQUE,PARACETAMOL
3915685,HALOPARA COMPRIME EFFERVESCENT 500MG B/ 16,ANTALGIQUE/ANTIPYRETIQUE,PARACETAMOL
2482529,HALOPARA 1000MG COMPRIMES EFFERVESCENT B/8,ANTALGIQUE/ANTIPYRETIQUE,PARACETAMOL
2480204,HALOPARA 500MG COMPRIMES EFFERVESCENT B/ 16,ANTALGIQUE/ANTIPYRETIQUE,PARACETAMOL
2480209,HALOSPA-S 15MG/500MG/100MG CPB/10,ANTALGIQUE/ANTIPYRETIQUE + AINS,ACECLOFENAC + PARACETAMOL + SERRAPEPTIDASE
3014607,"HANUCIN 0,3% COLL F/5ML","OPHTALMOLOGIE, ANTIBACTERIEN LOCAL",OFLOXACINE
3014300,"HANUDINE 0,2% COLL F/10ML","OPHTALMOLOGIE, ANTIGLAUCOMATEUX",BRIMONIDINE
3014508,"HANUFLUR 0,03% COLL F/5ML","OPHTALMOLOGIE, ANTI-INFLAMMATOIRE LOCAL",FLURBIPROFENE + HYDROXIPROPYL METHYLCELLULOSE
3014409,"HANUTOB 0,3% COLL F/5ML","OPHTALMOLOGIE, ANTIBACTERIEN LOCAL",TOBRAMYCINE
1204295,HB PLUS IV SOL INJ,"HEMATOLOGIE,ANTIANEMIQUE",HYDROXYDE POLYMALTOSE DE FER
8451096,HB PLUS SIROP FL/150 ML,"HEMATOLOGIE, ANTIANEMIQUES",HYDROXYDE POLYMALTOSE DE FER+ACIDE FOLIQUE
3810286,HC-NEX POMMADE 1% TUBE DE 15G,"DERMATOLOGIE, DERMOCORTICOIDE",ACÉTATE D'HYDROCORTISONE
7340735,HEAMOCARE CP B/30,"HEMATOLOGIE, ANTI-ANEMIQUES",FER SULFATE + ACIDE ASCORBIQUE + VIT B12 + ZINC
3047657,HELICIDINE SIROP 10% FL/125 ML,"PNEUMOLOGIE, ANTITUSSIF NON OPIACE NON ANTIHISTAMINIQUE",HELICIDINE
3403164,HELICIDINE SIROP 10% FL/250 ML,"PNEUMOLOGIE, ANTITUSSIF NON OPIACE NON ANTIHISTAMINIQUE",HELICIDINE
3259528,HELICOBAN CAPSULES MOLLES B/42,"GASTRO.E.H., ULCERE GASTRODUODENAL",OMEPRAZOLE + CLARITHROMYCINE + TINIDAZOL
2037898,HELICOCIN CP B/42,ASSOCIATION D'ANTIBIOTIQUES,AMOXICILLINE + METRONIDAZOLE
3305622,HELMINTOX SUSP BUV 5% FL/15 ML,"PARASITOLOGIE, ANTHELMINTIQUE",PYRANTEL
8057459,HEMAFER SIROP 50MG/5ML FL/125ML,"HEMATOLOGIE, ANTIANEMIQUES",HYDROXYDE POLYMALTOSE DE FER
2477020,HEMAFER COMP A CROQUER B/30,"HEMATOLOGIE, ANTIANEMIQUE",COMPLEXE FERRIQUE HYDROXYDE POLYMALTOSE
5001047,HEMAFER CP EFF B/12,"HEMATOLOGIE, ANTI-ANEMIQUE",FER
5000111,HEMAFER FOL CP EFF B/12,"HEMATOLOGIE, ANTIANEMIQUES",HYDROXYDE POLYMALTOSE DE FER+ACIDE FOLIQUE
2477018,HEMAFER FOL COMP A CROQUER B/100,"HEMATOLOGIE, ANTIANEMIQUE",COMPLEXE FERRIQUE HYDROXYDE POLYMALTOSE
5000098,HEMAFER IM INJ B/5,"HEMATOLOGIE, ANTI-ANEMIQUE",FER
9999279,HEMASTIM SOL INJ SC/IV 4000 UI SERINGUE PRE- REMPLIE,"HEMATOLOGIE, ANTIANEMIQUES",ERYTHROPOIETINE
3991831,HEMASTIM SOL INJ SC/IV 10.000 UI SERINGUE PRE- REMPLIE,"HEMATOLOGIE, ANTIANEMIQUES",ERYTHROPOIETINE
9999278,HEMASTIM SOL INJ SC/IV 2000 UI SERINGUE PRE- REMPLIE,"HEMATOLOGIE, ANTIANEMIQUES",ERYTHROPOIETINE
3506085,HEMAX 10000UI/ML LYOPH SOL INJ SER PRER/1,"HEMATOLOGIE, ANTIANEMIQUES",ERYTHROPOIETINE
3506073,HEMAX 2000UI/ML LYOPH SOL INJSER PRER/1,"HEMATOLOGIE, ANTIANEMIQUES",ERYTHROPOIETINE
3506080,HEMAX 4000UI/ML LYOPH SOL INJ SER PRER/1,"HEMATOLOGIE, ANTIANEMIQUES",ERYTHROPOIETINE
9999773,HEMBRAN SIROP FL/200 ML,"HEMATOLOGIE, ANTIANEMIQUES",FER+ACIDE FOLIQUE
3917498,HEMEX PLUS SIROP FLACON 100ML,"HEMATOLOGIE, ANTI-ANEMIQUE",HYDROXYDE POLYMALTOSE DE FER
3016595,HEMOCURE SUPPOSITOIRE BOITE DE 10,"GASTRO.E.H., MEDICAMENT DE PROCTOLOGIE",HYDROCORTISONE + LIDOCAINE + ZINC + ALLANTOINE
3163337,HEMOFER SOL BUV FL/200 ML,"HEMATOLOGIE, ANTIANEMIQUES",FER+AC FOLIQUE+VIT B12
4049919,HEMOREX SUPPO B/10,"GASTRO.E.H., MEDICAMENT DE PROCTOLOGIE","HYDROCORTISONE, ESCULOSIDE, BENZOCAINE"
5705284,HEMOTRATE-S SOLUTION INJECTABLE B/5 AMPOULES,"HEMATOLOGIE, ANTINEMIQUE",FER SACHAROSE
3048384,HEPARGITOL PDRE P SUSP BUV B/20 SACH,"GASTRO.E.H., CONSTIPATION",ARGININE + SORBITOL
3457698,HEPCINAT 400 CP PELL B/28,"GASTRO.E.H., HEPATITES VIRALES CHRONIQUES",SOFOSBUVIR
5621037,HERCEPTIN PDRE POUR SOLUTION A DILUER POUR PERFUSION 600 MG B/1,"CANCEROLOGIE, ANTINEOPLASIQUE",TRASTUZUMAB
8007823,HERPERAX PDE T/5 G,ANTIVIRAUX,ACICLOVIR
3230396,HEXABRIX 320 SOL INJ FL/10 ML,OPACIFICATION DES VOIES URINAIRES ET DES VAISSEAUX,IOXITALAMATE DE MEGLUMINE
3272615,HEXAPNEUMINE SIROP AD FL/200 ML,"PNEUMOLOGIE, ANTITUSSIF OPIACE ANTIHISTAMINIQUE",BICLOTYMOL+CHLORPHENIRAMINE+PHOLCODINE
3272621,HEXAPNEUMINE SIROP ENF FL/200 ML,"PNEUMOLOGIE, ANTITUSSIF OPIACE ANTIHISTAMINIQUE",BICLOTYMOL+CHLORPHENIRAMINE+PHOLCODINE
3283325,HEXIDINE BAIN DE BOUCHE FL/160ML,"STOMATOLOGIE,BAIN DE BOUCHE,GARGARISME ET GELS",CHLOREXIDINE
3283332,HEXIGEL GEL 1% TUBE DE15G,"STOMATOLOGIE,BAIN DE BOUCHE,GARGARISME ET GELS",CHLOREXIDINE
3049538,HEXOMEDINE SOL P APPL LOC 1% FL/250 ML,"DERMATOLOGIE, ANTISEPTIQUE LOCAL",HEXAMIDINE
3049604,"HEXTRIL SOL P BAIN BOUCHE 0,1% FL/200 ML","STOMATOLOGIE,BAIN DE BOUCHE,GARGARISME ET GELS",HEXETIDINE
8550088,HI CORT PDRE P P INJ 100 MG B/1,ANTI-INFLAMMATOIRE STEROIDIEN (AIS),HYDROCORTISONE
3176142,HICONCIL PDRE P SUSP BUV 125 MG/5 ML FL/60 ML,"ANTIBIOTIQUE, PENICILLINE",AMOXICILLINE
3176159,HICONCIL PDRE P SUSP BUV 250 MG/5 ML FL/60 ML,"ANTIBIOTIQUE, PENICILLINE",AMOXICILLINE
3202661,HICONCIL PDRE P SUSP BUV 500 MG/5 ML FL/60 ML,"ANTIBIOTIQUE, PENICILLINE",AMOXICILLINE
2264571,HIPOTENSIL CP 25 MG B/30,"ANTIHYPERTENSEUR, INHIBITEUR DE L'ENZYME DE CONVERSION",CAPTOPRIL
2264588,HIPOTENSIL CP 50 MG B/30,"ANTIHYPERTENSEUR, INHIBITEUR DE L'ENZYME DE CONVERSION",CAPTOPRIL
8077019,HIPRIL - 10 CP 10 MG B/30,"ANTIHYPERTENSEUR, INHIBITEUR DE L'ENZYME DE CONVERSION",LISINOPRIL
8088483,HIPRIL- A CP B/30,AUTRES ASSOCIATIONS D'ANTIHYPERTENSEURS,LISINOPRIL+AMLODIPINE
5612080,HIPRIL-5 CP 5 MG B/30,"ANTIHYPERTENSEUR, INHIBITEUR DE L'ENZYME DE CONVERSION",LISINOPRIL
9001509,HISTADIUS CP PELL 5 MG B/10,"ALLERGOLOGIE,ANTIHISTAMINIQUE",DESLORATADINE
3992579,HOVIMAX CP 250 MG B/6,"ANTIBIOTIQUE, MACROLIDE",AZITHROMYCINE
3447463,HUMEX RHUME CP ET GELULE B/12 CP + 4 GELULE,"ORL,ANTI-GRIPPE,ANTI-RHUME",PARACETAMOL+PSEUDOEPHEDRINE+CHLORPHENIRAMINE
3129473,HUMEX SIROP AD FL/250 ML,"PNEUMOLOGIE, ANTITUSSIF CONTENANT UN OPIACE",PHOLCODINE
3051015,HUMEX SIROP ENF FL/125 ML,"PNEUMOLOGIE, ANTITUSSIF CONTENANT UN OPIACE",PHOLCODINE
2280417,HUMEXLIB PDRE P SOL BUV EN SACH B/8,"ORL,ANTI-GRIPPE,ANTI-RHUME",PARACETAMOL+ACIDE ASCORBIQUE (VITAMINE C) +CHLOPHENIRAMINE
3335988,HUMEXLIB 500MG/4MG GELULE B/16,"ORL,ANTI-GRIPPE,ANTI-RHUME",PARACETAMOL + CHLORPHENIRAMINE
2475452,"HYDRAM COMP 10MG/12,5MG B/30",ANTIHYPERTENSEUR INHIBITEUR DE L'ENZYME DE CONVERSION + DIURETIQUE,RAMIPRIL + HYDROCHLOROTHIAZIDE
2475456,HYDRAM COMP 10/25MG B/30,ANTIHYPERTENSEUR INHIBITEUR DE L'ENZYME DE CONVERSION + DIURETIQUE,RAMIPRIL + HYDROCHLOROTHIAZIDE
2475474,"HYDRAM COMP 5/12,5MG B/30",ANTIHYPERTENSEUR INHIBITEUR DE L'ENZYME DE CONVERSION + DIURETIQUE,RAMIPRIL + HYDROCHLOROTHIAZIDE
3051268,HYDREA GELULE 500 MG B/20,"CANCEROLOGIE, ANTINEOPLASIQUE",HYDROXY CARBAMIDE
3051564,"HYDROCORTANCYL 2,5%125MG F/5ML",ANTI-INFLAMMATOIRE STEROIDIEN (AIS),PREDNISOLONE
3051417,HYDROCORTISONE CP 10 MG B/25,ANTI-INFLAMMATOIRE STEROIDIEN (AIS),HYDROCORTISONE
7678127,HYDROXYUREA 100MG CPR PELL B/200,"CANCEROLOGIE, ANTINEOPLASIQUE",HYDROXY CARBAMIDE
3213581,HYDROXYUREA 1000MG CPR PELL B/30,"CANCEROLOGIE, ANTINEOPLASIQUE",HYDROXY CARBAMIDE
3294692,HYPERIUM CP 1 MG B/30,ANTIHYPERTENSEUR D'ACTION CENTRALE,RILMENIDINE
9073101,HYPOTEN CP 50 MG B/30,"ANTIHYPERTENSEUR, BÊTABLOQUANT",ATENOLOL
9829731,HYQUIN CP PELL 200MG B/30,"RHUMATOLOGIE,TTT DE FOND DES RHUMATISMES INFLAMMATOIRES",HYDROXYCHLOROQUINE SULFATE
3555678,HYTACAND CP 16/12.5MG B/28,ANTIHYPERTENSEUR ANTAGONISTE RECEPTEURS ANGIOTENSINE II + DIURETIQUE,HYDROCHLOROTHIAZIDE+CANDESARTAN
3539113,HYTACAND CP 8/12.5MG B/28,ANTIHYPERTENSEUR ANTAGONISTE RECEPTEURS ANGIOTENSINE II + DIURETIQUE,HYDROCHLOROTHIAZIDE+CANDESARTAN
3385207,HYZAAR CP 50/12.5MG B/28,ANTIHYPERTENSEUR ANTAGONISTE RECEPTEURS ANGIOTENSINE II + DIURETIQUE,LOSARTAN POTASSIQUE + HYDROCHLOROTHIAZIDE
8143029,IASAQ ADULTE CP 100 MG/ 270 MG B/6,"PARASITOLOGIE, ANTIPALUDIQUE",ARTESUNATE+AMODIAQUINE
8143035,IASAQ JUNIOR CP 100 MG/270 MG B/3,"PARASITOLOGIE, ANTIPALUDIQUE",ARTESUNATE+AMODIAQUINE
8143041,"IASAQ PETIT ENFANT CP 25 MG/67,5 MG B/3","PARASITOLOGIE, ANTIPALUDIQUE",ARTESUNATE+AMODIAQUINE
8049052,IBEX GELULE 200MG/235/30MG,ANTALGIQUE/ANTIPYRETIQUE + AINS,PARACETAMOL + IBUPROFENE + CAFEINE
8064610,IBUDOL SIROP FL/100 ML,ANTALGIQUE/ANTIPYRETIQUE + AINS,PARACETAMOL+IBUPROFENE
2291912,IBUMOL CP B/10,ANTALGIQUE/ANTIPYRETIQUE + AINS,PARACETAMOL+IBUPROFENE
5614020,IBUMOL CP 400/325MG B/30,ANTALGIQUE/ANTIPYRETIQUE + AINS,PARACETAMOL+IBUPROFENE
8002872,IBUMOL SIROP FL/60 ML,ANTALGIQUE/ANTIPYRETIQUE + AINS,PARACETAMOL+IBUPROFENE
3867334,IBUNEX -P- COMPRIMÉ 400MG/500MG PLAQUETTE DE 10,ANTALGIQUE/ANTIPYRETIQUE + AINS,PARACETAMOL + IBUPROFENE
3677643,IBUNEX SIROP 100MG/5ML FL/120ML,ANTALGIQUE/ANTIPYRETIQUE + AINS,IBUPROFENE + PARACETAMOL
3776568,IBUNIGHT CP B/20,ANTI-INFLAMMATOIRE NON STEROIDIEN (AINS),IBUPROFENE + DEPHENHYDRAMINE
6140887,IBUPHIL GEL 5% TUBE DE 50G,ANTI-INFLAMMATOIRE NON STEROIDIEN (AINS),IBUPROFENE
3271513,IBUPROFEN DENK CP PELL 600MG B/20,ANTI-INFLAMMATOIRE NON STEROIDIEN (AINS),IBUPROFENE
1448791,IBUPROFEN VIR COMP PELL 600MG B/20,ANTI-INFLAMMATOIRE NON STEROIDIEN (AINS),IBUPROFENE
3668948,IBUPROFENE AFRICURE 400MG CPR B / 20,ANTIINFLAMMATOIRE NON STEROIDIEN (AINS),IBUPROFENE
3383589,IBUPROFENE BIOGARAN CONSEIL CP PELL 400 MG B/20,ANTI-INFLAMMATOIRE NON STEROIDIEN (AINS),IBUPROFENE
3376563,IBUPROFENE BIOGARAN CP PELL 400 MG B/20,ANTI-INFLAMMATOIRE NON STEROIDIEN (AINS),IBUPROFENE
8336449,IBUPROFENE DENK 400 MG CPR PLAQUETTE 10,ANTI-INFLAMMATOIRE NON STEROIDIEN,IBUPROFENE
2473628,IBUPROFENE IG CPR 400MG BT10,ANTI-INFLAMMATOIRE NON STEROIDIEN,IBUPROFENE
8054047,IBUPROFENE UBI 400MG PLAQUETTE DE 10,ANTIINFLAMMATOIRE NON STEROIDIEN (AINS),IBUPROFENE
3289525,IBUPROFENE-GH CP 400 MG PLAQUETTE DE 10,ANTI-INFLAMMATOIRE NON STEROIDIEN (AINS),IBUPROFENE
3289501,IBUPROFEN-GH SUSP BUV 100MG/5ML FL/200ML,ANTI-INFLAMMATOIRE NON STEROIDIEN (AINS),IBUPROFENE
8084511,IBUTAMOL COMPRIMES PELLICULES 400MG/ 325MG B/20,ANTALGIQUE/ANTIPYRETIQUE + AINS,PARACETAMOL+IBUPROFENE
3490002,IBUTIN COMP LP B/20,"GASTRO.E.H., TROUBLES FONCTIONNELS DIGESTIFS",TRIMEBUTINE
3355374,IBUX SUSP BUV FL/150 ML,ANTI-INFLAMMATOIRE NON STEROIDIEN (AINS),IBUPROFENE
3334108,ICAZ LP 2.5MG GELULE B/30,"ANTIHYPERTENSEUR, INHIBITEUR CALCIQUE",ISRADIPINE
3333393,ICAZ LP 5MG GELULE B/30,"ANTIHYPERTENSEUR, INHIBITEUR CALCIQUE",ISRADIPINE
8508212,ICLOF GEL P APPL LOC T/30 G,ANTI-INFLAMMATOIRE NON STEROIDIEN (AINS),"DICLOFENAC, MENTHOL, METHYLSALICYLATE"
8716583,IDUMOL GELULES B/20,ANTALGIQUE/ANTIPYRETIQUE + AINS,PARACETAMOL + IBUPROFENE + CAFEINE
3216958,ILAX SACHET 10G B/20,"GASTRO.E.H., CONSTIPATION",MACROGOL 4000
3216996,ILAX SACHET 4G B/20,"GASTRO.E.H., CONSTIPATION",MACROGOL 4000
8074564,IMMARD CP 200 MG B/30,"RHUMATOLOGIE,TTT DE FOND DES RHUMATISMES INFLAMMATOIRES",HYDROXYCHLOROQUINE SULFATE
3188607,IMODIUM GELULE 2 MG B/20,"GASTRO.E.H., ANTI- DIARRHEIQUE",LOPERAMIDE
3274206,"IMOVANE CP 7,5 MG B/20","PSYCHIATRIE, HYPNOTIQUES",ZOPICLONE
8049684,IMOX GELULE 500 MG B/20,"ANTIBIOTIQUE, PENICILLINE",AMOXICILLINE
8049678,IMOX PDRE P SUSP BUV 250 MG/5 ML FL/60 ML,"ANTIBIOTIQUE, PENICILLINE",AMOXICILLINE
8152554,IMUCLAV CP 1G/125MG B/12,"ANTIBIOTIQUE, PENICILLINE",AMOXICILLINE+ACIDE CLAVULANIQUE
9061771,"IMUCLAV DUO PDRE PR SUSP BUV 100MG/12,5MG FL/60ML","ANTIBIOTIQUES, PENICILLINE",AMOXICILLINE + ACIDE CLAVULANIQUE
8426945,IMUCLAV INJ 1G/200 MG B/1,"ANTIBIOTIQUE, PENICILLINE",AMOXICILLINE+ACIDE CLAVULANIQUE
9061781,"IMUCLAV ULTRA PDRE PR SUSP BUVA250MG/ 31,25MG FL/60ML","ANTIBIOTIQUES, PENICILLINE",AMOXICILLINE + ACIDE CLAVULANIQUE
3641490,IMUREL CP 50MG B/100,IMMUNOSUPPRESSEURS,AZATHIOPRINE
3322918,INDAPAMIDE GP CP 2.5MG B/60,"ANTIHYPERTENSEUR, DIURETIQUE",INDAPAMIDE
3689987,"INDAPRIL CP 2,5MG/10MG B/30",AUTRES ASSOCIATIONS D'ANTIHYPERTENSEURS,INDAPAMIDE + PERINDOPRIL
8114453,"INDITOR SR CP 1,5MG B/30","ANTIHYPERTENSEUR, DIURETIQUE",INDAPAMIDE
3867389,"INDOCINEX 0,1% COLLYRE FL/5ML",ANTI-INFLAMMATOIRE NON STEROIDIEN (AINS),INDOMÉTAMICINE
3414660,"INDOCOLLYRE 0.1% CY 0,1% FL/5 ML","OPHTALMOLOGIE, ANTI-INFLAMMATOIRES LOCAUX",INDOMETACINE
3440438,INDOFER GELULE B/30,"HEMATOLOGIE, ANTIANEMIQUES",FER + ZINC + ACIDE FOLIQUE + VITAMINE B12
3440421,INDOFER SIROP FL/200 ML,"HEMATOLOGIE, ANTIANEMIQUES",FER+AC FOLIQUE+VIT B12
3675945,INDOFIX COMPRIMES PELLICULES 400MG B/10,"ANTIBIOTIQUE, CEPHALOSPORINE",CEFIXIME
3574324,INDOFIX CP 100 MG B/10,"ANTIBIOTIQUE, CEPHALOSPORINE",CEFIXIME
2472866,INDOFIX CP 200 MG B/10,"ANTIBIOTIQUE, CEPHALOSPORINE",CEFIXIME
3674833,INDOFIX PDRE POUR SUSP 100MG/5ML FL/60ML,"ANTIBIOTIQUE, CEPHALOSPORINE",CEFIXIME
8427554,INDOFIX 160/5ML SIROP,"ANTIBIOTIQUE, CEPHALOSPORINE",CEFIXIME
2477098,INDOFLAM COLLYRE FL/5ML,"OPHTALMOLOGIE, ANTI-INFLAMMATOIRES LOCAUX",INDOMETACINE
8031661,INDOSOL CY FL/5 ML,"OPHTALMOLOGIE, ANTI-INFLAMMATOIRES LOCAUX",INDOMETACINE
8491262,"INDOTIMOL 0,5% COLL F/5ML","OPHTALMOLOGIE, ANTIGLAUCOMATEUX",TIMOLOL
164709,INDOZONE INJ 1 G B/1,"ANTIBIOTIQUE, CEPHALOSPORINE",CEFTRIAXONE
164747,INDOZONE-S INJ 1000MG/500MG B/1,ASSOCIATION D'ANTIBIOTIQUES,CEFTRIAXONE + SULBACTAM
3553337,INEXIUM CP GASTRO - RESISTANT 20 MG B/14,"GASTRO.E.H., ULCERE GASTRODUODENAL",ESOMEPRAZOLE
3553389,INEXIUM CP GASTRO - RESISTANT 40 MG B/14,"GASTRO.E.H., ULCERE GASTRODUODENAL",ESOMEPRAZOLE
1591041,INEXIUM POUDRE POUR SOL INJ 40MG IV AMPOULE,"GASTRO EH, ULCERE GASTRO-DUODENAL",ESOMEPRAZOLE
8066984,INFLACAM CP DISP 20MG B/10,ANTI-INFLAMMATOIRE NON STEROIDIEN (AINS),PIROXICAM
2252645,INFLACAM 20 MG INJECTABLE,ANTI INFLAMMATOIRE NON STEROIDIEN,PIROXICAM
6000663,INIBREX GELULE 200 MG B/10,ANTI-INFLAMMATOIRE NON STEROIDIEN (AINS),CELECOXIB
3344453,INICOX GELULE 100 MG B/30,ANTI-INFLAMMATOIRE NON STEROIDIEN (AINS),CELECOXIB
3344491,INICOX GELULE 200 MG B/20,ANTI-INFLAMMATOIRE NON STEROIDIEN (AINS),CELECOXIB
8417834,INIGAST COMP GASTRO RESIST 20MG B/30,"GASTRO E.H, ULCERE GASTRO-DUODENALE",ESOMEPRAZOLE
3023006,INIGAST CP PELL 20MG B/30,"GASTRO.E.H., ULCERE GASTRODUODENAL",ESOMEPRAZOLE
3052948,INONGAN CREME T/55 G,"RHUMATOLOGIE, DOULEURS D'ORIGINE MUSCULAIRE",SALICYLATE DE METHYL+CAMPHRE
3345481,INOSERP PANAFRICAIN SERUM ANTIVENIMEUX 5,"INFECTIOLOGIE, VACCINS ET SERUMS",SERUM ANTI-TETANIQUE
3992562,INOX GELULES 100MG comp b/28,ANTIFONGIQUE SYSTEMIQUE,ITRACONAZOLE
8078958,INSTACLOP CP 75MG B/30,"HEMOSTASE, ANTIAGREGANTS PLAQUETTAIRES",CLOPIDOGREL
3511084,INSTACLOP PLUS CP B/30,"HEMOSTASE, ANTIAGREGANT PLAQUETTAIRE",CLOPIDOGREL + ASPIRINE
4025669,INSULATARD HM 100UI SOL INJ 100 UI/ML FL/10 ML,ANTIDIABETIQUES ( INSULINES),INSULINE HUMAINE BIOGENETIQUE
5015729,INSULATARD HM 100UI SOL INJ 100UI/ML FL/3ML PENFILL,ANTIDIABETIQUES ( INSULINES),INSULINE HUMAINE BIOGENETIQUE
8061389,INSULET MIX 30 SOL INJ 100 UI/ML FL/10 ML,ANTIDIABETIQUES ( INSULINES),INSULINE
8061426,INSULET NPH SOL INJ 100 UI/ML FL/10 ML,ANTIDIABETIQUES ( INSULINES),INSULINE
8055851,INSULET RAPIDE SOL INJ 100 UI/ML FL/10 ML,ANTIDIABETIQUES ( INSULINES),INSULINE
3179352,INTERCEF CP 100 MG B/10,"ANTIBIOTIQUE, CEPHALOSPORINE",CEFIXIME
3344958,INTERCEF CP 200 MG B/10,"ANTIBIOTIQUE, CEPHALOSPORINE",CEFIXIME
3179345,INTERCEF CP 200MG B/4,"ANTIBIOTIQUE, CEPHALOSPORINE",CEFIXIME
3179338,INTERCEF PDRE P SUSP BUV FL/30 ML,"ANTIBIOTIQUE, CEPHALOSPORINE",CEFIXIME
8067654,INTERFLOX CP 500 MG B/12,"ANTIBIOTIQUE, QUINOLONE",CIPROFLOXACINE
3627334,INTERMED O2 COMPRIMES B/10,ASSOCIATION D'ANTIBIOTIQUES,OFLOXACINE + ORNIDAZOLE
3053534,INTETRIX GELULE B/20,ANTIBIOTIQUE ET ANTIPARASITAIRE,TILBROQUINOL+TILIQUINOL
8423556,INTRALGINE 1% PERF FL/100ML,ANTALGIQUE/ANTIPYRETIQUE,PARACETAMOL
3377317,"IO-PAT COLLYRE 0,1% FL/5ML","OPHTALMOLOGIE,ANTI-ALLERGIQUE LOCAL",OLOPATADINE
3625866,"IOPIZE COLLYRE 50µG/ML FL/2,5ML","OPHTALMOLOGIE, ANTIGLAUCOMATEUX",LATANOPROST
8124836,IOPROST CY 0.005% FL/3ML,"OPHTALMOLOGIE, ANTIGLAUCOMATEUX",LATANOPROST
8003246,IPEPRAZOLE CP 20 MG B/14,"GASTRO.E.H., ULCERE GASTRODUODENAL",OMEPRAZOLE
8024419,IPOZOLE CP 20 MG B/30,"GASTRO.E.H., ULCERE GASTRODUODENAL",OMEPRAZOLE
6190547,IPP GELULE 20 MG B/14,"GASTRO.E.H., ULCERE GASTRODUODENAL",OMEPRAZOLE
6191049,IPP GELULE 20MG B/28,"GASTRO.E.H., ULCERE GASTRODUODENAL",OMEPRAZOLE
3069073,IPPROTON PDRE POUR PERF IV 40MG DETAIL,"GASTRO.E.H., ULCERE GASTRODUODENAL",OMEPRAZOLE
8147263,IPPZOR CP 15MG B/15,"GASTRO.E.H., ULCERE GASTRODUODENAL",LANSOPRAZOLE
8147286,IPPZOR CP 30 MG B/14,"GASTRO.E.H., ULCERE GASTRODUODENAL",LANSOPRAZOLE
3244500,IPROFENE GEL 5% T/50G,ANTI-INFLAMMATOIRE NON STEROIDIEN (AINS),IBUPROFENE
3443447,IRBESARTAN BIOGARAN COMPRIMES PELLICULES 75MG B/30,"ANTIHYPERTENSEUR, ANTAGONISTE RECEPTEURS ANGIOTENSINE II",IRBESARTAN
3444277,IRBESARTAN BIOGARAN CP PELL 150MG B/30,"ANTIHYPERTENSEUR, ANTAGONISTE RECEPTEURS ANGIOTENSINE II",IRBESARTAN
3445229,IRBESARTAN BIOGARAN CP 300 MG B/30,"ANTIHYPERTENSEUR, ANTAGONISTE RECEPTEURS ANGIOTENSINE II",IRBESARTAN
2683061,"IRBESARTAN/HYDROCHLOROTHIAZIDE BIOGARAN COMP PELL 150MG/12,5MG B/30",ANTIHYPERTENSEUR ANTAGONISTE RECEPTEURS ANGIOTENSINE II + DIURETIQUE,IRBESARTAN + HYDROCHLOROTHIAZIDE
2683138,"IRBESARTAN/HYDROCHLOROTHIAZIDE BIOGARAN COMP PELL 300MG/12,5MG B/30",ANTIHYPERTENSEUR ANTAGONISTE RECEPTEURS ANGIOTENSINE II + DIURETIQUE,IRBESARTAN + HYDROCHLOROTHIAZIDE
2683227,IRBESARTAN/HYDROCHLOROTHIAZIDE BIOGARAN COMP PELL 300MG/25MG B/30,ANTIHYPERTENSEUR ANTAGONISTE RECEPTEURS ANGIOTENSINE II + DIURETIQUE,IRBESARTAN + HYDROCHLOROTHIAZIDE
8026677,IREX-12 GELULE B/30,"HEMATOLOGIE, ANTIANEMIQUES",FUMARATE FERREUX+ACIDE FOLIQUE+COMPLEXE VITAMINIQUE+COMPLEXE MINERAL
2269189,IREX-12 SIROP FL/200 ML,"HEMATOLOGIE, ANTIANEMIQUES",FERRICITRATE DE CHOLINE + VIAMINE B12 + ACIDE FOLIQUE + LYSINE
8480703,IRPO SIROP 125MG/5ML FL/250ML,"HEMATOLOGIE, ANTIANEMIQUE",HYDROXYPOLYMALTOSE DE FER
3023600,IRYS CP 1 MG B/30,SULFAMIDE ANTIDIABETIQUE,GLIMEPIRIDE
8056431,IRYS CP 2 MG B/30,SULFAMIDE ANTIDIABETIQUE,GLIMEPIRIDE
8056508,IRYS CP 3 MG B/30,SULFAMIDE ANTIDIABETIQUE,GLIMEPIRIDE
8056572,IRYS CP 4 MG B/30,SULFAMIDE ANTIDIABETIQUE,GLIMEPIRIDE
3317525,ISCEPT 5MG/800MG CPR SEC B/30,AUTRES ANTIDIABETIQUES,GLIBENCLAMIDE/METFORMIN
3285049,ISOBAR CP B/30,"ANTIHYPERTENSEUR, DIURETIQUE",TRIAMTERENE+METHYLCLOTHIAZIDE
3284771,ISOFRA GTTES NASAL SOL P PULV NAS FL/15 ML,"ORL, DECONGESTIONNANTS",FRAMYCETINE
8061427,ISOLONE CP EFF 20 MG B/20,ANTI-INFLAMMATOIRE STEROIDIEN (AIS),PREDNISOLONE
8061390,ISOLONE CP EFF 5 MG B/30,ANTI-INFLAMMATOIRE STEROIDIEN (AIS),PREDNISOLONE
3286741,ISOPTINE LP CP LP 240 MG B/30,"ANTIHYPERTENSEUR, INHIBITEUR CALCIQUE",VERAPAMIL
3132386,ISOPTINE 120 GELULE 120 MG B/40,"ANTIHYPERTENSEUR, INHIBITEUR CALCIQUE",VERAPAMIL
3054580,ISOPTINE 40 CP ENR 40 MG B/75,"ANTIHYPERTENSEUR, INHIBITEUR CALCIQUE",VERAPAMIL
3207550,ITRA GELULE 100MG B/4,ANTIFONGIQUE SYSTEMIQUE,ITRACONAZOLE
2481797,ITRACIBA GELULES 100MG /10,ANTIFONGIQUE SYSTEMIQUE,ITRACONAZOLE
2481715,IVAGEN COMPRIME 5MG B/56,"CARDIOLOGIE, ANTIARYTHMIQUES",IVABRADINE
8003386,IVEFERAN AMP INJ 100 MG B/5,"HEMATOLOGIE, ANTIANEMIQUES",FER
4898001,IXINE COMPRIME PELLICULE 200MG B/10,"ANTIBIOTIQUE, CEPHALOSPORINE",CEFIXIME
5079601,IXINE ENFANTS POUDRE POUR SUSPENSION BUVABLE 100MG/5ML FL/40ML,"ANTIBIOTIQUE, CEPHALOSPORINE",CEFIXIME
5013001,IXINE 1ER AGE POUDRE POUR SUSPENSION BUVABLE 40MG/5ML FL/40ML,"ANTIBIOTIQUE, CEPHALOSPORINE",CEFIXIME
9970121,IZ-200 POUDRE PR SUSP BUV 200MG/5ML,"ANTIBIOTIQUE, MACROLIDE",AZITHROMYCINE
9853001,IZ-500 COMPRIMES PELLICULES B/3,"ANTIBIOTIQUE, MACROLIDE",AZITHROMYCINE
3545701,JALCER GEL SUSPENSION BUV FL/200ML,"GASTRO.E.H., ANTIACIDE ET PANSEMENT GASTROINTESTINAL",OXYDE D'ALUMINIUM + HYDROXYDE DE MAGNESIUM + SIMETHICONE
3867811,JANUMET CP PELL 50MG/1000MG B/56,AUTRES ANTIDIABETIQUES,SITAGLIPTINE + METFORMINE
3867805,JANUMET CP PELL50MG/850MG B/56,AUTRES ANTIDIABETIQUES,SITAGLIPTINE + METFORMINE
3792504,JANUVIA CP 100 MG B/28,AUTRES ANTIDIABETIQUES,PHOSPHATE DE SITAGLIPTINE
3230692,JOSACINE CP 500 MG B/20,"ANTIBIOTIQUE, MACROLIDE",JOSAMYCINE
3230628,JOSACINE PDRE P SUSP BUV 125 MG/5 ML FL/60 ML,"ANTIBIOTIQUE, MACROLIDE",JOSAMYCINE
3230700,JOSACINE PDRE P SUSP BUV 250 MG/5 ML FL/60 ML,"ANTIBIOTIQUE, MACROLIDE",JOSAMYCINE
3236016,JOSACINE PDRE P SUSP BUV 500 MG/5 ML FL/60 ML,"ANTIBIOTIQUE, MACROLIDE",JOSAMYCINE
8417679,JOYCLAV CP 1 G B/12,"ANTIBIOTIQUE, PENICILLINE",AMOXICILLINE+ACIDE CLAVULANIQUE
8417685,"JOYCLAV PDRE POUR SUSP BUV 250MG/31,25MG FL/60ML","ANTIBIOTIQUE, PENICILLINE",AMOXICILLINE+ACIDE CLAVULANIQUE
3321733,KALEORID LP 600MG COMP B/30,COMPLEMENTS MINERAUX,CHLORURE DE POTASSIUM
3271872,KALFEN CP 400 MG PLAQUETTE DE 10,ANTI-INFLAMMATOIRE NON STEROIDIEN (AINS),IBUPROFENE
3055496,KANEURON SOL GTTE BUV FL/30 ML,"NEUROLOGIE, ANTIEPILEPTIQUES",PHENOBARBITAL
3776667,KAVIT 10 MG B/5 AMP,"HEMOSTASE, VITAMINE K1",VITAMINE K1 10 MG
3776711,KAVIT 2 MG B/5 AMP,"HEMOSTASE, VITAMINE K1",VITAMINE K1 2 MG
3235086,KAYEXALATE PDRE P SUSP BUV ET RECTALE B/ 454 G,"UROLOGIE NEPHROLOGIE, INSUFFISANCE RENALE CHRONIQUE",POLYSTYRENE SULFONATE DE SODIUM
8013516,KAZOL CREME T/15 G,"DERMATOLOGIE, ANTIFONGIQUE LOCAL",KETOCONAZOLE
2278722,KEFOTAX SOL INJ 1G B/1,"ANTIBIOTIQUE, CEPHALOSPORINE",CEFOTAXIME
2277740,KEFOTAX SOL INJ 500MG B/1,"ANTIBIOTIQUE, CEPHALOSPORINE",CEFOTAXIME
9221421,KEFPIME PDRE P SOL INJ IM/IV B/1,"ANTIBIOTIQUE, CEPHALOSPORINE",CEFEPIME
3036570,KEFROX CP 250 MG B/10,"ANTIBIOTIQUE, CEPHALOSPORINE",CEFUROXIME
3036532,KEFROX PDRE P SUSP BUV 125MG/5ML FL/50ML,"ANTIBIOTIQUE, CEPHALOSPORINE",CEFUROXIME
8084568,KEOZOL CREME 2% T/30 G,"DERMATOLOGIE, ANTIFONGIQUE LOCAL",KETOCONAZOLE
3254942,KERLONE CP ENR 20 MG B/28,"ANTIHYPERTENSEUR, BÊTABLOQUANT",BETAXOLOL
8106034,KESTINE CP 10 MG B/10,"ALLERGOLOGIE,ANTIHISTAMINIQUE",EBASTINE
8106040,KESTINE CP 20 MG B/10,"ALLERGOLOGIE,ANTIHISTAMINIQUE",EBASTINE
8003297,KETAFLOX CP 200 MG B/10,"ANTIBIOTIQUE, QUINOLONE",OFLOXACINE
8003305,KETAFLOX CP 400 MG B/10,"ANTIBIOTIQUE, QUINOLONE",OFLOXACINE
3847350,KETAPEN SUPPOSITOIRE 100MG BT 12,ANTIINFLAMMATOIRE NON STEROIDIEN (AINS),KETOPROFENE
3858813,KETAZOL CREME T/30G,"DERMATOLOGIE, ANTIFONGIQUES",KETOCONAZOLE
8451529,KETEMED 200MG COMP B/10,ANTIFONGIQUES SYSTEMIQUES,KETOCONAZOLE
8079024,KETESSE SOLUTION INJECTABLE 50MG/2ML B/1,ANTI-INFLAMMATOIRE NON STEROIDIEN (AINS),DEXKETOPROFENE
8079030,KETESSE SOLUTION INJECTABLE 50MG/2ML B/5,ANTI-INFLAMMATOIRE NON STEROIDIEN (AINS),DEXKETOPROFENE
3461724,KETESSE CP 25 MG B/20,ANTI-INFLAMMATOIRE NON STEROIDIEN (AINS),DEXKETOPROFENE
8508293,KEToCON CREME 2% T/15 G,"DERMATOLOGIE, ANTIFONGIQUE LOCAL",KETOCONAZOLE
8508258,KEToCON SHAMPOING 2% FL/75ML,"DERMATOLOGIE, ANTIFONGIQUE LOCAL",KETOCONAZOLE
3330666,KETODERM GEL EN RECIPIENT UNIDOSE 2% T/20 G,"DERMATOLOGIE, ANTIFONGIQUE LOCAL",KETOCONAZOLE
3330695,KETODERM GEL EN SACHET - DOSE 2% B/8 SACHETS,"DERMATOLOGIE, ANTIFONGIQUE LOCAL",KETOCONAZOLE
4208111,KETOFAN GELULE 50 MG B/20,ANTI-INFLAMMATOIRE NON STEROIDIEN (AINS),KETOPROFENE
4208134,KETOFAN SOL INJ 100 MG B/3,ANTI-INFLAMMATOIRE NON STEROIDIEN (AINS),KETOPROFENE
3616383,"KETOFLEX GEL 2,5 % T/20G",ANTIINFLAMMATOIRE NON STEROIDIEN,KETOPROFENE
3616390,KETOFLEX GELULE 50MG B/24,ANTIINFLAMMATOIRE NON STEROIDIEN (AINS),KETOPROFENE
3616406,KETOFLEX SUPPO 100MG B/10,ANTIINFLAMMATOIRE NON STEROIDIEN (AINS),KETOPROFENE
5050105,KETOL CP 100 MG B/20,ANTI-INFLAMMATOIRE NON STEROIDIEN (AINS),KETOPROFENE
5050109,KETOL CP 50 MG B/20,ANTI-INFLAMMATOIRE NON STEROIDIEN (AINS),KETOPROFENE
3627365,KETOMED CREME TUBE DE 15G,"DERMATOLOGIE, ANTIFONGIQUE LOCAL",KETOCONAZOLE
8451541,KETOMED CREME 2% TUBE DE 30G,"DERMATOLOGIE, ANTIFONGIQUE LOCAL",KETOCONAZOLE
8021757,KETONAL DUO CP 150 MG B/20,ANTI-INFLAMMATOIRE NON STEROIDIEN (AINS),KETOPROFENE
8021622,KETONAL FORTE CP 100 MG B/20,ANTI-INFLAMMATOIRE NON STEROIDIEN (AINS),KETOPROFENE
8071761,"KETONAL GEL P APPL LOC 2,5% T/50 G",ANTI-INFLAMMATOIRE NON STEROIDIEN (AINS),KETOPROFENE
8021823,KETONAL SUPPO 100 MG B/12,ANTI-INFLAMMATOIRE NON STEROIDIEN (AINS),KETOPROFENE
4207583,KETOPLUS SHAMPOOING FLACON DE 60 ML,"DERMATOLOGIE, ANTIFONGIQUE LOCAL",KETOCONAZOLE+ZINC
3346112,KETOPROFEN GH CP 100 MG B/30,ANTI-INFLAMMATOIRE NON STEROIDIEN (AINS),KETOPROFENE
8074340,KETOPROFEN GH SUPPO 100 MG B/12,ANTI-INFLAMMATOIRE NON STEROIDIEN (AINS),KETOPROFENE
2214337,KETOPROFENE BIOGARAN COMP LP 100MG B/20,ANTI INFLAMMATOIRE NON STEROIDIEN,KETOPROFENE
8054142,KETOPROFENE UBI CP 100MG PLAQUETTE DE 10,ANTI-INFLAMMATOIRE NON STEROIDIEN (AINS),KETOPROFENE
3444476,"KETUM GEL P APPL LOC 2,5% T/120 G",ANTI-INFLAMMATOIRE NON STEROIDIEN (AINS),KETOPROFENE
8066659,KIETYL CP SEC 6 MG B/30,"PSYCHIATRIE, ANXYOLITIQUES",BROMAZEPAM
3192801,KILCIP FORTE CP 500/600MG B/10,ANTIBIOTIQUE ET ANTIPARASITAIRE,CIPROFLOXACINE+TINIDAZOLE
1393161,KILMOL COMP 400MG/35MG B/10,ANTALGIQUE/ANTIPYRETIQUE + AINS,PARACETAMOL+IBUPROFENE
3192849,KILMOL CP 400/325MG B/30,ANTALGIQUE/ANTIPYRETIQUE + AINS,PARACETAMOL+IBUPROFENE
2291970,KINAFON CP 80 MG B/30,ANTISPASMODIQUE,PHLOROGLUCINOL
8405274,"KINAFON SUPPO 116,7MG B/10",ANTISPASMODIQUE,PHLOROGLUCINOL
8035908,KINAL CODEINE GELULE B/18,"ANTALGIQUE/ANTIPYRETIQUE, ASSOCIATION CONTENANT UN OPIACE",PARACETAMOL+CAFEINE+CODEINE
8046409,KINAL PROMETHAZINE SUPPO BB B/10,ANTALGIQUE/ANTIPYRETIQUE,PARACETAMOL + PROMETHAZINE
8046384,KINAL PROMETHAZINE SUPPO ENF B/10,ANTALGIQUE/ANTIPYRETIQUE,PARACETAMOL + PROMETHAZINE
3345740,"KINALDOL COMPRIMES 325MG/37,5MG B/20","ANTALGIQUE/ANTIPYRETIQUE, ASSOCIATION CONTENANT UN OPIACE",PARACETAMOL + TRAMADOL
8109239,KINAZOL 2% SOL P APPL LOC FL/100 ML,"DERMATOLOGIE, ANTIFONGIQUE LOCAL",KETOCONAZOLE
2477283,"KIRACLAV SUSPENSION ORALE 100/12,5 FL/60ML","ANTIBIOTIQUE, PENICILLINE",AMOXICILLINE + ACIDE CLAVULANIQUE
2475185,"KIRAKLAV COMP 500MG/62,5MG B/16","ANTIBIOTIQUES, PENICILLINE",AMOXICILLINE + ACIDE CLAVULANIQUE
2485206,KIT NETTOIE CORDON CREME T/10G+SOLFL/30ML,"DERMATOLOGIE, ANTISEPTIQUES EXTERNES",CHLORHEXIDINE
8032287,KLACIN CP 500/125MG B/15,"ANTIBIOTIQUE, PENICILLINE",AMOXICILLINE+ACIDE CLAVULANIQUE
8032270,KLACIN SIROP 250/62.5MG FL/100 ML,"ANTIBIOTIQUE, PENICILLINE",AMOXICILLINE+ACIDE CLAVULANIQUE
8177146,KLAROMIN CP 250 MG B/14,"ANTIBIOTIQUE, MACROLIDE",CLARITHROMYCINE
8177152,KLAROMIN CP 500 MG B/14,"ANTIBIOTIQUE, MACROLIDE",CLARITHROMYCINE
3205259,KLAVMOX INJ IM/IV 1.2 G B/1,"ANTIBIOTIQUE, PENICILLINE",AMOXICILLINE+ACIDE CLAVULANIQUE
8167834,KLAVMOX LB COMPRIMES PELLICULES 1125MG B/ 10,"ANTIBIOTIQUES, PENICILLINE",AMOXICILLINE + ACIDE CLAVULANIQUE
8167828,"KLAVMOX LB COMPRIMES PELLICULES 562,5MG B/ 10","ANTIBIOTIQUES, PENICILLINE",AMOXICILLINE + ACIDE CLAVULANIQUE
1393271,"KLAVMOX POUDRE POUR SUSP BUVABLE 281,25MG FL/100ML","ANTIBIOTIQUES, PENICILLINE",AMOXICILLINE + ACIDE CLAVULANIQUE
2478893,KLINDEX-M CAPSULES VAGINALES 100MG/200MG B/7,"GYNECOLOGIE, TRAITEMENT DES VULVO-VAGINITES",CLINDAMYCINE + MICONAZOLE
2478937,KLINDEX-M CAPSULES VAGINALES 100MG/200MG B/7,"GYNECOLOGIE,TRAITEMENT DES VULVOVAGINITES",CLINDAMYCINE + MICONAZOLE
3574865,KLIPAL CODEINE CP 300MG/25MG B/16,"ANTALGIQUE/ANTIPYRETIQUE, ASSOCIATION CONTENANT UN OPIACE",PARACETAMOL+CODEINE
3574871,KLIPAL CODEINE CP 600MG/50MG B/12,"ANTALGIQUE/ANTIPYRETIQUE, ASSOCIATION CONTENANT UN OPIACE",PARACETAMOL + CODEINE
4215832,KNZ-200 CP 200 MG B/10,ANTIFONGIQUE SYSTEMIQUE,KETOCONAZOLE
2478857,KOLD STOP 100MG/325MG/10MG/25MG B/10,"ORL, ANTI-GRIPPE, ANTI-RHUME",NIMESULIDE + PARACETAMOL + CETIRIZINE + PHENYLEPHRINE
2478848,"KOLD STOP 125MG/2,5MG/1MG SIROP FL DE 100ML","ORL, ANTI-GRIPPE, ANTI-RHUME",PARACETAMOL + PHENYLEPHRINE + CHLORPHENIRAMINE
8426946,KOLICURE GOUTTES BUVABLES 40MG/ML FL/15ML,ANTISPASMODIQUE,SIMETHICONE + HUILE D'ANETH + HUILE DE FENOUIL
3393543,KYTRIL AMP INJ 3 MG B/1,"CANCEROLOGIE, TRAITEMENTS ASSOCIES",GRANISETRON
3371582,KYTRIL 1 MG CP 1 MG B/10,"CANCEROLOGIE, TRAITEMENTS ASSOCIES",GRANISETRON
4959524,L MONTUS COMPRIMÉ 5/10 MG B/10,"ALLERGOLOGIE, ANTIHISTAMINIQUE",LEVOCETIRIZINE + MONTELUKASTMG
2475307,LA DS COMP PELL 80MG/480MG B/6,"PARASITOLOGIE, ANTIPALUDIQUE",ARTEMETHER + LUMEFANTRINE
2475329,LA FORTE COMP PELL 40MG/240MG B/12,"PARASITOLOGIE, ANTIPALUDIQUE",ARTEMETHER + LUMEFANTRINE
8073725,LACOMA CY FL/2.5ML,"OPHTALMOLOGIE, ANTIGLAUCOMATEUX",LATANOPROST
8073754,LACOMA-T CY FL/2.5ML,"OPHTALMOLOGIE, ANTIGLAUCOMATEUX",LATANOPROST + TIMOLOL
3376562,LACRYVISC GEL OPHT T/15 G,"OPHTALMOLOGIE, SUPPLEANCE LACRYMALE",CARBOMERE+MERCUROTHIOLATE SODIQUE
3307360,LACTEOL POUDRE POUR SUSP BUVABLE EN SACHET B/10,"GASTRO.E.H., ANTI- DIARRHEIQUE",LACTOBACILUS IB INACTIVES + MILIEU DE CULTURE FERMENTE
2477234,LAIT PLUS SOLUTION MOUSSANTE ANTISEPTIQUE FL/200ML,"DERMATOLOGIE, ANTISEPTIQUES EXTERNES",ACIDE LACTIQUE + ALUN + IRGASAN
3288332,LAMALINE GELULE B/16,"ANTALGIQUE/ANTIPYRETIQUE, ASSOCIATION CONTENANT UN OPIACE",PARACETAMOL+OPIUM+BELLADONE+CAFEINE
3516290,LAMICTAL COMPRIME 100MG B/30,"NEUROLOGIE, ANTI-EPILEPTIQUE",LAMOTRIGINE
3405189,LAMICTAL COMPRIME 200MG B/30,"NEUROLOGIE, ANTI-EPILEPTIQUE",LAMOTRIGINE
3738412,LAMICTAL COMPRIME 25MG B/30,"NEUROLOGIE, ANTI-EPILEPTIQUE",LAMOTRIGINE
3627301,LAMICTAL COMPRIME 50MG B/30,"NEUROLOGIE, ANTI-EPILEPTIQUE",LAMOTRIGINE
3349594,LAMISIL CREME 1% T/15 G,"DERMATOLOGIE, ANTIFONGIQUE LOCAL",TERBINAFINE
6000847,LANSOPRAL GELULE 30 MG B/14,"GASTRO.E.H., ULCERE GASTRODUODENAL",LANSOPRAZOLE
2290485,LANSOPRAL GELULE 30 MG B/20,"GASTRO.E.H., ULCERE GASTRODUODENAL",LANSOPRAZOLE
8538245,LANSOPRAL GELULES 15MG B/15,"GASTRO EH , ULCERE GASTRO DUODENAL",LANSOPRAZOLE
3037874,LANZOCAP GELULES 30MG B/30,"GASTRO.E.H., ULCERE GASTRODUODENAL",LANSOPRAZOLE
2474670,LANZOP COMP PELL 10MG B/30,"PSYCHIATRIE, NEUROLEPTIQUES",OLANZAPINE
2474669,LANZOP COMP PELL 5MG B/30,"PSYCHIATRIE, NEUROLEPTIQUES",OLANZAPINE
2479021,LARFIX COMPRIMES PELLICULES 8MG B/10,ANTIINFLAMMATOIRE NON STEROIDIEN (AINS),LORNOXICAM
3057124,LARGACTIL CP ENR 100 MG B/30,"PSYCHIATRIE, NEUROLEPTIQUES",CHLORPROMAZINE
3057147,LARGACTIL GTTE BUV FL30ML,"PSYCHIATRIE, NEUROLEPTIQUES",CHLORPROMAZINE
3272242,LARGACTIL INJ 25MG/5ML B/5,"PSYCHIATRIE, NEUROLEPTIQUES",CHLORPROMAZINE
8049595,LARIDOX CP B/3,"PARASITOLOGIE, ANTIPALUDIQUE",SULFADOXINE+PYRIMETHAMINE
3185513,LARINATE PDRE P SUSP INJ 60MG B/1,"PARASITOLOGIE, ANTIPALUDIQUE",ARTESUNATE
8093024,LARITEM CP 20 MG /120 MG B/24,"PARASITOLOGIE, ANTIPALUDIQUE",ARTEMETHER+LUMEFANTRINE
8141421,LARITEM CP 40MG/240MG B/6,"PARASITOLOGIE, ANTIPALUDIQUE",ARTEMETHER+LUMEFANTRINE
3163900,LARITEM CP 60MG/360MG B/6,"PARASITOLOGIE, ANTIPALUDIQUE",ARTEMETHER+LUMEFANTRINE
8170799,LARITEM DT CP DISPERSIBLE 20/120MG B/6,"PARASITOLOGIE, ANTIPALUDIQUE",ARTEMETHER+LUMEFANTRINE
8061633,LARITEM ENF 20/120 CP 20MG/120MG B/6,"PARASITOLOGIE, ANTIPALUDIQUE",ARTEMETHER+LUMEFANTRINE
8022946,LARITEM 40/240 CP 40 MG/240 MG B/12,"PARASITOLOGIE, ANTIPALUDIQUE",ARTEMETHER+LUMEFANTRINE
8022923,LARITEM 80/480 CP 80/480 MG B/6,"PARASITOLOGIE, ANTIPALUDIQUE",ARTEMETHER+LUMEFANTRINE
8183876,LARITH XL CP PELL 500 MG B/10,"ANTIBIOTIQUE, MACROLIDE",CLARITHROMYCINE
8049649,LARITHER AMP INJ 40 MG B/6,"PARASITOLOGIE, ANTIPALUDIQUE",ARTEMETHER
8049661,LARITHER 80 AMP INJ B/6,"PARASITOLOGIE, ANTIPALUDIQUE",ARTEMETHER
3369651,LARMES ARTIFICIELLES CY 1.4% FL/10ML,"OPHTALMOLOGIE, SUPPLEANCE LACRYMALE",CHLORURE DE SODIUM
3057294,LAROXYL AMP INJ 50 MG B/12,"PSYCHIATRIE, ANTIDEPRESSEURS",AMITRYPTILINE
3057302,LAROXYL CP ENR 25 MG B/60,"PSYCHIATRIE, ANTIDEPRESSEURS",AMITRYPTILINE
3057325,LAROXYL SOL GTTE BUV 4% FL/20 ML,"PSYCHIATRIE, ANTIDEPRESSEURS",AMITRYPTILINE
3057331,LASILIX AMP INJ 20 MG B/1,"ANTIHYPERTENSEUR, DIURETIQUE",FUROSEMIDE
3528138,LASILIX CP 40 MG B/30,"ANTIHYPERTENSEUR, DIURETIQUE",FUROSEMIDE
3215356,LASILIX FAIBLE CP 20 MG B/30,"ANTIHYPERTENSEUR, DIURETIQUE",FUROSEMIDE
3249237,LASILIX RETARD GELULE LP 60 MG B/30,"ANTIHYPERTENSEUR, DIURETIQUE",FUROSEMIDE
2482633,LASTAVIN AM 160MG/10MG CPR B30,ASSOCIATION D'ANTIHYPERTENSEURS,AMLODIPINE + VALSARTAN
2482632,LASTAVIN AM 160MG/5MG CPR B30,ASSOCIATION D'ANTIHYPERTENSEURS,AMLODIPINE + VALSARTAN
3123408,LASTAVIN AM 80MG/5MG CPR B/30,ASSOCIATION D'ANTIHYPERTENSEURS,AMLODIPINE + VALSARTAN
3183090,LATANO CY 50MCG/ML,"OPHTALMOLOGIE, ANTIGLAUCOMATEUX",LATANOPROST
3183083,LATANOCOM CY FL/2.5ML,"OPHTALMOLOGIE, ANTIGLAUCOMATEUX",LATANOPROST + TIMOLOL
2759309,LATANOPROST / TIMOLOL BIOGARAN 50¿G/5MG COLLYRE BOITE/1,"OPHTALMOLOGIE, ANTIGLAUCOMATEUX",LATANOPROST + TIMOLOL
2759315,LATANOPROST / TIMOLOL BIOGARAN 50¿G/5MG COLLYRE BOITE/3,"OPHTALMOLOGIE, ANTIGLAUCOMATEUX",LATANOPROST + TIMOLOL
3625965,LATATIM COLLYRE 50 ¿G/5MG/ML FL/5ML,"OPHTALMOLOGIE, ANTIGLAUCOMATEUX",LATANOPROST + TIMOLOL
2215413,"LATAX T 0,05%/0,5% COLLYRE FLACON DE 2,5 ML","OPHTALMOLOGIE, GLAUCOME",LATANOPROST/TIMOLOL MALÉATE
3215524,"LATAX 0,005% COLLYRE FLACON DE 2,5 ML","OPHTALMOLOGIE, GLAUCOME",LATANOPROST
3415931,LATOCHEK CY 0.005% FL/2.5ML,"OPHTALMOLOGIE, ANTIGLAUCOMATEUX",LATANOPROST
1388901,LAXAM COLLYRE 0,"OPHTALMOLOGIE, ANTIGLAUCOMATEUX",LATANOPROST
1397741,LAXAMOL COLLYRE 50MG/5MG FL/5ML,"OPHTALMOLOGIE, ANTIGLAUCOMATEUX",LATANOPROST + TIMOLOL
9999082,LAXATOSE 66.5G SOL BUV FL/250 ML,"GASTRO.E.H., CONSTIPATION",LACTULOSE
3403709,"LAXMAG 13,72G PDRE SOL BUV SACH B/10","GASTRO.E.H., CONSTIPATION",MACROGOL 4000
3993460,LAZINE COMP PELLICULE 5MG BT 30,"ALLERGOLOGIE, ANTIHISTAMINIQUE",LEVOCETIRIZINE
8005161,LE-CET CP PELL 5 MG B/10,"ALLERGOLOGIE,ANTIHISTAMINIQUE",LEVOCETIRIZINE
3653197,"LEFOX COLLYRE 0,5% FL/5ML","OPHTALMOLOLOGIE, ANTIBACTERIEN LOCAL",LEVOFLOXACINE
8427608,"LEMOLET, COMPRIMÉS BTE DE 20","ALLERGOLOGIE, ANTIHISTAMINIQUE",MONTELUKAST + LEVOCETIRIZINE
3630174,LEMONEX COMP 5MG/10MG B/10,"PNEUMOLOGIE, ANTI-ASMATHIQUE","LEVOCETIRIZINE, MONTELUKAST"
3630167,LEMONEX SIROP 2,"PNEUMOLOGIE, ANTI-ASMATHIQUE","LEVOCETIRIZINE, MONTELUKAST"
8482636,LERIN AMP INJ 0MG2 1ML BT5,"GYNECOLOGIE, OCYTOCIQUE",METHYLERGOMETRINE
8098636,"LERIN CP 0,125MG B/30","GYNECOLOGIE, OCYTOCIQUES",METHYLERGOMETRINE
5660459,LERZIN 5MG COMP B/10,"ALLERGOLOGIE, ANTIHISTAMINIQUE",LEVOCETIRIZINE
3052619,LESSTROL CP PELL 10 MG B/30,HYPOLIPEMIANT,ATORVASTATINE
3044537,LESSTROL CP PELLICULE 20MG B/30,HYPOLIPEMIANT,ATORVASTATINE
2478895,"LETROVIN COMPRIMES 2,5MG B/30","CANCEROLOGIE, ANTINEOPLASIQUE",LETROZOLE
3384244,LETROZOL DENK CP 2,"CANCEROLOGIE, ANTINEOPLASIQUE",LETROZOLE
4918812,"LETROZOLE BIOGARAN COMP PELL 2,5MG B/30","CANCEROLOGIE, ANTINEOPLASIQUE",LETROZOLE
2481711,"LETS COMPRIME 2,5MG B/30","CANCEROLOGIE, ANTINEOPLASIQUE",LETROZOLE
3061344,LEUCODININE PDE 10% T/30 G,"DERMATOLOGIE, ANTIPSORIASIS",MEQUINOL
2473746,LEUTRIEN CP 10MG B/30,"PNEUMOLOGIE, ANTI-ASTHMATIQUE",MONTELUKAST
2473745,LEUTRIEN CP 5MG B/30,"PNEUMOLOGIE, ANTI-ASTHMATIQUE",MONTELUKAST
2473744,LEUTRIEN 4MG B/30,"PNEUMOLOGIE, ANTI-ASTHMATIQUE",MONTELUKAST
4165672,LEVETIRACETAM BIOGARAN COMP PELL 1000MG B/60,"NEUROLOGIE, ANTIEPILEPTIQUES",LEVETIRACETAM
4165695,LEVETIRACETAM BIOGARAN COMP PELL 250MG B/ 60,"NEUROLOGIE, ANTIEPILEPTIQUES",LEVETIRACETAM
4165637,LEVETIRACETAM BIOGARAN COMP PELL 500MG B/ 60,"NEUROLOGIE, ANTIEPILEPTIQUES",LEVETIRACETAM
3207864,LEVO DENK CP PELL 500 MG B/10,"ANTIBIOTIQUE, QUINOLONE",LEVOFLOXACINE
3320334,LEVOAS CP PELL 500 MG B/10,"ANTIBIOTIQUE, QUINOLONE",LEVOFLOXACINE
8008745,LEVOBACT CP PELL 500 MG B/10,"ANTIBIOTIQUE, QUINOLONE",LEVOFLOXACINE
8021562,LEVOBACT CP 750 MG B/10,"ANTIBIOTIQUE, QUINOLONE",LEVOFLOXACINE
3230824,LEVOCETIRIZINE GENERIS CP 5MG B/21,"ALLERGOLOGIE,ANTIHISTAMINIQUE",LEVOCETIRIZINE
8538246,LEVOCINE COMP PELL 500MG B/5,"ANTIBIOTIQUE, QUINOLONE",LEVOFLOXACINE
6001080,LEVOCINE CP 500 MG B/10,"ANTIBIOTIQUE, QUINOLONE",LEVOFLOXACINE
3365137,LEVOFLOX CP PELL 500 MG B/5,"ANTIBIOTIQUE, QUINOLONE",LEVOFLOXACINE
2472005,LEVOFLOX DENK SOL PERF FL100ML,"ANTIBIOTIQUE, QUINOLONE",LÉVOFLOXACINE
3679890,LEVOFOXAT COMPRIME 500MG B/5,"ANTIBIOTIQUE, QUINOLONE",LEVOFLOXACINE
8002599,LEVOMAC CP PELL 250 MG B/5,"ANTIBIOTIQUE, QUINOLONE",LEVOFLOXACINE
8011486,LEVOMAC CP PELL 500 MG B/5,"ANTIBIOTIQUE, QUINOLONE",LEVOFLOXACINE
2484785,LEVOMONT 10MG/5MG CPR BT 10,"ALLERGOLOGIE, ANTIHISTAMINIQUE",LEVOCETIRIZINE + MONTELUKAST
3838617,LEV-ONE COMPRIMES 5MG B/10,"ALLERGOLOGIE, ANTIHISTAMINIQUE",LEVOCETIRIZINE
3473986,"LEVOPHTA CY 0,05% FL/5 ML","OPHTALMOLOGIE, ANTIALLERGIQUES LOCAUX",LEVOCABASTINE
9853011,LEVORAY COMPRIMES PELLICULES 500MG B/5,"ANTIBIOTIQUE, QUINOLONE",LEVOFLOXACINE
3886465,LEVORNI COMPRIMES 250MG/500MG B/10,ASSOCIATION 'ANTIBIOTIQUES,LEVOFLOXACINE + ORNIDAZOLE
2478859,LEVORNI 250MG/500MG COMPRIME B/10,ASSOCIATION D'ANTIBIOTIQUES,LEVOFLOXACINE + ORNIDAZOLE
3991626,LEVOSETZIN CP 5 MG PLAQUETTE DE 10,"ALLERGOLOGIE,ANTIHISTAMINIQUE",LEVOCETIRIZINE
2473325,"LEVOSON 2,5MG/5ML SIROP FL/100ML","ALLERGOLOGIE, ANTIHISTAMINIQUE",LEVOCETIRIZINE
3893616,LEVOSUN COMPRIME 500MG B/7,"ANTIBIOTIQUE, QUINOLONE",LÉVOFLOXACINE
3237197,LEVOTHYROX CPR SECA 50MCG 30,"ENDOCRINOLOGIE, ANTI-THYROIDIEN DE SYNTHESE",LEVOTHYROXINE
3253859,LEVOTHYROX CPR SECA 100MCG 30,"ENDOCRINOLOGIE, ANTI-THYROIDIEN DE SYNTHESE",LEVOTHYROXINE
3840832,LEVOTOP COMPRIMES 750MG B/10,"ANTIBIOTIQUE, QUINOLONE",LEVOFLOXACINE
8069936,LEVOTOP CP 500 MG B/10,"ANTIBIOTIQUE, QUINOLONE",LEVOFLOXACINE
3258798,LEVOTRIZ CP 5MG B/10,"ALLERGOLOGIE,ANTIHISTAMINIQUE",LEVOCETIRIZINE
1388891,"LEVOX COLLYRE 0,05% FL/5ML","OPHTALMOLOGIE, ANTIBACTERIEN LOCAL",LEVOFLOXACINE
1304541,LEVOXIME CP 500MG B/10,"ANTIBIOTIQUE, QUINOLONE",LEVOFLOXACINE
8179501,LEVOZ CP PELL 5 MG B/10,"ALLERGOLOGIE,ANTIHISTAMINIQUE",LEVOCETIRIZINE
3054307,LEXOFEN PLUS CP B/20,ANTALGIQUE/ANTIPYRETIQUE + AINS,PARACETAMOL+IBUPROFENE
3174284,LEXOMIL CP 6 MG B/30,"PSYCHIATRIE, ANXYOLITIQUES",BROMAZEPAM
2477964,L-FLOX COMPRIMES PELLICULES 500MG B/10,"ANTIBIOTIQUE, QUINOLONE",LEVOCETIRIZINE
3842485,L-FLOX COMPRIMES PELLICULES 500MG B/10,"ANTIBIOTIQUE, QUINOLONE",LEVOFLOXACINE
8035156,LIC CIFLOX CP 250 MG B/10,"ANTIBIOTIQUE, QUINOLONE",CIPROFLOXACINE
8035162,LIC CIFLOX CP 500 MG B/10,"ANTIBIOTIQUE, QUINOLONE",CIPROFLOXACINE
8040944,LIC NORFLOX CP 400 MG B/10,"ANTIBIOTIQUE, QUINOLONE",NORFLOXACINE
8035133,LIC PARAC CP 500 MG B/16,ANTALGIQUE/ANTIPYRETIQUE,PARACETAMOL
8040921,LIC PIROC CP 20 MG B/10,ANTI-INFLAMMATOIRE NON STEROIDIEN (AINS),PIROXICAM
8010647,LICDAZOL 400MG SUSP BUV FL/10 ML,"PARASITOLOGIE, ANTHELMINTIQUE",ALBENDAZOLE
8417917,LICMETHER AMPOULE INJ 40MG B/6,"PARASITOLOGIE, ANTIPALUDIQUE",ARTEMETHER
8417923,LICMETHER AMPOULE INJ 80MG B/6,"PARASITOLOGIE, ANTIPALUDIQUE",ARTEMETHER
3882153,LICOMAX CREME 1% TUBE DE 15G,"DERMATOLOGIE, ANTIFONGIQUE LOCAL",LULICONAZOLE
3953568,LIDENE COMPRIMES PELLICULES SECABLES 15MG B/10,"ALLERGOLOGIE,ANTIHISTAMINIQUE",DOXYLAMINE
2473550,LIDOCAINE UBIGEN 2% SOL INJ FL/20ML,ANESTHESIE LOCALE OU REGIONALE,LIDOCAINE
3062059,LINCOCINE AMP INJ 600 MG B/1,"ANTIBIOTIQUE, LINCOSANIDE",LINCOMYCINE
3259081,LINCOCINE GELULE 500 MG B/12,"ANTIBIOTIQUE, LINCOSANIDE",LINCOMYCINE
2007816,LINCOCINE SIROP 250 MG/5ML FL 60ML,"ANTIBIOTIQUE, LINCOSANIDE",LINCOMYCINE
3680148,LINCOMYCIN-INAD SOLUTION INJECTABLE 600MG/ 2ML BT 1,"ANTIBIOTIQUE, LINCOSAMIDES",LINCOMYCINE
3207598,LINDA GYN SOLUTION GELIFIEE MOUSSANTE DERMIQUE FL/250ML,"DERMATOLOGIE, ANTISEPTIQUE LOCAL",CHLORHEXIDINE
8009325,LINMOX GELULE 500 MG B/12,"ANTIBIOTIQUE, PENICILLINE",AMOXICILLINE
3820827,LINMOX GELULE 500MG BLISTER DE 12,"ANTIBIOTIQUE, PENICILLINE",AMOXICILLINE
3326357,LIPANTHYL GELULE 200 MG B/30,HYPOLIPEMIANT,FENOFIBRATE
3492352,LIPIAS 10 MG CPR PELL B/30,HYPOLIPEMIANT,ATORVASTATINE
3992470,LIPIDUCE CP 10 MG B/30,HYPOLIPEMIANT,ATORVASTATINE
1278941,LIPINORM 10 MG CP,HYPOLIPEMIANT,ATORVASTATINE
1278891,LIPINORM 20 MG CP,HYPOLIPEMIANT,ATORVASTATINE
3593101,LIPOSIC GEL OPHTA T/10G,"OPHTALMOLOGIE, SUPPLEANCE LACRYMALE",CARBOMERE
3317563,LIPOVAS CP PELL 10 MG B/30,HYPOLIPEMIANT,ATORVASTATINE
3317564,LIPOVAS CP PELL 20MG B/30,HYPOLIPEMIANT,ATORVASTATINE
2476776,LIRAPYN GELU 50MG BT28,"NEUROLOGIE, ANTIEPILEPTIQUES",PREGABALINE
2476777,LIRAPYN GELU 75MG BT28,"NEUROLOGIE, ANTIEPILEPTIQUES",PREGABALINE
2282310,LITACOLD CP POCHETTE/4,"ORL,ANTI-GRIPPE,ANTI-RHUME",PARACETAMOL + PHENYLEPHRINE + CHLORPHENIRAMINE + CAFEINE
2259883,LITACOLD SIROP FL/100 ML,"ORL,ANTI-GRIPPE,ANTI-RHUME",PARACETAMOL + PHENYLEPHRINE + CHLORPHENIRAMINE + CAFEINE
9959781,LIVOZED SOL INJ POUR PERF 5MG/ML FL/100ML,"ANTIBIOTIQUE, QUINOLONE",LEVOFLOXACINE
8053787,LIVOZED CP 500 MG B/10,"ANTIBIOTIQUE, QUINOLONE",LEVOFLOXACINE
3024874,LOBAK CP B/10,ANTALGIQUE/ANTIPYRETIQUE + AINS,PARACETAMOL+DICLOFENAC
3237292,LOCACID CREME T/30 G,"DERMATOLOGIE, ANTIACNEIQUE LOCAL",TRETINOINE
3237300,LOCACID LOTION DERM FL/15 ML,"DERMATOLOGIE, ANTIACNEIQUE LOCAL",TRETINOINE
3192796,"LOCAPRED CREME 0,1% T/15 G","DERMATOLOGIE,DERMOCORTICOIDE(AIS)",DESONIDE
8005190,"LOCARD H CP PELL 25 MG/12,5 MG B/10",ANTIHYPERTENSEUR ANTAGONISTE RECEPTEURS ANGIOTENSINE II + DIURETIQUE,LOSARTAN + HYDROCHLOROTHIAZIDE
8005238,LOCARD 25 CP 25 MG B/10,"ANTIHYPERTENSEUR, ANTAGONISTE RECEPTEURS ANGIOTENSINE II",LOSARTAN
8005273,LOCARD 50 CP 50 MG B/10,"ANTIHYPERTENSEUR, ANTAGONISTE RECEPTEURS ANGIOTENSINE II",LOSARTAN
3385124,"LOCATOP CREME 0,1% T/30 G","DERMATOLOGIE,DERMOCORTICOIDE(AIS)",DESONIDE
3218969,LOCOID CREME CREME T/30 G,"DERMATOLOGIE,DERMOCORTICOIDE(AIS)",HYDROCORTISONE
3218946,LOCOID 0.1% LOTION DERM 0.1% FL/30ML,"DERMATOLOGIE,DERMOCORTICOIDE(AIS)",HYDROCORTISONE
3219029,LOCOID 0.1% PDE T/30 G,"DERMATOLOGIE,DERMOCORTICOIDE(AIS)",HYDROCORTISONE
3459006,LODOZ CPR 5MG /6MG25 BT30,ANTIHYPERTENSEUR BETA BLOQUANT ET DIURETIQUE,BISOPROLOL+HYDROCHLOROTHIAZIDE
3459058,LODOZ CPR 10MG /6MG25 BT30,ANTIHYPERTENSEUR BETA BLOQUANT ET DIURETIQUE,BISOPROLOL+HYDROCHLOROTHIAZIDE
3458952,"LODOZ 2,5MG/6,25MG CP B/30",ANTIHYPERTENSEUR BETA BLOQUANT ET DIURETIQUE,BISOPROLOL+HYDROCHLOROTHIAZIDE
8046065,LOFNAC AMP INJ 75MG B/10,ANTI-INFLAMMATOIRE NON STEROIDIEN (AINS),DICLOFENAC
2297459,LOFNAC CP 100 MG B/10,ANTI-INFLAMMATOIRE NON STEROIDIEN (AINS),DICLOFENAC
3629982,LOFNAC GEL P APPL LOC 1% T/30G,ANTI-INFLAMMATOIRE NON STEROIDIEN (AINS),DICLOFENAC
8046059,LOFNAC SUPPO 100 MG B/10,ANTI-INFLAMMATOIRE NON STEROIDIEN (AINS),DICLOFENAC
8362777,LOFNAC-P CP 50MG/500MG B/10,ANTALGIQUE/ANTIPYRETIQUE + AINS,DICLOFENAC + PARACETAMOL
2289482,LOLIP CP 10 MG B/30,HYPOLIPEMIANT,ATORVASTATINE
2289513,LOLIP CP 20 MG B/30,HYPOLIPEMIANT,ATORVASTATINE
3560228,LOLIP CP 80 MG B/30,HYPOLIPEMIANT,ATORVASTATINE
3374139,LOMAC GELULE 20 MG B/14,"GASTRO.E.H., ULCERE GASTRODUODENAL",OMEPRAZOLE
3374146,LOMAC PDRE POUR PREPAR INJ 40MG + FLACON DE SOLVANT,"GASTRO.E.H., ULCERE GASTRODUODENAL",OMEPRAZOLE
8050150,LOMET GELULE 30 MG B/14,"GASTRO.E.H., ULCERE GASTRODUODENAL",LANSOPRAZOLE
8050167,LOMET GELULE 30 MG B/28,"GASTRO.E.H., ULCERE GASTRODUODENAL",LANSOPRAZOLE
8050144,LOMET GELULE 30 MG B/7,"GASTRO.E.H., ULCERE GASTRODUODENAL",LANSOPRAZOLE
3338308,LOMEXIN CREME 2% T/15 G,"DERMATOLOGIE, ANTIFONGIQUE LOCAL",FENTICONAZOLE
8305012,LONGAMYCINE CP 200 MG B/8,"ANTIBIOTIQUE, CYCLINE",DOXYCYCLINE
3457773,"LONSURF 15MG/6,14MG CPR PELL 20","CANCEROLOGIE, ANTINEOPLASIQUE",TRIFLURIDINE + TIPIRACIL
3457803,"LONSURF 20MG/8,19MG CPR PELL 20","CANCEROLOGIE, ANTINEOPLASIQUE",TRIFLURIDINE + TIPIRACIL
8407988,LOOBID CP 200 MG B/10,ANTIBIOTIQUE ET ANTIPARASITAIRE,OFLOXACINE + ORNIDAZOLE + LACTOBACILLUS
2473546,LOPERAMIDE UBIGEN 2MG B/10,"GASTRO E H, ANTIDIARRHEIQUE",LOPERAMIDE
8305029,LOPERIUM GELULE 2 MG B/20,"GASTRO.E.H., ANTI- DIARRHEIQUE",LOPERAMIDE
8512797,LOPINE CP 10 MG B/30,"ANTIHYPERTENSEUR, INHIBITEURS CALCIQUES",AMLODIPINE
8553709,LOPINE CP 5 MG B/30,"ANTIHYPERTENSEUR, INHIBITEUR CALCIQUE",AMLODIPINE
2288123,LORADINE SIROP FL/60 ML,"ALLERGOLOGIE,ANTIHISTAMINIQUE",LORATIDINE
1151128,LORAGLOB COMPRIME 10MG B/10,"ALLERGOLOGIE, ANTIHISTAMINIQUE",LORATADINE
8018732,LORATADINE -HAKIM CP SEC 10 MG B/30,"ALLERGOLOGIE,ANTIHISTAMINIQUE",LORATIDINE
3053775,LORATOL CP 10 MG B/10,"ALLERGOLOGIE,ANTIHISTAMINIQUE",LORATIDINE
8406150,LORATOL SIROP FL/100 ML,"ALLERGOLOGIE,ANTIHISTAMINIQUE",LORATIDINE
6041702,LOREUS COMPRIMES PELLICULES 5MG B/7,"ALLERGOLOGIE,ANTIHISTAMINIQUE",DESLORATADINE
3319451,LORHIST PDRE P SUSP BUV FL/60 ML,"ALLERGOLOGIE,ANTIHISTAMINIQUE",LORATIDINE
4215826,LORHIST 10MG CPR B/10,"ALLERGOLOGIE, ANTIHISTAMINIQUE",LORATADINE
3067338,LORIX CP 10 MG B/15,"ALLERGOLOGIE,ANTIHISTAMINIQUE",LORATIDINE
3268674,LORKOF EXPECTORANT SIROP FL/100ML,"PNEUMOLOGIE, ANTIASTHMATIQUE",SALBUTAMOL + BROMHEXINE + GUAFENESINE + MENTHOL
1388881,LORODES COMP 5MG B/10,"ALLERGOLOGIE, ANTIHISTAMINIQUE",DESLORATADINE
9388881,LORODES COMPRIMES ORODISPERSIBLES 5MG B/ 10,"ALLERGOLOGIE, ANTIHISTAMINIQUE",DESLORATADINE
3653241,LORODES SOLUTION BUVABLE 5MG/ML FL/60ML,"ALLERGOLOGIE, ANTIHISTAMINIQUE",DESLORATADINE
8615787,LOSAGEN COMP PELL 100MG B/30,"ANTIHYPERTENSEUR, ANTAGONISTERECEPTEURS ANGIOTENSINE II",LOSARTAN
8615770,LOSAGEN COMP PELL 50MG B/30,"ANTIHYPERTENSEUR, ANTAGONISTERECEPTEURS ANGIOTENSINE II",LOSARTAN
3232989,LOSAR DENK CP PELLICULE 25MG B/28,"ANTIHYPERTENSEUR, ANTAGONISTE RECEPTEURS ANGIOTENSINE II",LOSARTAN
2264370,LOSAR DENK CP PELLICULE 50MG B/28,"ANTIHYPERTENSEUR, ANTAGONISTE RECEPTEURS ANGIOTENSINE II",LOSARTAN
2272783,LOSAR DENK CP 100 MG B/28,"ANTIHYPERTENSEUR, ANTAGONISTE RECEPTEURS ANGIOTENSINE II",LOSARTAN
3022917,LOSAR MEDIS 50MG CP B/30,"ANTIHYPERTENSEUR, ANTAGONISTE RECEPTEURS ANGIOTENSINE II",LOSARTAN
3000100,LOSARMAX CP 50/12.5MG B/30,ANTIHYPERTENSEUR ANTAGONISTE RECEPTEURS ANGIOTENSINE II + DIURETIQUE,LOSARTAN + HYDROCHLOROTHIAZIDE
3689985,LOSARTAN GH CP 100 MG B/30,"ANTIHYPERTENSEUR, ANTAGONISTE RECEPTEURS ANGIOTENSINE II",LOSARTAN
3689986,LOSARTAN GH CP 50 MG B/30,"ANTIHYPERTENSEUR, ANTAGONISTE RECEPTEURS ANGIOTENSINE II",LOSARTAN
2187184,"LOSARTAN/HYDROCHLOROTHIAZIDE ARROW LAB COMPRIMES PELLICULES 50MG/12,5MG B/30","ANTIHYPERTENSEUR, ANTAGONISTE RECEPTEURS ANGIOTENSINE II + DIURETIQUE",LOSARTAN + HYDROCHLOROTHIAZIDE
2187296,LOSARTAN/HYDROCHLOROTHIAZIDE ARROW LAB CP PELL100MG/12,"ANTIHYPERTENSEUR, ANTAGONISTE RECEPTEURSANGIOTENSINE II + DIURETIQUE",LOSARTAN + HYDROCHLOROTHIAZIDE
2473270,LOTARIDEX COMP PELL 5MG B/15,"ALLERGOLOGIE, ANTIHISTAMINIQUE",DESLORATADINE
2473271,"LOTARIDEX SOLUTION BUVABLE 2,5MG/5ML FL/ 100ML","ALLERGOLOGIE, ANTIHISTAMINIQUE",DESLORATADINE
2297487,LOTIN SOL BUV FL/60ML,"ALLERGOLOGIE,ANTIHISTAMINIQUE",LORATIDINE
3294870,LOVENOX SOL INJ 2000 UI B/2,"HEMOSTASE, ANTICOAGULANTS INJECTABLES",ENOXAPARINE
3294864,LOVENOX SOL INJ 4000 UI B/2,"HEMOSTASE, ANTICOAGULANTS INJECTABLES",ENOXAPARINE
3360578,LOVENOX SOL INJ 6000 UI B/2,"HEMOSTASE, ANTICOAGULANTS INJECTABLES",ENOXAPARINE
3360590,LOVENOX SOL INJ 8000 UI B/2,"HEMOSTASE, ANTICOAGULANTS INJECTABLES",ENOXAPARINE
8016956,LOVIR CP 400 MG B/25,ANTIVIRAUX,ACICLOVIR
8016940,LOVIR CP 200 MG B/25,ANTIVIRAUX,ACICLOVIR
9990150,LOVIR CREME TUBE 10G,ANTIVIRAUX,ACICLOVIR
1598195,LOXAIR SUSP P INHAL 100MCG FL/200 DOSES,"PNEUMOLOGIE, ANTIASTHMATIQUE",SALBUTAMOL
3311077,LOXEN AMP INJ 10 MG B/5,"ANTIHYPERTENSEUR, INHIBITEUR CALCIQUE",NICARDIPINE
3278173,LOXEN CP 20 MG B/30,"ANTIHYPERTENSEUR, INHIBITEUR CALCIQUE",NICARDIPINE
3295510,LOXEN GELULE LP 50 MG B/60,"ANTIHYPERTENSEUR, INHIBITEUR CALCIQUE",NICARDIPINE
8021014,LOXINTER CP 200 MG PLAQUETTE DE 10,"ANTIBIOTIQUE, QUINOLONE",OFLOXACINE
8495136,LOZINE SIROP FL/100 ML,"ALLERGOLOGIE,ANTIHISTAMINIQUE",LEVOCETIRIZINE
2298110,LRJ CY FL/10 ML,"OPHTALMOLOGIE, ANTIALLERGIQUES LOCAUX",PHENIRAMINE + TETRYZOLINE
3062935,LUBENTYL GELEE ORALE POT/250 G,"GASTRO.E.H., CONSTIPATION",PARAFFINE LIQUIDE+PARAFFINE SOLIDE
3062929,LUBENTYL MAGNES GEL OARAL FL/260 G,"GASTRO.E.H., CONSTIPATION",MAGNESIUM HYDROXYDE+PARAFFINE
3867372,"LUBRINEX 0,3% COLLYRE FL/5ML","OPHTALMOLOGIE, SUPPLEANCE LACRYMALE",HYPROMELLOSE
8484463,LUCLIP CREME 1% TUBE 30G,"DERMATOLOGIE, ANTIFONGIQUE LOCAL",LULICONAZOLE
3179451,LUFAMET FORTE CP 40 MG/240 MG B/12,"PARASITOLOGIE, ANTIPALUDIQUE",ARTEMETHER+LUMEFANTRINE
3179437,LUFAMET PDRE P SUSP BUV 180/1080 MG FL/60 ML,"PARASITOLOGIE, ANTIPALUDIQUE",ARTEMETHER+LUMEFANTRINE
3179444,LUFAMET-DS CP 80/480 MG B/6,"PARASITOLOGIE, ANTIPALUDIQUE",ARTEMETHER+LUMEFANTRINE
2038969,LUFANTER CP 40 MG/240 MG B/12,"PARASITOLOGIE, ANTIPALUDIQUE",ARTEMETHER+LUMEFANTRINE
5802050,LUFANTER SUSP BUV FL/60 ML,"PARASITOLOGIE, ANTIPALUDIQUE",ARTEMETHER+LUMEFANTRINE
3372173,LUFAR CP 80/480 MG B/6,"PARASITOLOGIE, ANTIPALUDIQUE",ARTEMETHER+LUMEFANTRINE
4486444,LUFART DS COMPRIME 80MG/480MG B/6,"PARASITOLOGIE, ANTIPALUDIQUE",ARTEMETHER + LUMEFANTRINE
3217627,LUFEMAX CP 20 MG /120 MG B/24,"PARASITOLOGIE, ANTIPALUDIQUE",ARTEMETHER+LUMEFANTRINE
3000117,LUFEMAX CP 40 MG/240 MG B/12,"PARASITOLOGIE, ANTIPALUDIQUE",ARTEMETHER+LUMEFANTRINE
3000124,LUFEMAX FORT CP 80/480 MG B/6,"PARASITOLOGIE, ANTIPALUDIQUE",ARTEMETHER+LUMEFANTRINE
3990605,LUFEMAX PDRE P SUSP BUV 180/1080 MG FL/60 ML,"PARASITOLOGIE, ANTIPALUDIQUE",ARTEMETHER+LUMEFANTRINE
3209004,LUFENART CP 40 MG/240 MG B/12,"PARASITOLOGIE, ANTIPALUDIQUE",ARTEMETHER+LUMEFANTRINE
3209005,LUFENART CP 40 MG/240 MG B/12,"PARASITOLOGIE, ANTIPALUDIQUE",ARTEMETHER+LUMEFANTRINE
3209011,LUFENART FORTE CP 80/480 MG B/6,"PARASITOLOGIE, ANTIPALUDIQUE",ARTEMETHER+LUMEFANTRINE
2480810,LUMAGLOBE COMP 80MG/480MG B/6,"PARASITOLOGIE, ANTIPALUDIQUE",ARTEMETHER + LUMEFANTRINE
2480812,LUMAGLOBE COMPR DISPERS 20MG/120MG B/6,"PARASITOLOGIE, ANTIPALUDIQUE",ARTEMETHER + LUMEFANTRINE
2480811,LUMAGLOBE COMPRIME 40MG/240MG B/6,"PARASITOLOGIE, ANTIPALUDIQUE",ARTEMETHER + LUMEFANTRINE
2480813,LUMAGLOBE PDRE POUR SUSP BUV 180MG/ 1080MG FL/60ML,"PARASITOLOGIE, ANTIPALUDIQUE",ARTEMETHER + LUMEFANTRINE
8084108,LUMALARIA COMP DISP 20/120 B/24,"PARASITOLOGIE, ANTIPALUDIQUE",ARTEMETHER + LUMEFANTRINE
8084114,LUMALARIA COMP 80/480MG B/6,"PARASITOLOGIE, ANTIPALUDIQUE",ARTEMETHER + LUMEFANTRINE
8097358,LUMART PLUS CP 20 MG /120 MG B/24,"PARASITOLOGIE, ANTIPALUDIQUE",ARTEMETHER+LUMEFANTRINE
8078220,LUM-ARTEM CP 20 MG /120 MG B/24,"PARASITOLOGIE, ANTIPALUDIQUE",ARTEMETHER+LUMEFANTRINE
8301899,LUM-ARTEM PDRE P SUSP BUV 180/1080 MG FL/60 ML,"PARASITOLOGIE, ANTIPALUDIQUE",ARTEMETHER+LUMEFANTRINE
8025979,LUMATE FORTE CP 40 MG/240 MG B/12,"PARASITOLOGIE, ANTIPALUDIQUE",ARTEMETHER+LUMEFANTRINE
3002692,LUMATE PLUS CP 80/480MG B/6,"PARASITOLOGIE, ANTIPALUDIQUE",ARTEMETHER+LUMEFANTRINE
8427531,LUMEOX EYE DROPS,"OPHTALMOLOGIE, ANTIBACTERIEN LOCAL",MOXIFLOXACINE
3249475,LUMESOFT PLUS CAPSULES MOLLES 40MG/240MG B/12,"PARASITOLOGIE, ANTIPALUDIQUE",ARTEMETHER+LUMEFANTRINE
8512857,LUMETER COMP 80MG/480MG B/6,"PARASITOLOGIE, ANTIPALUDIQUE",ARTEMETHER + LUMEFANTRINE
8512863,LUMETER CP 40MG/240MG B/12,"PARASITOLOGIE, ANTIPALUDIQUE",ARTEMETHER+LUMEFANTRINE
8512867,LUMETHER CP 80/480 MG B/6,"PARASITOLOGIE, ANTIPALUDIQUE",ARTEMETHER+LUMEFANTRINE
2473512,LUMFART COMP PELL 80MG/480 MG B/6,"PARASITOLOGIE, ANTIPALUDIQUE",ARTEMETHER+LUMEFANTRINE
8084539,LUMFART CP 20 MG /120 MG B/24,"PARASITOLOGIE, ANTIPALUDIQUE",ARTEMETHER+LUMEFANTRINE
8084545,LUMFART PDRE P SUSP BUV 180/1080 MG FL/60 ML,"PARASITOLOGIE, ANTIPALUDIQUE",ARTEMETHER+LUMEFANTRINE
8425087,LUMIART CP 20 MG /120 MG B/24,"PARASITOLOGIE, ANTIPALUDIQUE",ARTEMETHER+LUMEFANTRINE
8425064,LUMIART CP 80/480 MG B/6,"PARASITOLOGIE, ANTIPALUDIQUE",ARTEMETHER+LUMEFANTRINE
8425058,LUMIART PDRE P SUSP BUV 180/1080 MG FL/60 ML,"PARASITOLOGIE, ANTIPALUDIQUE",ARTEMETHER+LUMEFANTRINE
9114746,LUMIFORTE CP 40MG/250MG B/6,"PARASITOLOGIE, ANTIPALUDIQUE",ARTEMETHER + LUMEFANTRINE
3439111,LUMIFORTE CP 60MG/360MG B/6,"PARASITOLOGIE, ANTIPALUDIQUE",ARTEMETHER+LUMEFANTRINE
8149807,LUMIFORTE CP 80/480MG B/6,"PARASITOLOGIE, ANTIPALUDIQUE",ARTEMETHER+LUMEFANTRINE
8149813,LUMIFORTE DT CP DISP 20MG/120 MG B/6,"PARASITOLOGIE, ANTIPALUDIQUE",ARTEMETHER+LUMEFANTRINE
3439692,LUMIFORTE PDRE P SUSP BUV 180/1080 MG FL/60 ML,"PARASITOLOGIE, ANTIPALUDIQUE",ARTEMETHER+LUMEFANTRINE
1341721,LUMIFORTE SIROP 40MG/240MG FL/30L,"PARASITOLOGIE, ANTIPALUDIQUE",ARTEMETHER + LUMEFANTRINE
1341821,LUMIFORTE SIROP 60MG/360MG FL/30ML,"PARASITOLOGIE, ANTIPALUDIQUE",ARTEMETHER + LUMEFANTRINE
1341711,LUMIFORTE SP 180MG/1080MG FL/60ML,"PARASITOLOGIE, ANTIPALUDIQUE",ARTEMETHER + LUMEFANTRINE
3295036,LUMIRELAX BAUME PDE T/80 G,"RHUMATOLOGIE, MYORELAXANT",METHOCARBAMOL
3063219,LUMIRELAX CP 500 MG B/20,"RHUMATOLOGIE, MYORELAXANT",METHOCARBAMOL
3063202,LUMIRELAX PDE T/40 G,"RHUMATOLOGIE, MYORELAXANT",METHOCARBAMOL
3218907,LUMITER CP 20 MG /120 MG B/24,"PARASITOLOGIE, ANTIPALUDIQUE",ARTEMETHER+LUMEFANTRINE
8489644,LUMITER DS CP 80/480MG B/6,"PARASITOLOGIE, ANTIPALUDIQUE",ARTEMETHER+LUMEFANTRINE
3000000,"LUPRODEX SUSP INJ 3,75 MG B/1","CANCEROLOGIE, ANTINEOPLASIQUE",ACETATE DE LEUPROLIDE
3266112,LUTENYL CP 5 MG B/10,"GYNECOLOGIE,TRAITEMENTS DE LA MENOPAUSE",NOMEGESTROL
3063320,LUTERAN CP 5 MG B/10,"GYNECOLOGIE,TRAITEMENTS DE LA MENOPAUSE",CHLORMADINONE
2481484,"LUTIMOL 0,5% FLACON DE 5ML","OPHTALMOLOGIE, GLAUCOME",TIMOLOL MALÉATE
2484380,LUTTE KIT 1G/1G/150MG COMBIKIT B/4,ASSOCIATION D'ANTIBIOTIQUES,SECNIDAZOLE + AZITHROMYCINE + FLUCONAZOLE
2481932,L-VIVACETZ-5 COMP 5MG B/30,"ALLERGOLOGIE, ANTIHISTAMINIQUE",LEVOCETIRIZINE
3256077,LYAMOX CP DISPERS 1 G B/12,"ANTIBIOTIQUE, PENICILLINE",AMOXICILLINE
8077775,LYAMOX PDRE P SUSP BUV 250 MG/5 ML FL/60 ML,"ANTIBIOTIQUE, PENICILLINE",AMOXICILLINE
4344364,LYAMOX PLUS COMP 1G/125MG B/16,"ANTIBIOTIQUE, PENICILLINE",AMOXICILLINE + ACIDE CLAVULANIQUE
3256237,LYATEM SOL INJ 80 MG B/6,"PARASITOLOGIE, ANTIPALUDIQUE",ARTEMETHER
9999599,LYATEM 40MG/ML IM SOL INJ B/6,"PARASITOLOGIE, ANTIPALUDIQUE",ARTEMETHER
9999598,LYATER COMP DISP 40MG/240MG B/6,"PARASITOLOGIE, ANTIPALUDIQUE",ARTEMETHER + LUMEFANTRINE
9999581,LYATER COMP 20MG/120MG B/12,"PARASITOLOGIE, ANTIPALUDIQUE",ARTEMETHER + LUMEFANTRINE
3256190,LYATER CP 80/480 MG B/6,"PARASITOLOGIE, ANTIPALUDIQUE",ARTEMETHER+LUMEFANTRINE
8076764,LYATER PDRE P SUSP BUV 180/1080 MG FL/60 ML,"PARASITOLOGIE, ANTIPALUDIQUE",ARTEMETHER+LUMEFANTRINE
3256312,LYCEF INJ 1G/10ML IM/IV B/1,"ANTIBIOTIQUE, CEPHALOSPORINE",CEFTRIAXONE
8078527,LYCINE CP 500 MG PLAQUETTE DE 10,"ANTIBIOTIQUE, QUINOLONE",CIPROFLOXACINE
9990153,LYDEXA INJ 4MG/ML B/3,ANTI-INFLAMMATOIRE STEROIDIEN (AIS),DEXAMETHSONE
8147926,LYDICLO INJ 75MG B/10,ANTIINFLAMMATOIRE NON STEROIDIEN,DICLOFENAC
8075664,LYERY SACHETS 250MG B/30,"ANTIBIOTIQUE, MACROLIDE",ERYTHROMYCINE
9990208,LYFER COMP B/30,"HEMATOLOGIE, ANTIANEMIQUE",FUMARATE FERREUX + ACIDE FOLIQUE + VIT C
8437736,LYFER SIROP FL/200ML,"HEMATOLOGIE, ANTIANEMIQUES",FER+AC FOLIQUE+VIT B12
8437742,"LYGENTA COLLYRE 0,3% FL/5ML","OPHTALMOLOGIE, ANTIBIOTIQUE LOCAL",GENTAMICINE
8076729,LYGIN AMP INJ B/5,ANTALGIQUE/ANTIPYRETIQUE ET ANTISPASMODIQUE,METAMIZOLE SODIQUE
9990205,LYGIN COMP 500MG B/20,ANTALGIQUE/ANTIPYRETIQUE + ANTISPASMODIQUE,METAMIZOLE
3507940,LYOMO GELULE 20MG B/14,"GASTRO EH, ULCERE GASTRO-DUODENAL",OMEPRAZOLE
5600007,LYRICA GELULE 150 MG B/56,"NEUROLOGIE, ANTIEPILEPTIQUES",PREGABALINE
3651270,LYRICA GELULE 25 MG B/56,"NEUROLOGIE, ANTIEPILEPTIQUES",PREGABALINE
3651287,LYRICA GELULE 50 MG B/84,"NEUROLOGIE, ANTIEPILEPTIQUES",PREGABALINE
3651293,LYRICA GELULE 75 MG B/56,"NEUROLOGIE, ANTIEPILEPTIQUES",PREGABALINE
2026831,LYSAN LOTION DERM FL/125ML,"DERMATOLOGIE, ANTIACNEIQUE LOCAL",ACIDE SALICYLIQUE+CAMPHRE+RESORCINOL
3183662,LYSANXIA 10 CP 10 MG B/40,"PSYCHIATRIE, ANXYOLITIQUES",PRAZEPAM
8410683,LYSOFLAM COMPRIME PELLICULE 500MG/50MG/ 15MG B/10,ANTALGIQUE/ANTIPYRETIQUE + AINS,PARACETAMOL + DICLOFENAC + SERRATIOPEPTIDASE
8403789,LYSOFLAM GEL TUBE DE 30G,ANTI-INFLAMMATOIRE NON STEROIDIEN (AINS),DICLOFENAC + DIETHYLAMINE + SALICYLATE + HUILE DE LIN
9999741,LYTAMOL COMP 500MG PLAQUETTE DE 10,ANTALGIQUE/ANTIPYRETIQUE + ANTISPASMODIQUE,PARACETAMOL
2474053,LYTAMOL SOL PERFUSION 1000MG/100ML,ANTALGIQUE/ANTIPYRETIQUE,PARACETAMOL
3277621,LYTAMOL-PLUS CP PELLICULE 50MG/500MG B/10,ANTALGIQUE/ANTIPYRETIQUE + AINS,PARACETAMOL+DICLOFENAC
4389450,LYZINE COMP 10MG B/10,"ALLERGOLOGIE, ANTIHISTAMINIQUE",CETIRIZINE
3256815,LYZIT CP PELL 500 MG B/3,"ANTIBIOTIQUE, MACROLIDE",AZITHROMYCINE
3362020,LYZOL CP 500 MG PLAQUETTE DE 10,ANTIBIOTIQUE ET ANTIPARASITAIRE,METRONIDAZOLE
8078562,LYZOL SOL INJ 500 MG FL/100 ML,ANTIBIOTIQUE ET ANTIPARASITAIRE,METRONIDAZOLE
3485516,M FLOX COMP B/5,"ANTIBIOTIQUE, QUINOLONE",MOXIFLOACINE
3129450,MAALOX CP B/40,"GASTRO.E.H., ANTIACIDE ET PANSEMENT GASTROINTESTINAL",ALUMINIUM HYDROXYDE + MAGNESIUM HYDROXYDE
3455048,MAALOX MAUX D'ESTOMAC SUSPENSION BUVABLE EN SACHET-DOSE B/20,"GASTRO.E.H., ANTIACIDE ET PANSEMENT GASTROINTESTINAL",ALUMINIUM HYDROXYDE + MAGNESIUM HYDROXYDE
3296521,MAALOX SUSP BUV B/30 SACH,"GASTRO.E.H., ANTIACIDE ET PANSEMENT GASTROINTESTINAL",ALUMINIUM HYDROXYDE + MAGNESIUM HYDROXYDE
3129467,MAALOX SUSP BUV FL/250ML,"GASTRO.E.H., ANTIACIDE ET PANSEMENT GASTROINTESTINAL",ALUMINIUM HYDROXYDE + MAGNESIUM HYDROXYDE
5606003,MABTHERA SOLUTION A DILUER POUR PERFUSION IV 100MG B/2,"CANCEROLOGIE, ANTINEOPLASIQUE",RITUXIMAB
5606026,MABTHERA SOLUTION A DILUER POUR PERFUSION IV 500MG B/2,"CANCEROLOGIE, ANTINEOPLASIQUE",RITUXIMAB
2471626,MACROLYN COMP 500MG B/3,"ANTIBIOTIQUE, MACROLIDE",AZITHROMYCINE
3234488,MACROMAX PDRE P SUSP BUV 200MG/5ML FL/ 30ML,"ANTIBIOTIQUE, MACROLIDE",AZITHROMYCINE
8041056,MADAR CP B/3,"PARASITOLOGIE, ANTIPALUDIQUE",SULFADOXINE+PYRIMETHAMINE
3290518,MADECASSOL CREME 1% T/25 G,"DERMATOLOGIE, TOPIQUE A ACTIVITE TROPHIQUE OU PROTECTRICE",HYDROCOTYLE
8085801,MALACUR CP B/9,"PARASITOLOGIE, ANTIPALUDIQUE",DIHYDROARTEMISININE + PIPERAQUINE
3410851,MALACUR CP DISP 20MG/160MG B/6,"PARASITOLOGIE, ANTIPALUDIQUE",DIHYDROARTEMISININE + PIPERAQUINE
3400210,MALACUR CP PELL 40/320MG B/12,"PARASITOLOGIE, ANTIPALUDIQUE",DIHYDROARTEMISININE + PIPERAQUINE
8085846,MALACUR PDRE P SUSP BUV 250 MG/5 ML FL/60 ML,"PARASITOLOGIE, ANTIPALUDIQUE",DIHYDROARTEMISININE+PIPERAQUINE
3912271,MALA-EL 40MG/320MG CPR B/9,"PARASITOLOGIE, ANTIPALUDIQUE",DIHYDROARTEMISININE + PIPERAQUINE
2478596,MALAFENTRINE DS COMPRIMES 80MG/480MG B/6,"PARASITOLOGIE, ANTIPALUDIQUE",ARTEMETHER + LUMEFANTRINE
2478595,MALAFENTRINE POUDRE POUR SUSP BUV 180MG/ 1080MG FL/60ML,"PARASITOLOGIE, ANTIPALUDIQUE",ARTEMETHER + LUMEFANTRINE
3588195,MAL-ANX 80MG/480MG CP PELL B/6,"PARASITOLOGIE, ANTIPALUDIQUE",ARTEMETHER + LUMEFANTRINE
2297493,MALAREICH CP 525 MG PLAQUETTE DE 3,"PARASITOLOGIE, ANTIPALUDIQUE",SULFADOXINE+PYRIMETHAMINE
1304511,MALARIAX CP 40MG/320MG B/9,"PARASITOLOGIE, ANTIPALUDIQUE",DIHYDRO-ARTEMISININE + PIPERAQUINE
1304521,MALARIAX SUSP PDRE FL/60ML,"PARASITOLOGIE, ANTIPALUDIQUE",DIHYDOARTEMISINE + PIPERAQUINE
5854584,MALARID COMPRIME 80MG/480MG B/6,"PARASITOLOGIE, ANTIPALUDIQUE",ARTEMETHER + LUMEFANTRINE
5872484,MALARID JUNIOR COMPRIME DISPERSIBLE 20MG/ 120MG B/6,"PARASITOLOGIE, ANTIPALUDIQUE",ARTEMETHER + LUMEFANTRINE
3001282,MALARITHER AMP INJ I.M B/6,"PARASITOLOGIE, ANTIPALUDIQUE",ARTEMETHER
2481242,MALAROX 20MG/160MG CPR BT 6,"PARASITOLOGIE, ANTIPALUDIQUE",DIHYDROARTESIMININE + PIPERAQUINE
2481247,MALAROX 40MG/320MG CPR BT 12,"PARASITOLOGIE, ANTIPALUDIQUE",DIHYDROARTESIMININE + PIPERAQUINE
8097944,MALATRINE CP 20 MG /120 MG B/24,"PARASITOLOGIE, ANTIPALUDIQUE",ARTEMETHER+LUMEFANTRINE
8087934,MALATRINE CP 40 MG/240 MG B/12,"PARASITOLOGIE, ANTIPALUDIQUE",ARTEMETHER+LUMEFANTRINE
8097967,MALATRINE PDRE P SUSP BUV 180/1080 MG FL/60 ML,"PARASITOLOGIE, ANTIPALUDIQUE",ARTEMETHER+LUMEFANTRINE
2471340,MALAVAN INJECTABLE 30MG B/1,"PARASITOLOGIE, ANTIPALUDIQUE",ARTESUNATE
3494981,MALAVAN PDRE P P INJ 120 MG B/1,"PARASITOLOGIE, ANTIPALUDIQUE",ARTESUNATE
3227541,MALAVAN PDRE P SOL INJ 60MG B/1,"PARASITOLOGIE, ANTIPALUDIQUE",ARTESUNATE
3689936,MALAVAN SUPPO 50 MG B/6,"PARASITOLOGIE, ANTIPALUDIQUE",ARTESUNATE
2474128,MALOTEN COMPRIME 20MG/120MG B/24,"PARASITOLOGIE, ANTIPALUDIQUE",ARTEMETHER + LUMEFANTRINE
2474131,MALOTEN COMPRIME 40MG/240MG B/12,"PARASITOLOGIE, ANTIPALUDIQUE",ARTEMETHER + LUMEFANTRINE
2474130,MALOTEN COMPRIME 80MG/480MG B/6,"PARASITOLOGIE, ANTIPALUDIQUE",ARTEMETHER + LUMEFANTRINE
2471806,MALOTEN POUDRE POUR SUSP BUV 180MG/ 1080MG FL/60ML,"PARASITOLOGIE, ANTIPALUDIQUE",ARTEMETHER + LUMEFANTRINE
2025234,MALOXINE ND CP B/3,"PARASITOLOGIE, ANTIPALUDIQUE",SULFADOXINE+PYRIMETHAMINE
1388861,MALTOFER FOL COMP 100MG B/30,"HEMATOLOGIE, ANTIANEMIQUES",FER
1388851,MALTOFER SIROP FL150ML,"HEMATOLOGIE, ANTIANEMIQUE",FER
8644955,MALVA CP 200 MG B/10,ANTI-INFLAMMATOIRE NON STEROIDIEN (AINS),CELECOXIB
3915678,MALWOOD P COMPRIME 40MG/320MG B/12,"PARASITOLOGIE, ANTIPALUDIQUE",DIHYDROARTESIMININE + PIPERAQUINE
2480208,MALWOOD P CPR BT12,"PARASITOLOGIE, ANTIPALUDIQUE",DIHYDROARTEMISININE + PIPERAQUINE
3672101,MARIMER BABY SOLUTION D'EAU DE MER ISOTONIQUE SPRAY NASAL FL 100ML,"ORL, DECONGESTIONNANTS",EAU DE MER ISOTONIQUE
3672361,MARIMER HYPERTONIQUE BEBE 22G/L SOL NASALE EN SPRAY FL/100ML,"ORL, DECONGESTIONNANT NASAL",EAU DE MER
8023242,MARIMER HYPERTONIQUE SOL P APPL LOC FL/100 ML,"ORL, DECONGESTIONNANTS",EAU DE MER ISOTONIQUE
7649293,MARIMER SOL P PULV NAS FL/100ML,"ORL, DECONGESTIONNANTS",EAU DE MER ISOTONIQUE
3067215,MAXICLAV PDRE P SUSP BUV SACHET DOSE 1G/ 125MG B/16,"ANTIBIOTIQUE, PENICILLINE",AMOXICILLINE+ACIDE CLAVULANIQUE
3067253,"MAXICLAV PDRE P SUSP BUV 500MG/62,5MG EN SACHET B/16","ANTIBIOTIQUE, PENICILLINE",AMOXICILLINE+ACIDE CLAVULANIQUE
3065247,"MAXIDEX CY 0,1% FL/3 ML","OPHTALMOLOGIE, ANTI-INFLAMMATOIRES LOCAUX",DEXAMETHASONE
3065253,MAXIDROL CY FL/3 ML,"OPHTALMOLOGIE, ANTI-INFLAMMATOIRES ET ANTIBACTERIENS LOCAUX",POLYMYXINE B + NEOMYCINE + DEXAMETHASONE
3198356,MAXIDROL PDE OPHT T/3 G,"OPHTALMOLOGIE, ANTI-INFLAMMATOIRES ET ANTIBACTERIENS LOCAUX",POLYMYXINE B + NEOMYCINE + DEXAMETHASONE
3836620,MAXIGRIP POUDRE POUR SOLUTION ORALE EN SACHET B/10,"ORL, ANTI-GRIPPE, ANTI-RHUME",PARACETAMOL + PHENYLEPHRINE + VITAMINE C
8004060,MAXISPORIN CY FL/5 ML,"OPHTALMOLOGIE, ANTI-INFLAMMATOIRES ET ANTIBACTERIENS LOCAUX",POLYMYXINE B + NEOMYCINE + DEXAMETHASONE
8070454,M-CAM CP 15 MG B/10,ANTI-INFLAMMATOIRE NON STEROIDIEN (AINS),MELOXICAM
8070313,"M-CAM CP 7,5 MG B/10",ANTI-INFLAMMATOIRE NON STEROIDIEN (AINS),MELOXICAM
2476042,MEBEN GH SUSPENSION BUVABLE 100MG/5ML FL/ 30 ML,"PARASITOLOGIE, ANTHELMINTIQUE",MEBENDAZOLE
5603060,MEBENDAZOLE SUSP BUV FL/30 ML,"PARASITOLOGIE, ANTHELMINTIQUE",MEBENDAZOLE
8054277,MEBENDAZOLE UBI SUSP BUV 100 MG/5 ML FL/30 ML,"PARASITOLOGIE, ANTHELMINTIQUE",MEBENDAZOLE
8084479,MEBUX COMPRIMES PELLICULES 80MG B/30,"RHUMATOLOGIE, HYPO-URICEMIANT",FEBUXOSTAT
8084462,MEBUX CP PELL 40MG B/30,"RHUMATOLOGIE, HYPO-URICEMIANT",FEBUXOSTAT
9694891,MECAM-15 CP 15 MG B/10,ANTI-INFLAMMATOIRE NON STEROIDIEN (AINS),MELOXICAM
8134504,MECLON OVULE B/10,"GYNECOLOGIE,TRAITEMENT DES VULVOVAGINITES",CLOTRIMAZOLE + METRONIDAZOLE
8180094,MEDICLAV CP PELLICULES 500MG/62,"ANTIBIOTIQUE, PENICILLINE",AMOXICILLINE+ACIDE CLAVULANIQUE
8180071,MEDICLAV ENFANT PDRE P SUSP BUV 100MG/ 12.5MG FL/60ML,"ANTIBIOTIQUE, PENICILLINE",AMOXICILLINE+ACIDE CLAVULANIQUE
8180088,MEDICLAV PDRE P SUSP BUV SACHET 1000MG/ 125MG B/12,"ANTIBIOTIQUE, PENICILLINE",AMOXICILLINE+ACIDE CLAVULANIQUE
8180102,MEDICLAV PDRE P SUSP BUV SACHET 500/62.5,"ANTIBIOTIQUE, PENICILLINE",AMOXICILLINE+ACIDE CLAVULANIQUE
8111874,MEDITONSIN GTTE BUV FL 35G,"ORL,ANTI-GRIPPE,ANTI-RHUME",ACONITE + ATROPINE SULFATE + MERCURIUS + CYANUTUS
8716608,MEDOMOX COMP DISPERSIBLE 250MG B/12,"ANTIBIOTIQUE, PENICILLINE",AMOXICILLINE
8513182,MEDOMOX GELULE 500 MG B/12,"ANTIBIOTIQUE, PENICILLINE",AMOXICILLINE
8513153,MEDOMOX PDRE P SUSP BUV 250 MG/5 ML FL/60 ML,"ANTIBIOTIQUE, PENICILLINE",AMOXICILLINE
3568491,MEDOX CP 200 MG B/10,"ANTIBIOTIQUE, CYCLINE",DOXYCYCLINE
8550148,MEDOZIL CP 500 MG B/20,ANTIBIOTIQUE ET ANTIPARASITAIRE,METRONIDAZOLE
3318984,MEDROL 16MG CP 16 MG B/20,ANTI-INFLAMMATOIRE STEROIDIEN (AIS),METHYLPREDNISOLONE
3065595,MEDROL 4MG CP 4 MG B/30,ANTI-INFLAMMATOIRE STEROIDIEN (AIS),METHYLPREDNISOLONE
6300106,MEDZAR FORT CP 100 MG B/28,"ANTIHYPERTENSEUR, ANTAGONISTE RECEPTEURS ANGIOTENSINE II",LOSARTAN
3216798,MEFENAL GELULE 250 MG B/20,ANTI-INFLAMMATOIRE NON STEROIDIEN (AINS),ACIDE MEFENAMIQUE
3216873,MEFENAL PEDIATRIQUE SUSPENSION BUVABLE 1% FL/150ML,ANTI-INFLAMMATOIRE NON STEROIDIEN (AINS),ACIDE MEFENAMIQUE
2482722,MEFLAM COMPRIME 15MG/B10,ANTI-INFLAMMATOIRE NON STEROIDIEN (AINS),MELOXICAM
1266551,MEFOR CP PELL 1000MG B/60,BIGUANIDE ANTIDIABETIQUE,METFORMINE
1266541,MEFOR CP PELL 850MG B/60,BIGUANIDE ANTIDIABETIQUE,METFORMINE
3220238,MEFSAL CP 15MG B/10,ANTI-INFLAMMATOIRE NON STEROIDIEN (AINS),MELOXICAM
3220221,MEFSAL CP 7.5MG B/10,ANTI-INFLAMMATOIRE NON STEROIDIEN (AINS),MELOXICAM
8026628,MEGACEF GELULE 200 MG B/16,"ANTIBIOTIQUE, CEPHALOSPORINE",CEFIXIME
8018333,MEGACEF PDRE P SUSP BUV 100 MG/5ML FL/60 ML,"ANTIBIOTIQUE, CEPHALOSPORINE",CEFIXIME
8018293,MEGACEF PDRE P SUSP BUV 40MG/5ML FL/60ML,"ANTIBIOTIQUE, CEPHALOSPORINE",CEFIXIME
2484100,MEGASFON 150MG B/10 SUPPO,ANTISPASMODIQUE,PHLOROGLUCINOL
2484180,MEGASFON 80MG CP ORODISPERSIBLE B/20,ANTISPASMODIQUE,PHLOROGLUCINOL
3776360,MEGEST COMPRIME 160MG B/30 CP,ANTINEOPLASIQUE,MEGESTROL
2475466,MEGLIMER COMPRIME 2MG/500MG B/30,AUTRES ANTIDIABETIQUES,GLIMEPIRIDE + METFORMINE
3804995,MEILUROXIME 100MG/5ML PDR SUSP BUV/60ML,"ANTIBIOTIQUE, CEPHALOSPORINE",CEFIXIME
3804940,MEILUROXIME 200MG CPR PELL B/10,"ANTIBIOTIQUE, CEPHALOSPORINE",CEFIXIME
3065661,MELADININE CP 10 MG B/30,"DERMATOLOGIE, ANTIPSORIASIS",METHOXSALENE
3065678,"MELADININE FAIBLE SOL P APPL LOC 0,1% FL/24 ML","DERMATOLOGIE, ANTIPSORIASIS",METHOXSALENE
3065684,"MELADININE FORTE SOL P APPL LOC 0,75% FL/24 ML","DERMATOLOGIE, ANTIPSORIASIS",METHOXSALENE
8551981,MELCEF COMPRIMES DISPERSIBLES 400MG B/6,"ANTIBIOTIQUE, CEPHALOSPORINE",CEFIXIME
8551969,MELCEF CP 200 MG B/12,"ANTIBIOTIQUE, CEPHALOSPORINE",CEFIXIME
3370612,MELCEF SUSP BUV 100 MG/5 ML FL/60 ML,"ANTIBIOTIQUE, CEPHALOSPORINE",CEFIXIME
8082121,MELEX CP B/30,"PSYCHIATRIE, ANXYOLITIQUES",MEXAZOLAM
8084203,MELMET SR CP LP 1000 MG B/30,BIGUANIDE ANTIDIABETIQUE,METFORMINE
8024359,MELOBAX GELULE 15 MG B/20,ANTI-INFLAMMATOIRE NON STEROIDIEN (AINS),MELOXICAM
2279348,MELONAX 15 CP 15 MG B/10,ANTI-INFLAMMATOIRE NON STEROIDIEN (AINS),MELOXICAM
4215789,"MELONAX 7,5MG CPR B/10",ANTI INFLAMMATOIRE NON STEROIDIEN,MELOXICAM
3992791,MELOXICAM SP COMP 15MG B/10,ANTIINFLAMMATOIRE NON STEROIDIEN,MELOXICAM
3992807,"MELOXICAM SP COMP 7,5MG B/10",ANTIINFLAMMATOIRE NON STEROIDIEN,MELOXICAM
8552012,MELPRO CP DISPERS 200 MG B/10,"ANTIBIOTIQUE, CEPHALOSPORINE",CEFPODOXIME
8552101,MELPRO PDRE P SUSP BUV 100 MG/5ML FL/60 ML,"ANTIBIOTIQUE, CEPHALOSPORINE",CEFPODOXIME
8552041,MELROX COMPRIMES PELLICULES 500MG B/12,"ANTIBIOTIQUE, CEPHALOSPORINE",CEFUROXIME
8552118,MELROX PDRE P SUSP BUV 125 MG/5 ML FL/60 ML,"ANTIBIOTIQUE, CEPHALOSPORINE",CEFUROXIME
3842331,MENIZOL COMPRIMES 500MG BLISTER DE 10,ANTIBIOTIQUE ET ANTIPARASITAIRE,METRONIDAZOLE
2290172,MEPAFLOXIN 750 MG CP B/5,"ANTIBIOTIQUE, QUINOLONE",LEVOFLOXACINE
8071637,MEPHIXIM CP PELL 400 MG B/8,"ANTIBIOTIQUE, CEPHALOSPORINE",CEFIXIME
4030771,"MEPRAMIDE 0,1% SIROP FL/200 ML","GASTRO.E.H., NAUSEES ET VOMISSEMENTS",METOCLOPRAMIDE
8513957,MERO PLUS PDRE INJ 1G FL/30ML,"ANTIBIOTIQUE , AUTRES BETA-LACTAMINES",MEROPENEME
8489791,MEROCLASS AMP INJ 500 MG B/1,"ANTIBIOTIQUE , AUTRES BETA-LACTAMINES",MEROPENEME
8018353,MEROMENEG 500 MG IV INJECTABLE /1,"ANTIBIOTIQUE , AUTRES BETA-LACTAMINES",MEROPENEM
8875212,MEROMEX INJ IV 1G B/1,"ANTIBIOTIQUE , AUTRES BETA-LACTAMINES",MEROPENEME
3383315,MERON CP 4MG B/10,"CANCEROLOGIE, TRAITEMENTS ASSOCIES",ONDANSETRON
3024058,MERONIA PDRE INJ 1G FL/30ML,"ANTIBIOTIQUE , AUTRES BETA-LACTAMINES",MEROPENEME
3024010,MERONIA 500MG POUDRE POUR FERF 20ML,"ANTIBIOTIQUE , AUTRES BETA-LACTAMINES",MEROPENEME
3403501,MESOPRAL GELULES 20MG B/16,"GASTRO.E.H., ULCERE GASTRODUODENAL",ESOMEPRAZOLE
3403549,MESOPRAL GELULES 40MG B/16,"GASTRO.E.H., ULCERE GASTRODUODENAL",ESOMEPRAZOLE
8032407,MESPORIN SOL INJ 2000MG IV B/1,"ANTIBIOTIQUE, CEPHALOSPORINE",CEFTRIAXONE
8032399,MESPORIN SOL INJ 500MG IM B/1,"ANTIBIOTIQUE, CEPHALOSPORINE",CEFTRIAXONE
8017595,MESPORIN IM SOL INJ 1 G B/1,"ANTIBIOTIQUE, CEPHALOSPORINE",CEFTRIAXONE
5015541,MESPORIN IV SOL INJ 1 G B/1,"ANTIBIOTIQUE, CEPHALOSPORINE",CEFTRIAXONE
3610627,MESTINON CP 60 MG B/20,"NEUROLOGIE, ANTIMYASTHENIQUES",PYRIDOSTIGOMINE
8539030,METAFOR COMP 1000MG B/30,BIGUANIDE ANTIDIABETIQUE,METFORMIN
8493060,METAFOR COMP 500MG B/30,BIGUANIDE ANTIDIABETIQUE,METFORMIN
3811191,METALZINE SUSPENSION BUVABLE 50MG/ML FL/ 100ML,ANTALGIQUE/ANTIPYRETIQUE ET ANTISPASMODIQUE,METAMIZOLE
2472970,METAREN 500MG B/20,ANTALGIQUE/ANTIPYRETIQUE ET ANTISPASMODIQUE,METAMIZOLE SODIQUE
3495346,METCLASS G1 CP 1MG/500MG B/30,AUTRES ANTIDIABETIQUES,GLIMEPIRIDE + METFORMINE
3495384,METCLASS G2 CP 2MG/500MG B/30,AUTRES ANTIDIABETIQUES,GLIMEPIRIDE + METFORMINE
3495308,METCLASS SR CP 1000MG B/30,BIGUANIDE ANTIDIABETIQUE,METFORMINE
3325406,METEOSPASMYL GELULE 60 MG B/20,"GASTRO.E.H., TROUBLES FONCTIONNELS DIGESTIFS",SIMETHICONE+ALVERINE
3066933,METEOXANE GELULE B/60,"GASTRO.E.H., TROUBLES FONCTIONNELS DIGESTIFS",SIMETHICONE+PHLOROGLUCINOL
2480916,METERCID SOLUTION INJECTABLE 80MG/ML IM BT 6,"PARASITOLOGIE, ANTIPALUDIQUE",ARTEMETHER
3788875,METEX-G FORTE CPR 500MG/2MG B/100,AUTRES ANTIDIABETIQUES,GLIMEPIRIDE + METFORMINE
3289648,METFORAL COMPRIMES PELLICULES 1000MG B/30,BIGUANIDE ANTIDIABETIQUE,METFORMINE
8016784,METFORAL CP ENR 850 MG B/30,BIGUANIDE ANTIDIABETIQUE,METFORMINE
5611080,METFORMIN DENK COMPRIMES 850MG B/120,BIGUANIDE ANTIDIABETIQUE,METFORMINE
8026476,METFORMIN DENK CP 500 MG B/100,BIGUANIDE ANTIDIABETIQUE,METFORMINE
2251640,METFORMIN DENK 1000 CP 1 G B/30,BIGUANIDE ANTIDIABETIQUE,METFORMINE
3526255,METFORMIN GH CP LP 500MG B/100,BIGUANIDE ANTIDIABETIQUE,METFORMINE
3526262,METFORMIN GH LP CP 850MG B/100,BIGUANIDE ANTIDIABETIQUE,METFORMINE
3526279,METFORMIN GH SR CP 1000MG B/100,BIGUANIDE ANTIDIABETIQUE,METFORMINE
1448801,METFORMIN VIR COMP PELL 850MG B/50,BIGUANIDE ANTIDIABETIQUE,METFORMINE
2479254,METFORMINE AFRICURE COMPRIME 500MG B/20,BIGUANIDE ANTIDIABETIQUE,METFORMINE
2796718,METFORMINE ARROW LAB CP PELL 1000MG B/30,BIGUANIDES ANTIDIABETIQUES,METFORMINE
2197439,METFORMINE ARROW LAB CP PELL 1000MG B/90,BIGUANIDES ANTIDIABETIQUES,METFORMINE
3397183,METFORMINE BIOGARAN CP PELL 1000MG B/30,BIGUANIDE ANTIDIABETIQUE,METFORMINE
3397172,METFORMINE BIOGARAN CP PELL 500MG B/30,BIGUANIDE ANTIDIABETIQUE,METFORMINE
3397179,METFORMINE BIOGARAN CP PELL 850MG B/30,BIGUANIDE ANTIDIABETIQUE,METFORMINE
2256614,METFORMINE DENK CP 500 MG B/30,BIGUANIDE ANTIDIABETIQUE,METFORMINE
2257039,METFORMINE DENK CP 850 MG B/30,BIGUANIDE ANTIDIABETIQUE,METFORMINE
3355933,"METHERGIN SCT 0,125MG DRG B/30 R73","GYNECOLOGIE, OCYTOCIQUES",METHYLERGOMETRINE
3067074,METHOTREXATE AMP INJ 25 MG B/1,"CANCEROLOGIE, ANTINEOPLASIQUE",METHOTREXATE
3067080,METHOTREXATE AMP INJ 5 MG B/1,"CANCEROLOGIE, ANTINEOPLASIQUE",METHOTREXATE
3067068,"METHOTREXATE CP 2,5 MG B/20","CANCEROLOGIE, ANTINEOPLASIQUE",METHOTREXATE
3251406,METHOTREXATE R BELL. SOL INJ 500 MG FL/20 ML,"CANCEROLOGIE, ANTINEOPLASIQUE",METHOTREXATE
1144007,METMAX COMPRIME 500MG B/30,BIGUANIDE ANTIDIABETIQUE,METFORMINE
1144106,METMAX COMPRIME 850MG B/30,BIGUANIDE ANTIDIABETIQUE,METFORMINE
1144205,METMAX SR COMPRIME 1000MG B/30,BIGUANIDE ANTIDIABETIQUE,METFORMINE
2473057,METMIN SR 1000MG CP B/30,BIGUANIDES ANTIDIABETIQUES,METFORMINE
2473054,METMIN SR 500MG CP B/30,BIGUANIDES ANTIDIABETIQUES,METFORMINE
2473055,METMIN SR 850MG CP B/30,BIGUANIDES ANTIDIABETIQUES,METFORMINE
3848419,METNIZOLE SOLUTION POUR PERFUSION 500 MG/ FL 100 ML,ANTIBIOTIQUE ET ANTIPARASITAIRE,MÉTRONIDAZOLE
2482379,METNIZOLE 500MG SOLUTION PERF 100ML,ANTIBIOTIQUE ET ANTIPARASITAIRE,METRONIDAZOLE
3114706,METOX SUSP BUV FL/100ML,"ANTIBIOTIQUE, SULFAMIDE",SULFAMETHOXAZOLE TRIMETOPRIME
3226398,METRAZOL SOL INJ 500MG/100ML IV FL/100ML,ANTIBIOTIQUE ET ANTIPARASITAIRE,METRONIDAZOLE
3850794,METROCURE 200MG / 5ML SUSP BUV F / 100ML,ANTIBIOTIQUE ET ANTIPARASITAIRE,METRONIDAZOLE
3103633,METRODEX CP 500 MG B/20,ANTIBIOTIQUE ET ANTIPARASITAIRE,METRONIDAZOLE
2285610,METRODEX SUSP BUV FL/125ML,ANTIBIOTIQUE ET ANTIPARASITAIRE,METRONIDAZOLE
3689945,METRO-GH CP 500 MG B/30,ANTIBIOTIQUE ET ANTIPARASITAIRE,METRONIDAZOLE
3689939,METRO-GH SOL P PERF POCHE DE 100ML,ANTIBIOTIQUE ET ANTIPARASITAIRE,METRONIDAZOLE
3374481,METROGYL CP 250 MG B/20,ANTIBIOTIQUE ET ANTIPARASITAIRE,METRONIDAZOLE
3463161,METROL CP 500 MG B/20,ANTIBIOTIQUE ET ANTIPARASITAIRE,METRONIDAZOLE
3463208,METROL SIROP 125MG/5ML FL/120ML,ANTIBIOTIQUE ET ANTIPARASITAIRE,METRONIDAZOLE
3568255,METROL SOL INJ POUR PERF 5MG/ML FL/100ML,ANTIBIOTIQUE ET ANTIPARASITAIRE,METRONIDAZOLE
3054420,METROLEX F CP B/20,ANTIBIOTIQUE ET ANTIPARASITAIRE,METRONIDAZOLE + FURAZOLIDONE
3054468,METROLEX F ENFANT SUSP BUV FL/100 ML,ANTIBIOTIQUE ET ANTIPARASITAIRE,METRONIDAZOLE + FURAZOLIDONE
3106931,METRON SUSP BUV 125MG/5ML FL/120ML,ANTIBIOTIQUE ET ANTIPARASITAIRE,METRONIDAZOLE
5559539,"METRONIDAZOLE SOL INJ 0,5% FL/100 ML",ANTIBIOTIQUE ET ANTIPARASITAIRE,METRONIDAZOLE
3669044,METRONIDAZOLE AFRICURE 250MG CPR B / 20,ANTIBIOTIQUE ET ANTIPARASITAIRE,METRONIDAZOLE
3669099,METRONIDAZOLE AFRICURE 500MG CPR B / 20,ANTIBIOTIQUE ET ANTIPARASITAIRE,METRONIDAZOLE
5603080,METRONIDAZOLE CP 500 MG B/10,ANTIBIOTIQUE ET ANTIPARASITAIRE,METRONIDAZOLE
4531144,METRONIDAZOLE ENTRANCE 125MG/5ML SIROP FL 120ML,ANTIBIOTIQUE + ANTIPARASITAIRE,METRONIDAZOLE
5603090,METRONIDAZOLE SUSP BUV FL/60 ML,ANTIBIOTIQUE ET ANTIPARASITAIRE,METRONIDAZOLE
8014390,METRONIDAZOLE TM CP 500 MG B/20,ANTIBIOTIQUE ET ANTIPARASITAIRE,METRONIDAZOLE
8054509,METRONIDAZOLE UBI SOL INJ 500 MG FL/100 ML,ANTIBIOTIQUE ET ANTIPARASITAIRE,METRONIDAZOLE
8054076,METRONIDAZOLE UBI CP 250 MG PLAQUETTE DE 10,ANTIBIOTIQUE ET ANTIPARASITAIRE,METRONIDAZOLE
8054521,METRONIDAZOLE UBI SUSP BUV 125 MG / 5 ML FL/ 60 ML,ANTIBIOTIQUE ET ANTIPARASITAIRE,METRONIDAZOLE
8040950,METRONYL CP 500 MG B/20,ANTIBIOTIQUE ET ANTIPARASITAIRE,METRONIDAZOLE
2296990,METRONYL SUSP BUV FL/120 ML,ANTIBIOTIQUE ET ANTIPARASITAIRE,METRONIDAZOLE
8043606,METROWIN CP 250 MG B/20,ANTIBIOTIQUE ET ANTIPARASITAIRE,METRONIDAZOLE
3179055,METROWIN CP 500 MG PLAQUETTE DE 10,ANTIBIOTIQUE ET ANTIPARASITAIRE,METRONIDAZOLE
8146246,METROWIN PERFUSION 500MG FL/100ML,ANTIPARASITAIRE ET ANTIBIOTIQUE,METRONIDAZOLE
2481260,METROZ 500MG CPR BT 20,ANTIBIOTIQUE ANTIPARASITAIRE,METRONIDAZOLE
6190967,METROZAL CP 500 MG B/20,ANTIBIOTIQUE ET ANTIPARASITAIRE,METRONIDAZOLE
3555910,METROZAL OVULE 500 MG B/10,ANTIBIOTIQUE ET ANTIPARASITAIRE,METRONIDAZOLE
3555927,METROZAL SUSP BUV 125MG/5ML FL/120ML,ANTIBIOTIQUE ET ANTIPARASITAIRE,METRONIDAZOLE
3767931,MET-XL COMP 25MG B/30,ANTIHYPERTENSEUR BETA-BLOQUANT,SUCCINATE DE METOPROLOL
8114909,MET-XL CP LP 100 MG B/30,"ANTIHYPERTENSEUR, BÊTABLOQUANT",METOPROLOL
8173102,MET-XL CP LP 50 MG B/30,"ANTIHYPERTENSEUR, BÊTABLOQUANT",METOPROLOL
3452663,MEXIME CP 200 MG B/10,"ANTIBIOTIQUE, CEPHALOSPORINE",CEFIXIME
3569238,MEXIME PDRE P SUSP BUV 40MG/5ML FL/60ML,"ANTIBIOTIQUE, CEPHALOSPORINE",CEFIXIME
3569191,MEXIME SUSP BUV 100 MG/5 ML FL/60 ML,"ANTIBIOTIQUE, CEPHALOSPORINE",CEFIXIME
8040080,MEXINE AMP INJ 200 MG B/10,"GASTRO.E.H., ULCERE GASTRODUODENAL",CIMETIDINE
2479026,MEZACAR COMPRIMES PELLICULES 200MG B/30,"NEUROLOGIE, ANTIEPILEPTIQUES",CARBAMAZEPINE
3463321,MEZOL SUSP BUV FL/10 ML,"PARASITOLOGIE, ANTHELMINTIQUE",ALBENDAZOLE
3045749,MICAZOLE GEL ORAL TUBE 20G,"STOMATOLOGIE, ANTIFONGIQUES BUCCAUX",MICONAZOLE
3011229,MICFOX COMP DISPERS 100MG B/10,"ANTIBIOTIQUE, CEPHALOSPORINE",CEFIXIME
3011236,MICFOX COMP PELLICULES 200MG B/10,"ANTIBIOTIQUE, CEPHALOSPORINE",CEFIXIME
3011243,MICFOX SUSP BUV 100MG/5ML FL/60ML,"ANTIBIOTIQUE, CEPHALOSPORINE",CEFIXIME
4208157,MICOBAN OVULE 100MG B/6,"GYNECOLOGIE,TRAITEMENT DES VULVOVAGINITES",MICONAZOLE
1304461,MICOLAR GEL 2% T/15G,"DERMATOLOGIE, ANTIFONGIQUE",MICONAZOLE
8254734,MICOZAL CREME 2% T/15 G,"DERMATOLOGIE, ANTIFONGIQUE LOCAL",KETOCONAZOLE
8023101,MICOZAL 200MG CP 200 MG B/10,ANTIFONGIQUE SYSTEMIQUE,KETOCONAZOLE
8027323,MICROFLOX CP 500 MG B/10,"ANTIBIOTIQUE, QUINOLONE",CIPROFLOXACINE
3067476,MICROLAX ADULTE GEL RECTAL AD B/6,"GASTRO.E.H., CONSTIPATION",SORBITOL+SODIUM LAURYL SULFOACETATE+SODIUM CITRATE
3211743,MICROLAX BEBE GEL RECTAL NOUR B/6,"GASTRO.E.H., CONSTIPATION",SORBITOL+SODIUM LAURYL SULFOACETATE+SODIUM CITRATE
3261521,MICROMOX COMPRIMES ENROBES SECABLES 400MG B/15,"ANTIBIOTIQUE, QUINOLONE",MOXIFLOXACINE
3067499,MICROPAQUE SUSP BUV OU RECTALE FL/150 ML,OPACIFICATION DU TUBE DIGESTIF,BARYUM SULFATE
3228838,MICROPIME PDRE P P INJ 1000 MG B/1,"ANTIBIOTIQUE, CEPHALOSPORINE",CEFEPIME
3159996,MIDAZOLE SOL INJ POUR PERF 5MG/ML FL/100ML,ANTIBIOTIQUE ET ANTIPARASITAIRE,METRONIDAZOLE
3484553,MIFLASONE GELULE 100µG B/60,ANTI-INFLAMMATOIRE STEROIDIEN (AIS),BECLOMETASONE
3484582,MIFLASONE GELULE 200µG B/60,ANTI-INFLAMMATOIRE STEROIDIEN (AIS),BECLOMETASONE
3565955,MIFLASONE GELULE 400µG B/60,ANTI-INFLAMMATOIRE STEROIDIEN (AIS),BECLOMETASONE
3434874,MIGRALGINE GELULE B/12,"ANTALGIQUE/ANTIPYRETIQUE, ASSOCIATION CONTENANT UN OPIACE",PARACETAMOL+CAFEINE+CODEINE
8017402,MIGRETIL CP B/20,"NEUROLOGIE, ANTIMIGRAINEUX ET MEDICAMENT DES ALGIES FACIALES",PARACETAMOL+ERGOTAMINE+CAFEINE+ALCALOIDES DE LA BELLADONE
3315750,MINIRINMELT CP LYOPHILISE ORAL 60MCG B/30,TTT DIABETE INSIPIDE D'ORIGINE CENTRALE PITRESSOSENSIBLE,DESMOPRESSINE
3340110,MIOREL AMP INJ 4 MG B/6,"RHUMATOLOGIE, MYORELAXANT",THIOCOLCHICOSIDE
3339874,MIOREL GELULE 4 MG B/12,"RHUMATOLOGIE, MYORELAXANT",THIOCOLCHICOSIDE
3998670,MIPROGEN CAPSULES VAGINALES 200MG B/30,"GYNECOLOGIE, PROGESTATIF",PROGESTERONE
4035803,MIRCERA 50MCG SERINGUE PRE REMPLIE B/1,"HEMATOLOGIE, ANTIANEMIQUES",METHOXY POLYETHYLENE GLYCOL + EPOETINE BETA
3035703,MIRCERA 75MCG SERINGUE PRE REMPLIE B/1,"HEMATOLOGIE, ANTIANEMIQUES",METHOXY POLYETHYLENE GLYCOL + EPOETINE BETA
3439197,MISIQUIN CP PELL 40MG/320MG B/9,"PARASITOLOGIE, ANTIPALUDIQUE",DIHYDROARTEMISININE + PIPERAQUINE
8437601,MISIQUIN CP 40MG/320MG B/12,"PARASITOLOGIE, ANTIPALUDIQUE",DIHYDROARTEMISININE + PIPERAQUINE
3550663,MISIQUIN PDRE POUR SUSP BUVABLE 90MG/ 270MG FL/60ML,"PARASITOLOGIE, ANTIPALUDIQUE",DIHYDROARTEMISININE + PIPERAQUINE
3307532,MITOSYL PDE T/150 G,"DERMATOLOGIE, TOPIQUE A ACTIVITE TROPHIQUE OU PROTECTRICE",HUILE DE FOIE DE POISSON (RETINOL)+OXYDE DE ZINC
3506237,MITOSYL PDE T/65 G,"DERMATOLOGIE, TOPIQUE A ACTIVITE TROPHIQUE OU PROTECTRICE",HUILE DE FOIE DE POISSON (RETINOL)+OXYDE DE ZINC
3361827,MIXEL SUSPENSION 100MG/5ML FL/60ML,"ANTIBIOTIQUE, CEPHALOSPORINE",CEFIXIME
4025675,MIXTARD 30 HM 100UI SOL INJ 100 UI/ML FL/10 ML,ANTIDIABETIQUES ( INSULINES),INSULINE HUMAINE BIOGENETIQUE
3335994,MIXTARD 30 HM 100UI SOL INJ 100UI/ML FL/3ML PENFILL,ANTIDIABETIQUES ( INSULINES),INSULINE HUMAINE BIOGENETIQUE
2472971,MIZOLE CREME 2% T/15 G,"DERMATOLOGIE, ANTIFONGIQUE",MICONAZOLE
9001633,MIZOLGAN CPR 500MG BT20,ANTALGIQUE/ANTIPYRETIQUE ET ANTISPASMODIQUE,METAMIZOLE SODIQUE
9001556,MIZOLGAN INJ AMP 2G5/5ML BT5,ANTALGIQUE/ANTIPYRETIQUE ET ANTISPASMODIQUE,METAMIZOLE SODIQUE
3458891,"MOBINAD SOLUTION INJECTABLE 15MG/1,5ML BT/3",ANTI-INFLAMMATOIRE NON STEROIDIEN (AINS),MELOXICAM
2473588,MOBITIL 15 MG CP B/10,ANTI INFLAMMATOIRE NON STEROIDIEN (AINS),MELOXICAM
3121454,MODECATE AMP INJ 125 MG B/1,"PSYCHIATRIE, NEUROLEPTIQUES",FLUPHENAZINE
3121460,MODECATE AMP INJ 25 MG B/3,"PSYCHIATRIE, NEUROLEPTIQUES",FLUPHENAZINE
3170429,MODOPAR GELULE 125 MG B/60,"NEUROLOGIE, ANTIPARKINSONIENS",BENSERAZIDE+LEVODOPA
3220937,MODUCREN CP B/30,ANTIHYPERTENSEUR BETA BLOQUANT ET DIURETIQUE,AMILORIDE+HYDROCHLOROTHIAZIDE+TIMOLOL
3149240,MODURETIC CP B/30,"ANTIHYPERTENSEUR, DIURETIQUE",AMILORIDE+HYDROCHLOROTHIAZIDE
3558538,MO-FLOREN CY FL/5 ML,"OPHTALMOLOGIE, ANTIBACTERIENS LOCAUX",MOXIFLOXACINE
8615920,MOLGAN 200MG CP B/20,ANTI-INFLAMMATOIRE NON STEROIDIEN,ACIDE TIAPROFENIQUE
2473657,MOLURAV COMP 5MG/10MG B/10,"PNEUMOLOGIE, ANTIASTHMATIQUE","LEVOCETIRIZINE, MONTELUKAST"
2479597,MOMBRAZONE CREME TUBE 30G,"DERMATOLOGIE,DERMOCORTICOIDE(AIS)",MOMETASONE
2474225,MOMETOX CREME T/15G,"DERMATOLOGIE,DERMOCORTICOIDE(AIS)",MOMETASONE
2473266,MOMEX 50MCG SPRAY NASAL FL/140 DOSES,"ORL, RHINITES ALLERGIQUES",MOMETASONE FUROATE
8099647,MONAAMI CP 250MG/10MG B/20,"NEUROLOGIE, ANTIMYASTHENIQUES",ACIDE MEFENAMIQUE + DICYCLOMINE CHLORYDRATE
3415862,MONOPROST 50 µG/ML COLLYRE EN SOLUTION EN RECIPIENTS UNIDOSES B/30,"OPHTALMOLOGIE, ANTIGLAUCOMATEUX",LATANOPROST
3357228,MONO-TILDIEM LP GELULE LP 200 MG B/28,"ANTIHYPERTENSEUR, INHIBITEUR CALCIQUE",DILTIAZEM
3357211,MONO-TILDIEM LP GELULE LP 300 MG B/28,"ANTIHYPERTENSEUR, INHIBITEUR CALCIQUE",DILTIAZEM
2473676,MONTA PLUS 10MG/5MG CP B/10,"PNEUMOLOGIE, ANTIASTHMATIQUE","LEVOCETIRIZINE, MONTELUKAST"
8715477,MONTAS COMP PELL 10MG B/30,"PNEUMOLOGIE, ANTIASTHMATIQUE",MONTELUKAST
8715431,MONTAS COMP PELL 4MG B/30,"PNEUMOLOGIE, ANTIASTHMATIQUE",MONTELUKAST
8715394,MONTAS COMP PELL 5MG B/30,"PNEUMOLOGIE, ANTIASTHMATIQUE",MONTELUKAST
3223017,MONTEC CP 10 MG B/14,"PNEUMOLOGIE, ANTI-ASMATHIQUE",MONTELUKAST
3222935,MONTEC CP 5MG B/14,"PNEUMOLOGIE, ANTI-ASMATHIQUE",MONTELUKAST
2479025,MONTULAR COMPRIMES PELLICULES 10MG B/30,"PNEUMOLOGIE, ANTIASTHMATIQUE",MONTELUKAST
3320923,MONURIL SOL BUV 3 G/SACH B/1,"INFECTIOLOGIE, DIVERS ANTIBACTERIENS",FOSFOMYCINE TROMETAMOL
3413004,MOPRAL GELULES 10MG MICROGRANULES RESISTANTS EN B/14,"GASTRO.E.H., ULCERE GASTRODUODENAL",OMEPRAZOLE
8004747,MOPRAZ CP GASTRO-RESISTANT 20 MG B/30,"GASTRO.E.H., ULCERE GASTRODUODENAL",OMEPRAZOLE
3234112,MOTILIUM CP 10 MG B/40,"GASTRO.E.H., NAUSEES ET VOMISSEMENTS",DOMPERIDONE
3234098,MOTILIUM SUSP BUV 1% FL/200 ML,"GASTRO.E.H., NAUSEES ET VOMISSEMENTS",DOMPERIDONE
3842386,MOXIL GELULES 500MG BLISTER DE 10,"ANTIBIOTIQUES, PENICILLINE",AMOXICILLINE
2481796,"MOXILAND INJECTABLE 1,2G B/1","ANTIBIOTIQUE, PENICILLINE",AMOXICILLINE + ACIDE CLAVULANIQUE
3785492,MOXILAND PDRE SUSP BUV EN SACHET 1G/125MG B/16,"ANTIBIOTIQUE, PENICILLINE",AMOXICILLINE + ACIDE CLAVULANIQUE
3785508,"MOXILAND PDRE SUSP BUV EN SACHET 500MG/ 62,5MG B/16","ANTIBIOTIQUE, PENICILLINE",AMOXICILLINE + ACIDE CLAVULANIQUE
3785478,"MOXILAND PDRE SUSP BUV 250MG/31,25MG FL/ 60ML","ANTIBIOTIQUE, PENICILLINE",AMOXICILLINE + ACIDE CLAVULANIQUE
3785485,"MOXILAND PDRE SUSP BUV 500MG/62,5MG FL/ 60ML","ANTIBIOTIQUE, PENICILLINE",AMOXICILLINE + ACIDE CLAVULANIQUE
8467507,MRITIZ 5MG/10MG CPR ENR B/10,"PNEUMOLOGIE, ANTIASTHMATIQUE","LEVOCETIRIZINE, MONTELUKAST"
3283349,MUCOPAIN GEL BUCCAL TUBE DE 15G,"STOMATOLOGIE,BAIN DE BOUCHE,GARGARISME ET GELS",BENZOCAINE
3356357,MUKESTAT CP PELL 200 MG B/10,ANTIFONGIQUE SYSTEMIQUE,FLUCONAZOLE
8015372,MUKESTAT CP 150 MG B/4,ANTIFONGIQUE SYSTEMIQUE,FLUCONAZOLE
8028742,MUMFER CP B/30,"HEMATOLOGIE, ANTIANEMIQUES",HYDROXYDE POLYMALTOSE DE FER+ACIDE FOLIQUE
8028709,MUMFER SIROP FL/150 ML,"HEMATOLOGIE, ANTIANEMIQUES",HYDROXYDE POLYMALTOSE DE FER
2476998,MUSA GELULES 200MG B/30,AINS,CELECOXIB
2473047,MUSCOFLEX GELULE B/20,"RHUMATOLOGIE, MYORELAXANT",THIOCOLCHICOSIDE
3517614,MYCOAPAISYL CREME 1% T/30 G,"DERMATOLOGIE, ANTIFONGIQUE LOCAL",ECONAZOLE
3042977,MYCODERME CREME 1% T/40 G,"DERMATOLOGIE, ANTIFONGIQUE LOCAL",ECONAZOLE
8594186,MYCOFLU GELULE 150MG B/4,ANTIFONGIQUE SYSTEMIQUE,FLUCONAZOLE
8104064,MYCOLEX CREME 2% T/20 G,"DERMATOLOGIE, ANTIFONGIQUE LOCAL",MICONAZOLE
2008649,MYCOSPOR CREME 1% T/15 G,"DERMATOLOGIE, ANTIFONGIQUE LOCAL",BIFONAZOLE
2008655,MYCOSPOR SOL P APPL LOC 1% FL/15 ML,"DERMATOLOGIE, ANTIFONGIQUE LOCAL",BIFONAZOLE
3069469,MYCOSTATINE PDRE P SUSP BUV FL/24 ML,ANTIFONGIQUE SYSTEMIQUE,NYSTATINE
3255746,MYCOSTER CREME 1% T/30 G,"DERMATOLOGIE, ANTIFONGIQUE LOCAL",CICLOPIROXOLAMINE
3412482,MYCOSTER PDRE P APPL LOC 1% FL/30 G,"DERMATOLOGIE, ANTIFONGIQUE LOCAL",CICLOPIROXOLAMINE
3341894,MYCOSTER SOL P APPL LOC 8% FL/3 ML,"DERMATOLOGIE, ANTIFONGIQUE LOCAL",CICLOPIROXOLAMINE
3304114,MYCOSTER SPRAY SOL P APPL LOC 1% FL/30 ML,"DERMATOLOGIE, ANTIFONGIQUE LOCAL",CICLOPIROXOLAMINE
3006218,MYCOTRAX GELULE 100MG B/4,ANTIFONGIQUE SYSTEMIQUE,ITRACONAZOLE
5690674,MYCOTRIX CREME TUBE DE 50G,"DERMATOLOGIE, ANTIFONGIQUE",IRGASAN + ALLANTOINE + CETRIMIDE
8716956,MYCOVA SUSP 50MG/5ML FL60ML,ANTIFONGIQUE SYSTEMIQUE,FLUCONAZOLE
8716979,MYCOVA 100MG CP B/10,ANTIFONGIQUE SYSTEMIQUE,FLUCONAZOLE
2475326,MYCOXIB COMP 90MG,AINS,ETORICOXIB
3069498,"MYDRIATICUM CY 0,5% FL/10 ML","OPHTALMOLOGIE, MYDRIATIQUES",TROPICAMIDE
2474552,MYFIX COMP 200MG B/10,"ANTIBIOTIQUE, CEPHALOSPORINE",CEFIXIME
2474555,MYFIX PDRE POUR SUSP BUV 100MG/5ML FL/60ML,"ANTIBIOTIQUE, CEPHALOSPORINE",CEFIXIME
3076798,MYFORTIC CP PELL 360MG B/120,IMMUNOLOGIE ET MEDICAMENTS DE LA TRANSPLANTATION,ACIDE MYCOPHENOLIQUE
2475327,MYGRIPPE 500MG/5MG/25MG/30MG PLAQUETTE DE 10,"ORL, RHUME ET GRIPPE",PARACETAMOL + PHENYLEPHRINE + DIPHENYLDRAMINE +CAFEINE
3583072,MYHEPAL CP 360MG B/9,"GASTRO E H, HEPATITES VIRALES CHRONIQUES",SOFOSBUVIR + VELPATASVIR
3746527,MYLEUGYN LP OVULE LP 150 MG B/1,"GYNECOLOGIE,TRAITEMENT DES VULVOVAGINITES",ECONAZOLE
3609910,"MYNOL SOL INJ 2,5G/5ML IM/IV B/5",ANTALGIQUE/ANTIPYRETIQUE ET ANTISPASMODIQUE,METAMIZOLE SODIQUE
3069535,MYOLASTAN CP ENR 50 MG B/20,"RHUMATOLOGIE, MYORELAXANT",TETRAZEPAM
3179376,MYOLAX CP 4 MG B/12,"RHUMATOLOGIE, MYORELAXANT",THIOCOLCHICOSIDE
8098671,MYONIT SR CP LP 2.6MG B/30,"CARDIOLOGIE, TRAITEMENT DE L'INSUFFISANCE CORONARIENNE",TRINITRINE
3818299,MYOXERIL COMP B/20,ANTISPASMODIQUE,CYCLOBENZAPRINE
6241245,MYTELASE CP 10 MG B/50,"NEUROLOGIE, ANTIMYASTHENIQUES",AMBENONIUM CHLORURE
3356341,NAABAK CY FL/5 ML,"OPHTALMOLOGIE, ANTIALLERGIQUES LOCAUX",ACIDE N- ACETYL ASPARTYL GLUTAMIQUE
3267028,NAAXIA CY FL/5 ML,"OPHTALMOLOGIE, ANTIALLERGIQUES LOCAUX",ACIDE N- ACETYL ASPARTYL GLUTAMIQUE
5750875,NABILOC COMPRIME 5MG B/30,"ANTIHYPERTENSEUR, BÊTABLOQUANT",NEBIVOLOL
3036945,NABYOL FORTE CP B/30,ANTIBACTERIENS URINAIRES,NITROXOLINE
3320457,NADICLOX PDE 2% T 15G,"DERMATOLOGIE, ANTIBACTERIEN LOCAL",ACIDE FUSIDIQUE
8064637,"NAGFEN GEL 2,5% T/120G",AINS,KETOPROFENE
8046289,NALGESIC CP 300 MG B/12,ANTI-INFLAMMATOIRE NON STEROIDIEN (AINS),FENOPROFENE
8076379,NALGESIC CP 300 MG B/36,ANTI-INFLAMMATOIRE NON STEROIDIEN (AINS),FENOPROFENE
3993101,"NARISOL ADULTE SPRAY NASAL AD 0,1% FL/10 ML","ORL, DECONGESTIONNANTS",XYLOMETAZOLINE
3993095,"NARISOL PEDIATRIQUE SPRAY NASAL ENF 0,05% FL/10 ML","ORL, DECONGESTIONNANTS",XYLOMETAZOLINE
5015683,NASACORT SUSP P INHAL FL/15 ML,"ORL, RHINITES ALLERGIQUES",TRIAMCINOLONE
3370544,"NASO-GH SOL P PULV NAS 0,05% FL/10 ML","ORL, DECONGESTIONNANTS",XYLOMETAZOLINE
3315200,"NASO-GH SOL P PULV NAS 0,1% FL/10 ML","ORL, DECONGESTIONNANTS",XYLOMETAZOLINE
5050058,NASONEX 120 SOL P PULV NAS 50 MICROGRAMME FL/120 DOSES,"ORL, RHINITES ALLERGIQUES",MOMETASONE
5050057,NASONEX 40 SOL P PULV NAS 50µG FL/40 DOSES,"ORL, RHINITES ALLERGIQUES",MOMETASONE
3241035,NATRIXAM CP 1.5MG/10MG B/30,AUTRES ASSOCIATIONS D'ANTIHYPERTENSEURS,INDAPAMIDE + AMLODIPINE
3240991,NATRIXAM CP 1.5MG/5MG B/30,AUTRES ASSOCIATIONS D'ANTIHYPERTENSEURS,INDAPAMIDE + AMLODIPINE
3033937,NAUSELIUM CP 10 MG B/20,"GASTRO.E.H., NAUSEES ET VOMISSEMENTS",DOMPERIDONE
3033920,NAUSELIUM 1MG/ML SIROP FL/200 ML,"GASTRO.E.H., NAUSEES ET VOMISSEMENTS",DOMPERIDONE
3070308,NAUTAMINE CP 90 MG B/20,"GASTRO.E.H., NAUSEES ET VOMISSEMENTS",DIPHENHYDRAMINE
2011410,NAVIDOXINE CP 25 MG B/10,"NEUROLOGIE, ANTIVERTIGINEUX",PYRIDOXINE (VITAMINE B6) +MECLOZIDE
3036952,NEALGYL CP ORODISP 80MG B/10,ANTISPASMODIQUE,PHLOROGLUCINOL
3164854,NEBCINE 25MG AMP INJ 25 MG B/1,"ANTIBIOTIQUE, AMINOSIDE",TOBRAMYCINE
3164860,NEBCINE 75MG AMP INJ 75 MG B/1,"ANTIBIOTIQUE, AMINOSIDE",TOBRAMYCINE
3641743,"NEBIEM CP 2,5MG B/30","ANTIHYPERTENSEUR, BÊTABLOQUANT",NEBIVOLOL
3641798,NEBIEM CP 5MG B/30,"ANTIHYPERTENSEUR, BÊTABLOQUANT",NEBIVOLOL
8058341,NEBILONG CP 5 MG B/30,"ANTIHYPERTENSEUR, BÊTABLOQUANT",NEBIVOLOL
8060639,NEBILONG-AM CP PELL B/30,AUTRES ASSOCIATIONS D'ANTIHYPERTENSEURS,"AMLODIPINE, NEBIVOLOL"
8058281,NEBILONG-H CP 5MG/12.5MG B/30,ANTIHYPERTENSEUR BETA BLOQUANT ET DIURETIQUE,"NEBIVOLOL, HYDROCHLOROTHIAZIDE"
3409398,NEBILUS CP 5 MG B/30,"ANTIHYPERTENSEUR, BÊTABLOQUANT",NEBIVOLOL
3974091,NEBIVOLOL BIOGARAN COMPRIME 5MG B/30,"ANTIHYPERTENSEUR, BÊTABLOQUANT",NEBIVOLOL
3560211,NEBIVOLOL GH CP 5 MG B/30,"ANTIHYPERTENSEUR, BÊTABLOQUANT",NEBIVOLOL
2474220,NEBOLITOX POMMADE T/50G,"RHUMATOLOGIE, DOULEURS D'ORIGINE MUSCULAIRE",NIMESULIDE + METHYL SALICYLATE + MENTHOL
8091829,NECIN-3 PDE T/15 G,"DERMATOLOGIE, ANTIBACTERIEN LOCAL",POLYMYXINE + BACITRACINE + NEOMYCINE
3300299,NECTRAM INJ 1G IM / IV B/1,"ANTIBIOTIQUE, CEPHALOSPORINE",CEFTRIAXONE
3990711,NEFIAN CP 30 MG B/30,"GASTRO.E.H., ULCERE GASTRODUODENAL",RABEPRAZOLE
2474607,NEO GABA GELULES 75MG B/14,"NEUROLOGIE, ANTIEPILEPTIQUES",PREGABALINE
3858837,NEOCIN POMMADE TUBE DE 15G,"DERMATOLOGIE, ANTIBACTERIEN LOCAL",POLYMYCINE B + BACITRACINE + NEOMYCINE
8594192,NEOCIP CP PELL 500 MG B/10,"ANTIBIOTIQUE, QUINOLONE",CIPROFLOXACINE
3276576,NEOCODION CP ENR B/20,"PNEUMOLOGIE, ANTITUSSIF CONTENANT UN OPIACE",CODEINE
3071006,NEOCODION SIROP AD FL/180 ML,"PNEUMOLOGIE, ANTITUSSIF CONTENANT UN OPIACE",CODEINE
3071012,NEOCODION SIROP ENF FL/125 ML,"PNEUMOLOGIE, ANTITUSSIF CONTENANT UN OPIACE",CODEINE
3259543,NEOCODION SIROP NOUR FL/125 ML,"PNEUMOLOGIE, ANTITUSSIF",ACIDE ASCORBIQUE (VITAMINES) +GRINDELIA+BENZOATE DE SODIUM+BENZOATE DESODINE+POLYGALALE GIVINGUETIA+POLYGALA
6283022,NEOFLU CP 500MG/25MG/2MG B/10 DETAIL,"ORL,ANTI-GRIPPE,ANTI-RHUME",PARACETAMOL+CHLORPHENIRAMINE+PHENYLEPHRINE
8074021,NEOMDEXSOL CY FL/5 ML,"OPHTALMOLOGIE, ANTI-INFLAMMATOIRES ET ANTIBACTERIENS LOCAUX",NEOMYCINE + DEXAMETHASONE
3616227,NEOMERCAZOLE CP 20 MG B/30,"ENDOCRINOLOGIE, ANTI-THYROIDIEN DE SYNTHESE",CARBIMAZOLE
3070768,NEOMERCAZOLE CP 5 MG B/50,"ENDOCRINOLOGIE, ANTI-THYROIDIEN DE SYNTHESE",CARBIMAZOLE
8042162,NEOPRED CY FL/5 ML,"OPHTALMOLOGIE, ANTI-INFLAMMATOIRES ET ANTIBACTERIENS LOCAUX",NEOMYCINE+PREDNISOLONE
3076828,NEORAL CAPS 25MG B/50,IMMUNOLOGIE ET MEDICAMENTS DE LA TRANSPLANTATION,CICLOSPORINE
3076804,NEORAL CAPS 50MG B/50,IMMUNOLOGIE ET MEDICAMENTS DE LA TRANSPLANTATION,CICLOSPORINE
3021304,NEOSYNEPHRINE CY 10% FL/10 ML,"OPHTALMOLOGIE, ANTIGLAUCOMATEUX",PHENYLEPHRINE
2475328,NERF FORTE P GELULES 75MG/750MG B/30,"RHUMATOLOGIE, AUTRES",PREGABALINE + MECOBALAMINE
3223253,NESTEFFER CP EFF 1G B/8,ANTALGIQUE/ANTIPYRETIQUE,PARACETAMOL
3223246,NESTEFFER CP EFF 500 MG B/16,ANTALGIQUE/ANTIPYRETIQUE,PARACETAMOL
3990148,NETAZOX COMPRIME 500MG B/6,ANTI-INFECTIEUX,NITAZOXANIDE
6337103,NETAZOX DT COMPRIME 200MG B/6,ANTI-INFECTIEUX,NITAZOXANIDE
3625767,NETILDEX COLLYRE COLLYRE 3MG/ML FL/5ML,"OPHTALMOLOGIE, ANTIBACTERIEN LOCAL",NETILMICINE + DEXAMETHASONE
3245251,NETROMICINE 100 AMP INJ 100 MG B/1,"ANTIBIOTIQUE, AMINOSIDE",NETILMICINE
3245245,NETROMICINE 150 AMP INJ 150 MG B/1,"ANTIBIOTIQUE, AMINOSIDE",NETILMICINE
3625811,NETTACIN COLLYRE 3% FL/5ML,"OPHTALMOLOGIE, ANTIBACTERIEN LOCAL",NETILMICINE
8158893,NEUCIPRO CP 500 MG B/14,"ANTIBIOTIQUE, QUINOLONE",CIPROFLOXACINE
8158901,NEUCIPRO CP 750 MG B/14,"ANTIBIOTIQUE, QUINOLONE",CIPROFLOXACINE
8059659,"NEUCIPRO CY 0,3% FL/5 ML","OPHTALMOLOGIE, ANTIBACTERIENS LOCAUX",CIPROFLOXACINE
8495780,NEUCIPRO SOL INJ 200MG FL/100ML,"ANTIBIOTIQUE, QUINOLONE",CIPROFLOXACINE
2471923,"NEUCLAV INJECTABLE FLACON POUDRE POUR INJECTION 1,2 G","ANTIBIOTIQUE, PENICILLINE",AMOXICILLINE + ACIDE CLAVULANIQUE
2471847,NEUCLAV 1G/125MG POUDRE POUR SUSPENSION BUVABLE EN SACHET BOITE DE 16,"ANTIBIOTIQUE, PENICILLINE",AMOXICILLINE + ACIDE CLAVULANIQUE
2471750,"NEUCLAV 250MG/31,25MG POUDRE POUR SUSPENSION BUVABLE EN SACHET BOITE DE 16","ANTIBIOTIQUE, PENICILLINE",AMOXICILLINE + ACIDE CLAVULANIQUE
2471648,"NEUCLAV 500MG/62,5MG POUDRE POUR SUSPENSION BUVABLE EN SACHET BOITE DE 16","ANTIBIOTIQUE, PENICILLINE",AMOXICILLINE + ACIDE CLAVULANIQUE
2481930,NEUCLOX DS 250 MG/5ML POUDRE POUR SUSPENSION BUVABLE FLACON DE 100ML,"ANTIBIOTIQUE, PENICILLINE",FLUCLOXACILLINE
2483073,NEUCLOX 125 MG/5ML POUDRE POUR SUSPENSION BUVABLE FLACON DE 100ML,"ANTIBIOTIQUE, PENICILLINE",FLUCLOXACILLINE
2481847,NEUCLOX 500MG GELULES BOITES DE 12,"ANTIBIOTIQUE, PENICILLINE",FLUCLOXACILLINE
8492592,NEUDOR CY 2% FL/5 ML,"OPHTALMOLOGIE, ANTIGLAUCOMATEUX",DORZOLAMIDE
8492586,NEUDOR T CY FL/5 ML,"OPHTALMOLOGIE, ANTIGLAUCOMATEUX",DORZOLAMIDE + TIMOLOL
2471925,NEUESOME D GELULES 40 MG BOITE DE 30 GÉLULES,"GASTRO.E.H., ULCERE GASTRODUODENAL",ESOMEPRAZOLE + DOMPERIDONE
2471924,NEUESOME INJECTABLE FLACON DE 40 MG,"GASTRO.E.H., ULCERE GASTRODUODENAL",ESOMEPRAZOLE
2473068,NEUFER PLUS CP BOITES DE 30 CP,"HEMATOLOGIE, ANTIANEMIQUE",FER
2473067,NEUFER PLUS SIROP FLACON DE 200 ML,"HEMATOLOGIE, ANTIANEMIQUE",FER
8059636,"NEUGEN CY 0,3% FL/5 ML","OPHTALMOLOGIE, ANTIBACTERIENS LOCAUX",GENTAMICINE
2471928,NEUIBU P FORTE CP BOITE DE 4,ANTALGIQUE/ANTIPYRETIQUE + AINS,IBUPROFENE + PARACETAMOL
2472862,NEUIBU P FORTE SIROP FLACON DE 60 ML,ANTALGIQUE/ANTIPYRETIQUE + AINS,IBUPROFENE + PARACETAMOL
8492617,NEULATAN CY 0.005% FL/2.5ML,"OPHTALMOLOGIE, ANTIGLAUCOMATEUX",LATANOPROST
8492600,NEULATAN T CY FL/2.5ML,"OPHTALMOLOGIE, ANTIGLAUCOMATEUX",LATANOPROST + TIMOLOL
3186962,NEULEPTIL CP 25 MG B/50,"PSYCHIATRIE, NEUROLEPTIQUES",PROPERICIAZINE
1299851,NEULORA CP 5 MG B/30,"ALLERGOLOGIE,ANTIHISTAMINIQUE",DESLORATADINE
2472860,"NEULORA SIROP 2,5 MG FLACON DE 100 ML","ALLERGOLOGIE, ANTIHISTAMINIQUE",DESLORATADINE
3689941,NEUMETRO CP 500 MG B/30,ANTIBIOTIQUE ET ANTIPARASITAIRE,METRONIDAZOLE
2473073,NEUMETRO N FORTE SIROP FLACON DE 60 ML,ASSOCIATION D'ANTIBIOTIQUES,METRONIDAZOLE +NORFLOXACINE
9036117,NEUPOGEN 300MCG SERINGUE PRE REMPLIE B/1,"CANCEROLOGIE, TRAITEMENTS ASSOCIES",FILGRASTINE
9117781,NEURAL GELLULES 150MG B/30,"NEUROLOGIE, ANTIEPILEPTIQUES",PREGABALINE
9117791,NEURAL GELULES 75MG B/30,"NEUROLOGIE, ANTIEPILEPTIQUES",PREGABALINE
2471930,NEURODOL R GELULES BOITES DE 30GELULES,ANTALGIQUE/ANTIPYRETIQUE + AINS,RABEPRAZOL + ACECLOFENAC + PARACETAMOL
3069083,NEUROGAB GELULES 75MG B/30,"NEUROLOGIE, ANTIEPILEPTIQUES",PREGABALINE
3993088,NEUROGIL CP 75 MG B/20,"NEUROLOGIE, ANTIEPILEPTIQUES",PREGABALINE
3997468,NEUROGIL GELULE 75MG B/50,"NEUROLOGIE, ANTIEPILEPTIQUES",PREGABALINE
3162704,NEUROGIL PLUS GELULE 75MG/750MG B/30,"NEUROLOGIE, ANTIEPILEPTIQUES",PREGABALINE
2479649,NEUROPAT-P GELULE B/30,"NEUROLOGIE, ANTIEPILEPTIQUES",PREGABALINE
2484792,NEUROTHIC M 75MG/750MCG GELU30,"NEUROLOGIE, ANTI−EPILEPTIQUE",PREGABALINE + METHYLCOBALAMINE
2479651,NEUROTHIC 150MG GELULE BT28,"NEUROLOGIE, ANTI−EPILEPTIQUE",PREGABALINE
2479652,NEUROTHIC 75MG GELULE BT28,"NEUROLOGIE, ANTI−EPILEPTIQUE",PREGABALINE
8019476,NEUROTOP CP LP 200 MG B/50,"NEUROLOGIE, ANTIEPILEPTIQUES",CARBAMAZEPINE
8010305,NEUROTOP CP LP 300 MG B/50,"NEUROLOGIE, ANTIEPILEPTIQUES",CARBAMAZEPINE
8023328,NEUTROCOLD PLAQUETTE DETAIL ETUI/4,"ORL,ANTI-GRIPPE,ANTI-RHUME",PARACETAMOL+CHLORPHENIRAMINE+PHENYLEPHRINE
8023914,NEUTROCOLD SIROP FL/100 ML,"ORL,ANTI-GRIPPE,ANTI-RHUME",PARACETAMOL+CHLORPHENIRAMINE+PHENYLEPHRINE
9036118,NEUTROMAX 30MU SERINGUE PRE REMPLIE B/1,"CANCEROLOGIE, TRAITEMENTS ASSOCIES",FILGRASTIM
8495797,NEUTROPAR SOL INJ P PERFUSION FL/100ML,ANTALGIQUE/ANTIPYRETIQUE,PARACETAMOL
3495263,NEUTROPINE SOLUTION INJECTABLE 30 MUI EN SERINGUE PRE-REMPLIE B/1,"CANCEROLOGIE, TRAITEMENTS ASSOCIES",FILGRASTINE
8010328,NEVRINE CODEINE CP B/20,"ANTALGIQUE/ANTIPYRETIQUE, ASSOCIATION CONTENANT UN OPIACE",PARACETAMOL+CAFEINE+CODEINE
3784273,NICOPENEM PDRE 1G INJ FL/1,"ANTIBIOTIQUES, AUTRES BETA LACTAMINES",MEROPENEME
3784266,NICOPENEM PDRE 500MG INJ FL/1,"ANTIBIOTIQUES, AUTRES BETA LACTAMINES",MEROPENEME
2036723,NIDAZOL OVULE 500 MG B/10,"GYNECOLOGIE,TRAITEMENT DES VULVOVAGINITES",METRONIDAZOLE
8003699,NIDAZOL 500 CP 500 MG B/20,ANTIBIOTIQUE ET ANTIPARASITAIRE,METRONIDAZOLE
8010363,NIFCAL CP 10 MG B/30,"ANTIHYPERTENSEUR, INHIBITEUR CALCIQUE",NIFEDIPINE
8010357,NIFCAL-20 CP 20 MG B/30,"ANTIHYPERTENSEUR, INHIBITEUR CALCIQUE",NIFEDIPINE
5050082,NIFEDI DENK 10 RET CP 10MG B/100,"ANTIHYPERTENSEUR, INHIBITEUR CALCIQUE",NIFEDIPINE
8084864,NIFEDI DENK CP 20MG B/100,"ANTIHYPERTENSEUR, INHIBITEUR CALCIQUE",NIFEDIPINE
5050084,NIFEDI DENK 10 CP 10MG B/100,"ANTIHYPERTENSEUR, INHIBITEUR CALCIQUE",NIFEDIPINE
5050083,NIFEDI DENK 20 RET CP 20MG B/100,"ANTIHYPERTENSEUR, INHIBITEUR CALCIQUE",NIFEDIPINE
8030213,NIFEDIPINE TM CP 20MG B/100,"ANTIHYPERTENSEUR, INHIBITEUR CALCIQUE",NIFEDIPINE
1400521,NIFLOX COMPRIMES B/30,ASSOCIATION D'ANTIBIOTIQUES,OFLOXACINE + ORNIDAZOLE
3318665,NIFLUGEL GEL PERCUTANE T/60 G,ANTI-INFLAMMATOIRE NON STEROIDIEN (AINS),ACIDE NIFLUMIQUE
3072879,NIFLURIL GELULE 250 MG B/30,ANTI-INFLAMMATOIRE NON STEROIDIEN (AINS),ACIDE NIFLUMIQUE
3188636,NIFLURIL SUPPO 400MG ENF,ANTI-INFLAMMATOIRE NON STEROIDIEN (AINS),ACIDE NIFLUMIQUE
3132133,NIFLURIL SUPPO 700MG AD,ANTI-INFLAMMATOIRE NON STEROIDIEN (AINS),ACIDE NIFLUMIQUE
8087851,NIFUROX GELULE 200 MG B/28,"GASTRO.E.H., ANTI- DIARRHEIQUE",NIFUROXAZIDE
8087880,NIFUROX PDRE P SOL BUV B/12 SACH,"GASTRO.E.H., ANTI- DIARRHEIQUE",NIFUROXAZIDE
8087871,NIFUROX SIROP FL/90 ML,"GASTRO.E.H., ANTI- DIARRHEIQUE",NIFUROXAZIDE
3323151,NIMESUMIDE GP CP 100 MG B/20,ANTI-INFLAMMATOIRE NON STEROIDIEN (AINS),NIMESULIDE
8001364,NIZODERM CREME 2% T/15 G,"DERMATOLOGIE, ANTIFONGIQUE LOCAL",KETOCONAZOLE
2474343,NOCHOL COMP 20MG B/30,HYPO-LIPEMIANT,ROSUVASTATINE
2474335,NOCHOL COMPRIME 10MG B/10,HYPOLIPEMIANT,ROSUVASTATINE
2482098,NODIAR 3G PDR SACHET BT 10,"GASTRO.E.H., ANTIACIDE ET PANSEMENT GASTROINTESTI",NDAILOSMECTITE
2482099,NODIAR 3G PDR SACHET BT 30,"GASTRO.E.H., ANTIACIDE ET PANSEMENT GASTROINTESTI",NDAILOSMECTITE
3205932,NOLVADEX 10MG CP ENR 10 MG B/30,"CANCEROLOGIE, ANTINEOPLASIQUE",TAMOXIFENE
3286528,NOLVADEX 20MG CP ENR 20 MG B/30,"CANCEROLOGIE, ANTINEOPLASIQUE",TAMOXIFENE
6110955,NOMADOL COMPRIMES PELLICULES 50MG B/30,ANTALGIQUE OPIACE FAIBLE,TRAMADOL
2477108,NOMALARI-UNE COMPRIMES DISPERSIBLES 20MG/ 120MG B/6,"PARASITOLOGIE, ANTIPALUDIQUE",ARTEMETHER + LUMEFANTRINE
2477105,NOMALARI-UNE COMPRIMES 80MG/480MG B/6,"PARASITOLOGIE, ANTIPALUDIQUE",ARTEMETHER + LUMEFANTRINE
2292260,NOMYC GELULE 50 MG B/7,ANTIFONGIQUE SYSTEMIQUE,FLUCONAZOLE
3141586,NOPRON SIROP 15 MG FL/150 ML,"PSYCHIATRIE, HYPNOTIQUES",NAPRAZINE
3769751,NOPYLO 1G/500MG/20MG CPR B/56,"GASTRO EH, ULCERE GASTRO-DUODENAL",AMOXICILLINE + CLARITHROMYCINE +OMEPRAZOLE
8018784,NORFEN CP 400 MG B/10,"ANTIBIOTIQUE, QUINOLONE",NORFLOXACINE
8015969,NORFLOXACINE TM CP 400 MG B/10,"ANTIBIOTIQUE, QUINOLONE",NORFLOXACINE
3130737,NORMACOL AD LAVEMENT SOL RECTALE FL/130 ML,"GASTRO.E.H., CONSTIPATION",PHOSPHATE DISODIQUE DODECAHYDRATE+PHOSPHATE MONOSODIQUE DIHYDRATE
2474671,NORMADON COMP PELL 2MG B/60,"PSYCHIATRIE, NEUROLEPTIQUES",RISPERIDONE
2474672,NORMADON COMP PELL 4MG B/60,"PSYCHIATRIE, NEUROLEPTIQUES",RISPERIDONE
8065298,NORMET CP SEC 100 MG B/30,"ANTIHYPERTENSEUR, BÊTABLOQUANT",ATENOLOL
8134496,NORMIX CP B/12,"INFECTIOLOGIE, DIVERS ANTIBACTERIENS",RIFAXIMINE
8039668,"NORMOPTIC CY 0,5% FL/5 ML","OPHTALMOLOGIE, ANTIGLAUCOMATEUX",TIMOLOL
5606020,NORZOL CP 400 MG B/10,ANTIBIOTIQUE ET ANTIPARASITAIRE,NORFLOXACINE+TINIDAZOLE
3258645,NOSIC COMPRIMES 10MG/10MG B/30,"ALLERGOLOGIE, ANTIHISTAMINIQUE",DOXYLAMINE + PYRIDOXINE
3258545,NOSIC CP B/10,"ALLERGOLOGIE,ANTIHISTAMINIQUE",DOXYLAMINE + VITAMINE B6
8027464,NO-SPA AMP INJ B/5,ANTISPASMODIQUE,DROTAVERINE
5015722,NO-SPA CP 40 MG B/20,ANTISPASMODIQUE,DROTAVERINE
5606060,NO-SPA FORTE CP B/20,ANTISPASMODIQUE,DROTAVERINE
5600000,NO-SPALGIN CP B/12,ANTISPASMODIQUE,DROTAVERINE+PARACETAMOL
8496029,NOTOUX SIROP ENF FL/100 ML,"PNEUMOLOGIE, ANTITUSSIF",DEXTROMETORPHANE
3564324,NOVACLAV CP 500MG/62.5 B/24,"ANTIBIOTIQUE, PENICILLINE",AMOXICILLINE+ACIDE CLAVULANIQUE
3564315,NOVACLAV CP 500MG/62.5MG B/16,"ANTIBIOTIQUE, PENICILLINE",AMOXICILLINE+ACIDE CLAVULANIQUE
3564214,NOVACLAV PDRE P SUSP BUV SACHET 1000MG/ 125MG B/12,"ANTIBIOTIQUE, PENICILLINE",AMOXICILLINE+ACIDE CLAVULANIQUE
3564320,NOVACLAV PDRE P SUSP BUV 100MG/12.5MG FL/ 30ML,"ANTIBIOTIQUE, PENICILLINE",AMOXICILLINE+ACIDE CLAVULANIQUE
3564318,NOVACLAV PDRE P SUSP BUV 100MG/12.5MG FL/ 60ML,"ANTIBIOTIQUE, PENICILLINE",AMOXICILLINE+ACIDE CLAVULANIQUE
3564321,NOVADOL CP 1 G B/8,ANTALGIQUE/ANTIPYRETIQUE,PARACETAMOL
8062118,NOVAFER CP A CROQUER 100 MG/350MG B/30,"HEMATOLOGIE, ANTIANEMIQUES",HYDROXYDE POLYMALTOSE DE FER+ACIDE FOLIQUE
8060303,NOVAFER SIROP 50 MG/5 ML FL/200 ML,"HEMATOLOGIE, ANTIANEMIQUES",HYDROXYDE POLYMALTOSE DE FER+ACIDE FOLIQUE
2001475,NOVALGIN AMP INJ B/5,ANTALGIQUE/ANTIPYRETIQUE ET ANTISPASMODIQUE,METAMIZOLE SODIQUE
3413257,NOVALGIN CP ENR 500 MG B/20,ANTALGIQUE/ANTIPYRETIQUE ET ANTISPASMODIQUE,METAMIZOLE SODIQUE
2001506,NOVALGIN SIROP ENF FL/100 ML,ANTALGIQUE/ANTIPYRETIQUE ET ANTISPASMODIQUE,METAMIZOLE SODIQUE
2001512,NOVALGIN SUPPO 1 G B/5,ANTALGIQUE/ANTIPYRETIQUE ET ANTISPASMODIQUE,METAMIZOLE SODIQUE
3384079,NOVAMETHER COMPRIMES 40MG/240MG B/12,"PARASITOLOGIE, ANTIPALUDIQUE",ARTEMETHER+LUMEFANTRINE
3364116,NOVAMETHER CP DISP 20MG/120 MG B/6,"PARASITOLOGIE, ANTIPALUDIQUE",ARTEMETHER+LUMEFANTRINE
3364031,NOVAMETHER CP 20 MG /120 MG B/24,"PARASITOLOGIE, ANTIPALUDIQUE",ARTEMETHER+LUMEFANTRINE
3564422,NOVAMOX CP 1 G B/12,"ANTIBIOTIQUE, PENICILLINE",AMOXICILLINE
3564425,NOVAMOX CP 500 MG B/12,"ANTIBIOTIQUE, PENICILLINE",AMOXICILLINE
3564427,NOVAMOX PDRE P SUSP BUV 250 MG/5 ML FL/60 ML,"ANTIBIOTIQUE, PENICILLINE",AMOXICILLINE
3564429,NOVAMOX PDRE P SUSP BUV 500 MG/5 ML FL/60 ML,"ANTIBIOTIQUE, PENICILLINE",AMOXICILLINE
8049170,NOVATEM AM CP B/28,AUTRES ASSOCIATIONS D'ANTIHYPERTENSEURS,AMLODIPINE + ATENOLOL
3089019,"NOVEX 2000UI ANTI-XA/0,2ML SOL INJ B/2","HEMOSTASE, ANTICOAGULANTS INJECTABLES",ENOXAPARINE
3089293,NOVEX 4000UI ANTI-XA/0.2ML SOL INJECTABLE B/2,"HEMOSTASE, ANTICOAGULANTS INJECTABLES",ENOXAPARINE
6110900,NOVOCLIN PDRE P SUSP BUV SACHET DOSE 1G/ 125MG B/16,"ANTIBIOTIQUE, PENICILLINE",AMOXICILLINE+ACIDE CLAVULANIQUE
6110641,NOVOCLIN PDRE POUR SUSP BUVABLE EN SACHETS 250MG/31,"ANTIBIOTIQUE, PENICILLINE",AMOXICILLINE+ACIDE CLAVULANIQUE
6110368,NOVOCLIN PDRE POUR SUSP BUVABLE EN SACHETS 500MG/62,"ANTIBIOTIQUE, PENICILLINE",AMOXICILLINE+ACIDE CLAVULANIQUE
3074298,NOZINAN CP 100 MG B/20,"PSYCHIATRIE, NEUROLEPTIQUES",LEVOMEPROMAZINE
3074281,NOZINAN CP 25 MG B/20,"PSYCHIATRIE, NEUROLEPTIQUES",LEVOMEPROMAZINE
3074312,NOZINAN SOL BUV 4% FL/30 ML,"PSYCHIATRIE, NEUROLEPTIQUES",LEVOMEPROMAZINE
3838860,NU-AZOLE GELULE 20MG PLAQUETTE DE 10,"GASTRO EH, ULCERE GASTRO-DUODENAL",OMEPRAZOLE
5015280,NUCLEO CMP FORTE AMP INJ B/3,"RHUMATOLOGIE, AUTRES",NUCLEOTIDE CMP
5015270,NUCLEO CMP GELULE B/30,"RHUMATOLOGIE, AUTRES",URIDINE TRIPHOSPHATE (UTP)+CYTIDINE+NUCLEOTIDE UTP
2479669,NUCOXIA CPR 120MG PLAQUETTE DE 10,ANTI-INFLAMMATOIRE NON STEROIDIEN (AINS),ETORICOXIB
2479670,NUCOXIA CPR 60MG BT30,ANTI-INFLAMMATOIRE NON STEROIDIEN (AINS),ETORICOXIB
2479671,NUCOXIA CPR 90MG BT30,ANTI-INFLAMMATOIRE NON STEROIDIEN (AINS),ETORICOXIB
2473279,NUGEL COMP B/30,"GASTRO ENTER, ANTI ACIDE ET PANSEMENT GASTRO- INTESTINAL",ACIDE ALGINIQUE + HYDROXYDE DE MAGNESIUM + HYDROXYDE D'ALUMINIUM + MAGNESIUM TRISILICATE + SIMETICONE
2473862,NUGEL O SUSP BUV FL/200ML,GASTRO E.H ANTI ACIDE ET PANSEMENT GASTRO INTESTINAL,ACIDE ALGINIQUE + HYDROXYDE DE MAGNESIUM + HYDROXYDE D'ALUMINIUM + MAGNESIUM TRISILICATE + SIMETICONE
2473840,NUGEL SUSP BUVABLE FL/200ML,GASTRO E.H ANTI ACIDE ET PANSEMENT GASTRO INTESTINAL,ACIDE ALGINIQUE + HYDROXYDE DE MAGNESIUM + HYDROXYDE D'ALUMINIUM + MAGNESIUM TRISILICATE + SIMETICONE
8061604,NUGREL CP 75MG B/30,"HEMOSTASE, ANTIAGREGANTS PLAQUETTAIRES",CLOPIDOGREL
8084427,NUGREL-A PLUS GELULES 75MG/100MG B/30,"HEMOSTASE, ANTIAGREGANT PLAQUETTAIRE",CLOPIDOGEL + ACIDE ACETYLSALICYLIQUE
4921116,"NUKAST COMPRIMES 4MG/2,5MG B/10","ALLERGOLOGIE, ANTIHISTAMINIQUE",MONTELUKAST + LEVOCETIRIZINE
4931016,"NUKAST SIROP 4MG/2,5MG FL/60ML","ALLERGOLOGIE, ANTIHISTAMINIQUE",MONTELUKAST + LEVOCETIRIZINE
3096443,NULOC 40MG B/10,"GASTRO EH, ULCERE GASTRO-DUODENALE",ESOMEPRAZOLE
2477148,NU-MOL SIROP 120MG/5ML FL/60ML,ANTALGIQUE/ANTIPYRETIQUE,PARACETAMOL
2477036,NU-MOLCAF COMPRIMES 500MG/30MG BT/20,ANTALGIQUE/ANTIPYRETIQUE,PARACETAMOL + CAFEINE
3244319,NURONEM INJ IV 1G B/1,"ANTIBIOTIQUE , AUTRES BETA-LACTAMINES",MEROPENEME
9990113,NURONEM PDRE PPEP INJ 1G IV B/1,"ANTIBIOTIQUE , AUTRES BETA-LACTAMINES",MEROPENEME
9990138,NURONEM PDRE PPEP INJ 500MG IV B/1,"ANTIBIOTIQUE , AUTRES BETA-LACTAMINES",MEROPENEME
9990114,NURONEM PDRE PPEP INJ 500MG IV B/1,"ANTIBIOTIQUE , AUTRES BETA-LACTAMINES",MEROPENEME
3179390,NYSTASHA CP VAGINAL AD B/14,"GYNECOLOGIE,TRAITEMENT DES VULVOVAGINITES",NYSTATINE
2475661,NYSTATIN UBIGEN 100.000UI/ML PDRE PR SUSP BUV FL/30ML,ANTIFONGIQUE SYSTEMIQUE,NYSTATINE
5108378,OCTAPLEX 500UI PDR +SOLV PR PERF,HÉMOSTATIQUES ET ANTI−FIBRINOLYTIQUES,CONCENTRE DE COMPLEXE PROTHROMBIQUE
3074743,ODDIBIL CP ENR 250 MG B/40,"GASTRO.E.H., TROUBLES FONCTIONNELS DIGESTIFS",FUMETERRE
3278802,ODIA COMPRIMES 1MG B/30,SULFAMIDE ANTIDIABETIQUE,GLIMEPIRIDE
3278819,ODIA CP 2 MG B/30,SULFAMIDE ANTIDIABETIQUE,GLIMEPIRIDE
3278826,ODIA CP 3 MG B/30,SULFAMIDE ANTIDIABETIQUE,GLIMEPIRIDE
3278833,ODIA CP 4 MG B/30,SULFAMIDE ANTIDIABETIQUE,GLIMEPIRIDE
3302014,ODICEF PDRE P P INJ IM / IV 1G B/1,"ANTIBIOTIQUE, CEPHALOSPORINE",CEFTRIAXONE
8487214,ODIMONT 10MG CPR B/30,"PNEUMOLOGIE, ANTIASTHMATIQUE",MONTELUKAST
8487243,ODIMONT 5MG CPR B/30,"PNEUMOLOGIE, ANTIASTHMATIQUE",MONTELUKAST
8006798,OEDES GELULE 20 MG B/14,"GASTRO.E.H., ULCERE GASTRODUODENAL",OMEPRAZOLE
3168929,OESTROGEL GEL P APPL LOC 0,"GYNECOLOGIE,TRAITEMENTS DE LA MENOPAUSE",ESTRADIOL
2473685,OFCIAN O CP B/10,ASSOCIATION D'ANTIBIOTIQUES,ORNIDAZOLE + OFLOXACINE
3393603,OFIKEN 100MG/5ML PDRE SUSP BUV FL/60ML,"ANTIBIOTIQUE, CEPHALOSPORINE",CEFIXIME
3113371,OFIKEN 200MG CP PELL B/16,"ANTIBIOTIQUE, CEPHALOSPORINE",CEFIXIME
8602945,OFLAB-OZ COMP 200MG/500MG B/10,ASSOCIATION D'ANTIBIOTIQUES,OFLOXACINE + ORNIDAZOLE
3097519,OFLOCARE CP PELL 200 MG B/10,"ANTIBIOTIQUE, QUINOLONE",OFLOXACINE
5563446,OFLOCET SOL INJ 200 MG B/1,"ANTIBIOTIQUE, QUINOLONE",OFLOXACINE
3290324,OFLOCET CP 200 MG B/10,"ANTIBIOTIQUE, QUINOLONE",OFLOXACINE
3398635,"OFLOCET SOL AURIC 1,5 MG/DOSE B/20","ORL, OTITES",OFLOXACINE
8002346,OFLOCINE SOL INJ 200MG FL/100ML,"ANTIBIOTIQUE, QUINOLONE",OFLOXACINE
5050099,OFLOCINE CP ENR 200 MG B/10,"ANTIBIOTIQUE, QUINOLONE",OFLOXACINE
8427577,"OFLOFIR IV, SOLUTION INJECTABLE, FLACON DE 100ML","ANTIBIOTIQUE, QUINOLONE",OFLOXACINE
8071838,OFLOMAC CP 200 MG B/10,"ANTIBIOTIQUE, QUINOLONE",OFLOXACINE
3217740,OFLOMAX CP 200 MG B/10,"ANTIBIOTIQUE, QUINOLONE",OFLOXACINE
9829741,OFLOR CP PELL 200MG/500MG B/10,ANTIBIOTIQUE ET ANTIPARASITAIRE,OFLOXACINE + ORNIDAZOLE
2473656,OFLOSWIZ-O COP PELL 200MG/500MG B/10,ASSOCIATION D’ANTIBIOTIQUE,OFLOXACINE +ORNIDAZOLE
3365151,OFLOX CP PELL 200 MG B/10,"ANTIBIOTIQUE, CEPHALOSPORINE",OFLOXACINE
3689974,OFLOXACINE GH CP 200 MG B/20,"ANTIBIOTIQUE, QUINOLONE",OFLOXACINE
8033499,OFLOXACINE TM CP 200 MG B/10,"ANTIBIOTIQUE, QUINOLONE",OFLOXACINE
3208564,OFLOXYL COMPRIMES PELLICULES 200MG DETAIL,"ANTIBIOTIQUE, QUINOLONE",OFLOXACINE
3472293,OFLOXYL CP PELL 200 MG B/10,"ANTIBIOTIQUE, QUINOLONE",OFLOXACINE
3620557,OFLOZOLE CP 200MG/500MG B/10,ASSOCIATIO D'ANTIBIOTIQUES,OFLOXACINE + ORNIDAZOLE
3842089,OF-ON COMPRIMES PELLICULES 500MG/200MG B/ 10,ASSOCIATION 'ANTIBIOTIQUES,OFLOXACINE + ORNIDAZOLE
4001054,OFRAMAX PDRE P P INJ 1G B/1,"ANTIBIOTIQUE, CEPHALOSPORINE",CEFTRIAXONE
2471439,OFUSIC COLLYRE,"OPHTALMOLOGIE, ANTIBACTERIEN LOCAUX",ACIDE FUSIDIQUE
8427620,OFUSIDIC COLLYRE 1% FL/5ML,"OPHTALMOLOGIE, ANTIBACTERIEN LOCAL",ACIDE FUSIDIQUE
8491227,"OLANDO 0,1% COLL F/5ML","OPHTALMOLOGIE, ANTIALLERGIQUES LOCAUX",OLOPATADINE
3867846,OLANZ COMPRIMES 10MG B/28,"PSYCHIATRIE, NEUROLEPTIQUES",OLANZAPINE
3800195,OLANZ COMPRIMES 5MG B/28,"PSYCHIATRIE, NEUROLEPTIQUES",OLANZAPINE
2024508,OLFEN DEPOCAPS 100 MG SR B/10,ANTI-INFLAMMATOIRE NON STEROIDIEN (AINS),DICLOFENAC
2024483,OLFEN GEL P APPL LOC T/50 G,ANTI-INFLAMMATOIRE NON STEROIDIEN (AINS),DICLOFENAC
2024498,OLFEN RECTOCAPS 100MG B/5,ANTI-INFLAMMATOIRE NON STEROIDIEN (AINS),DICLOFENAC
5609090,OLFEN 75 SR DEPOTABS CP 75MG B/30,ANTI-INFLAMMATOIRE NON STEROIDIEN (AINS),DICLOFENAC
8084172,OLMAT-H CP PELLICULE 20MG/12.5MG B/30,ANTIHYPERTENSEUR ANTAGONISTE RECEPTEURS ANGIOTENSINE II + DIURETIQUE,OLMESARTAN + HYDROCHLOROTHIAZIDE
8058312,OLMAT-20 CP PELL 20MG B/30,"ANTIHYPERTENSEUR, ANTAGONISTE RECEPTEURS ANGIOTENSINE II",OLMESARTAN
8058329,OLMAT-40 CP PELL 40 MG B/30,"ANTIHYPERTENSEUR, ANTAGONISTE RECEPTEURS ANGIOTENSINE II",OLMESARTAN
3015117,"OLOPAT CY 0,1% FL/5 ML","OPHTALMOLOGIE, ANTIALLERGIQUES LOCAUX",OLOPATADINE
9999991,"OLOTOP COLLYRE 0,1%FL/5ML","OPHTALMOLOGIE, ANTIALLERGIQUES LOCAUX",OLOPATADINE
2266206,"OLYFRESH COLLYRE 0,5% FL/5ML","OPHTALMOLOGIE, SUPPLEANCE LACRYMALE",CARBOXYMETHYLCELLULOSE
5683084,OMECID POUDRE POUR SOLUTION POUR PERFUSION 40MG FL/1,"GASTRO EH, ULCERE GASTRO-DUODENALE",OMEPRAZOLE
8050210,OMEGEN GELULE 20 MG B/14,"GASTRO.E.H., ULCERE GASTRODUODENAL",OMEPRAZOLE
8050227,OMEGEN GELULES 20MG B/28,"GASTRO.E.H., ULCERE GASTRODUODENAL",OMEPRAZOLE
2479380,OMEPRAZOLE AFRICURE GELULE 20MG B/14,"GASTRO E.H, ULCERE GASTRO-DUODENALE",OMEPRAZOLE
3230862,OMEPRAZOLE GENERIS GELULE 10MG B/14,"GASTRO.E.H., ULCERE GASTRODUODENAL",OMEPRAZOLE
3230909,OMEPRAZOLE GENERIS GELULE 40MG B/14,"GASTRO.E.H., ULCERE GASTRODUODENAL",OMEPRAZOLE
1448811,OMEPRAZOLE VIR GELULE 20MG B/14,"GASTRO E H, ULCERE GASTRO-DUODENALE",OMEPRAZOLE
1448821,OMEPRAZOLE VIR GELULE 40MG B/14,"GASTRO E H, ULCERE GASTRO-DUODENALE",OMEPRAZOLE
8099498,OMEPRAZOLE 20 MG UBI CP 20 MG PLAQUETTE DE 7,"GASTRO.E.H., ULCERE GASTRODUODENAL",OMEPRAZOLE
3142875,OMERON CP 20 MG PLAQUETTE DE 10,"GASTRO.E.H., ULCERE GASTRODUODENAL",OMEPRAZOLE
3858844,OMESHAL D GELULES 20MG/10MG B/10,"GASTRO EH, ULCERE GASTRO-DUODENAL",OMEPRAZOLE + DOMPERIDONE
3070833,OMETIL GELULE 20 MG B/10,"GASTRO.E.H., ULCERE GASTRODUODENAL",OMEPRAZOLE
8541312,OMEZOL GÉLULES 10MG BTE DE 14,"GASTRO E.H, ULCERE GASTRO-DUODENALE",OMEPRAZOLE
8928292,OMEZOL GÉLULES 20MG BTE DE 14,"GASTRO E.H, ULCERE GASTRO-DUODENALE",OMEPRAZOLE
8014964,OMEZOL 10MG GEL B/14,"GASTRO EH, ULCERE GASTRO-DUODENAL",OMEPRAZOLE
8014987,OMEZOL 20MG GEL B/14,"GASTRO EH, ULCERE GASTRO-DUODENAL",OMEPRAZOLE
3061220,OMFIL GELULE 20MG B/20,"GASTRO.E.H., ULCERE GASTRODUODENAL",OMEPRAZOLE
8715652,OMIT COMP PELL 10MG B/30,GASTRO E.H NAUSEES ET VOMISSEMENT,SUCCINATE DE DOXYLAMINE + CHLORHYDRATE DE PYRIDOXINE
2473451,OMIZ GELULES 20MG B/28,"GASTRO EH, ULCERE GASTRO-DUODENAL",OMEPRAZOLE
2473452,OMIZ 20MG GEL GASTRORESISTANT B/14,"GASTRO.E.H., ULCERE GASTRODUODENAL",OMEPRAZOLE
5606030,OMIZEC GELULES 20MG B/28,"GASTRO.E.H., ULCERE GASTRODUODENAL",OMEPRAZOLE
1204701,"OMNIC OCAS CP PELL LP 0,4MG B/30","UROLOGIE,HYPERTROPHIE BENIGNE DE LA PROSTATE",TAMSULOSINE
8026945,OMPRANYT GELULE 20 MG B/14,"GASTRO.E.H., ULCERE GASTRODUODENAL",OMEPRAZOLE
3008848,OMPRANYT GELULE 20MG B/14,"GASTRO.E.H., ULCERE GASTRODUODENAL",OMEPRAZOLE
3339640,ON SETRON DENK CP ORODISPERSIBLES 4MG B/6,"CANCEROLOGIE, TRAITEMENTS ASSOCIES",ONDANSETRON
3346167,ON SETRON DENK CP ORODISPERSIBLES 8MG B/6,"CANCEROLOGIE, TRAITEMENTS ASSOCIES",ONDANSETRON
3264998,ONCOVIN AMP INJ 1 MG B/1,"CANCEROLOGIE, ANTINEOPLASIQUE",VINCRISTINE
3677254,ONDAMAC SOL BUVABLE 2MG/5ML FL/30ML,"ANTINEOPLASIQUES, TRAITEMENTS ASSOCIES",ONDANSETRON
3356197,ONDI SOL INJ 2MG/ML B/10,"CANCEROLOGIE, TRAITEMENTS ASSOCIES",ONDANSETRON
3192887,ONECEF PDRE P P INJ 1G B/1,"ANTIBIOTIQUE, CEPHALOSPORINE",CEFTRIAXONE
8116676,ONECEF SB PDRE P SOLUTION INJ 100MG/500MG B/1,"GASTRO E H, ULCERE GASTRO-DUODENALE",CEFTRIAXONE + SULBACTAM
3994634,ONIFINE CP 250 MG B/14,"DERMATOLOGIE, ANTIFONGIQUE",TERBINAFINE
3994641,ONIFINE CP 250 MG B/28,"DERMATOLOGIE, ANTIFONGIQUE",TERBINAFINE
3994658,ONIFINE CREME 1% T/30 G,"DERMATOLOGIE, ANTIFONGIQUE",TERBINAFINE
3996317,ONIFINE SPRAY 1% FL/30ML,"DERMATOLOGIE, ANTIFONGIQUE",TERBINAFINE
3598972,OPATANOL CY FL/5 ML,"OPHTALMOLOGIE, ANTIALLERGIQUES LOCAUX",OLOPATADINE
2475996,OPELAN COMP ORODISPERSIBLE 10MG BT30,"PSYCHIATRIE, NEUROLEPTIQUES",OLANZAPINE
2475995,OPELAN COMP ORODISPERSIBLE 5MG BT30,"PSYCHIATRIE, NEUROLEPTIQUES",OLANZAPINE
8491210,OPHTACURE COLL F/5ML,"OPHTALMOLOGIE, ANTI-INFLAMMATOIRES ET ANTIBACTERIENS LOCAUX",DEXAMETHASONE + MOXIFLOXACINE
2480912,OPHTALGYLE COLLYRE FL/5ML,"OPHTALMOLOGIE, ANTIINFLAMMATOIRE LOCAL",NEPAFENAC
3075599,OPHTASILOXANE CY FL/10 ML,"OPHTALMOLOGIE, CICATRISANTS",DIMETICONE
8076209,OPRAZOLE CP PELL 20 MG B/14,"GASTRO.E.H., ULCERE GASTRODUODENAL",OMEPRAZOLE
3241684,OPRAZOLE CP PELL 20 MG B/28,"GASTRO.E.H., ULCERE GASTRODUODENAL",OMEPRAZOLE
3202980,OPTICRON CY 2% FL/5 ML,"OPHTALMOLOGIE, ANTIALLERGIQUES LOCAUX",CROMOGLYCATE DE SODIUM
3015162,OPTIDEX-T CY FL/5 ML,"OPHTALMOLOGIE, ANTI-INFLAMMATOIRES ET ANTIBACTERIENS LOCAUX",TOBRAMYCINE+DEXAMETHASONE
3015155,OPTIFLOX CY FL/5 ML,"OPHTALMOLOGIE, ANTIBACTERIENS LOCAUX",OFLOXACINE
3015148,OPTIFRESH CY FL/10 ML,"OPHTALMOLOGIE, ANTISEPTIQUES LOCAUX",ALCOOL POLYVINYLIQUE + POVIDONE
8004279,"OPTIMOL CY 0,5% FL/5 ML","OPHTALMOLOGIE, ANTIGLAUCOMATEUX",TIMOLOL
3015124,OPTIPRED CY 1% FL 5ML,"OPHTALMOLOGIE, ANTI-INFLAMMATOIRES LOCAUX",PREDNISOLONE
8004345,"OPTOVISC CY 0,3% FL/10 ML","OPHTALMOLOGIE, SUPPLEANCE LACRYMALE",HYDROXYPROPYLMETHYCELLULOSE
3803363,ORAB COMP 20MG B/30,"GASTRO E.H, ULCERE GASTRO-DUODENALE",RABEPRAZOLE
3803417,ORAB D COMP 20MG/30MG B/30,"GASTRO E.H, ULCERE GASTRO-DUODENALE",RABEPRAZOLE + DOMPERIDONE
3019733,ORACEF PDRE P SUSP BUV 125MG/5ML FL/100ML,"ANTIBIOTIQUE, CEPHALOSPORINE",CEFALEXINE
3290211,ORACEFAL CP DISPERS 1 G B/6,"ANTIBIOTIQUE, CEPHALOSPORINE",CEFADROXIL
3201839,ORACEFAL GELULE 500 MG B/12,"ANTIBIOTIQUE, CEPHALOSPORINE",CEFADROXIL
3201880,ORACEFAL PDRE P SUSP BUV 125 MG/5 ML FL/60 ML,"ANTIBIOTIQUE, CEPHALOSPORINE",CEFADROXIL
3203123,ORACEFAL PDRE P SUSP BUV 250 MG/5 ML FL/60 ML,"ANTIBIOTIQUE, CEPHALOSPORINE",CEFADROXIL
3216054,ORACEFAL PDRE P SUSP BUV 500 MG/5 ML FL/60 ML,"ANTIBIOTIQUE, CEPHALOSPORINE",CEFADROXIL
3194915,ORACILLINE CP 1 MUI B/12,"ANTIBIOTIQUE, PENICILLINE",PHENOXY METHYL PENICILLINE
8036345,ORADROXYL CP 1 G B/6,"ANTIBIOTIQUE, CEPHALOSPORINE",CEFADROXIL
8036351,ORADROXYL PDRE P SUSP BUV 125 MG/5 ML FL/60 ML,"ANTIBIOTIQUE, CEPHALOSPORINE",CEFADROXIL
8036368,ORADROXYL PDRE P SUSP BUV 250 MG/5 ML FL/60 ML,"ANTIBIOTIQUE, CEPHALOSPORINE",CEFADROXIL
2476927,ORANDIA COMP 500MG/5MG B/30,ASSOCIATION D'ANTIDIABETIQUES,METFORMINE + GLIBENCLAMIDE
3130720,ORAP 4 CP 4 MG B/30,"PSYCHIATRIE, NEUROLEPTIQUES",PIMOZIDE
8124859,"ORCHAZID CY 0,25% FL/5 ML","OPHTALMOLOGIE, ANTIALLERGIQUES LOCAUX",KETOTIFENE
3052210,ORELOX CP 200 MG B/10,"ANTIBIOTIQUE, CEPHALOSPORINE",CEFPODOXIME
3360408,ORELOX SUSP BUV FL/100 ML,"ANTIBIOTIQUE, CEPHALOSPORINE",CEFPODOXIME
3360383,ORELOX SUSP BUV FL/50 ML,"ANTIBIOTIQUE, CEPHALOSPORINE",CEFPODOXIME
8030408,OREX PDRE P SUSP BUV 250 MG/5 ML FL/60 ML,"ANTIBIOTIQUE, CEPHALOSPORINE",CEFALEXINE
3072646,OREX 125MG/5ML GRAN SUSP BUV FL /60ML,"ANTIBIOTIQUE, CEPHALOSPORINE",CEFALEXINE
3072608,OREX 500MG GEL B/12,"ANTIBIOTIQUE, CEPHALOSPORINE",CEFALEXINE
2259699,ORICEDAL SOL AURIC FL/15 ML,"ORL, OTITES",PHENAZONE + LIDOCAINE
3573884,ORIXO CP 200 MG B/10,"ANTIBIOTIQUE, QUINOLONE",OFLOXACINE
3573839,ORIXO CP 400 MG B/10,"ANTIBIOTIQUE, QUINOLONE",OFLOXACINE
2292314,OROFER GELULE B/40,"HEMATOLOGIE, ANTIANEMIQUES",FER+ACIDE FOLIQUE
8036902,OROFER SIROP 50MG FL/150 ML,"HEMATOLOGIE, ANTIANEMIQUES",POLYMALTOSE DE FER
6100146,OROGYL CP PELL 0.75MUI/125MG B/20,ANTIBIOTIQUE ET ANTIPARASITAIRE,SPIRAMYCINE + METRONIDAZOLE
3358989,OROKEN SUSP BUV 100MG ENF,"ANTIBIOTIQUE, CEPHALOSPORINE",CEFIXIME
3358995,OROKEN SUSP BUV 40MG NOUR,"ANTIBIOTIQUE, CEPHALOSPORINE",CEFIXIME
3348055,OSICORT RETARD SUSPENSION INJECTABLE 40MG/ML B/1,ANTI-INFLAMMATOIRE STEROIDIEN (AIS),TRIAMCINOLONE
3076417,OSMOGEL GEL P APPL LOC T/90G,"TRAUMATOLOGIE, DOULEURS POST-TRAUMATIQUES",LIDOCAINE+MAGNESIUM SULFATE
3411728,OSMOLAX PDRE P SOL BUV 10 G/SACH B/20,"GASTRO.E.H., CONSTIPATION",MACROGOL 4000
2011203,OSPAMOX CP 1 G B/12,"ANTIBIOTIQUE, PENICILLINE",AMOXICILLINE
2009152,OSPAMOX GELULE 500 MG B/12,"ANTIBIOTIQUE, PENICILLINE",AMOXICILLINE
2009181,OSPAMOX PDRE P SUSP BUV 250 MG/5 ML FL/60 ML,"ANTIBIOTIQUE, PENICILLINE",AMOXICILLINE
3132162,OSPEN CP 1 MUI B/12,"ANTIBIOTIQUE, PENICILLINE",PHENOXY METHYL PENICILLINE
8069853,OSTEON CP 70MG B/10,"RHUMATOLOGIE, OSTEOPOROSE",ALENDRONATE
3279066,OTIPAX SOL AURIC FL/15 ML,"ORL, OTITE EXTERNE, ANESTHESIQUE LOCAL SEUL OU ASSOCIÉ",PHENAZONE + LIDOCAINE
3805204,OTOFA SOL AURICULAIRE FL 10ML,"ORL, OTITES",RIFAMYCINE
4724483,OTOFLU GOUTTES OCULAIRES ET AURICULAIRES FL/5ML,OPHTALMOLOGIE ET ORL,FLUCONAZOLE
3076676,OTOMIDE SOL AURIC FL/20 ML,"ORL, OTITE EXTERNE, ANESTHESIQUE LOCAL SEUL OU ASSOCIÉ",LIDOCAINE+HEXAMIDINE
3550014,OTOREX OD GOUTTES AURICULAIRES FL/10ML,"ORL, OTITE EXTERNE, ANESTHESIQUE LOCAL SEUL OU ASSOCIÉ",PARADICHLOROBENZENE + BENZOCAINE + CHLORBUTANOL
2002204,OTRIVINE GEL GEL NASAL T/10 G,"ORL, DECONGESTIONNANTS",XYLOMETAZOLINE
3182800,"OTRIVINE NOUR/ENF SOL P PULV NAS 0,05% FL/10 ML","ORL, DECONGESTIONNANTS",XYLOMETAZOLINE
3164341,OVUMIX OVULE B/6,"GYNECOLOGIE,TRAITEMENT DES VULVOVAGINITES",METRONIDAZOLE + MICONAZOLE + NEOMYCINE + POLYMIXINE + GOTU KOLA
2474223,OXACID SUSPENSION BUVABLE FL 200ML,"GASTRO.E.H., ANTIACIDE ET PANSEMENT GASTROINTESTINAL",ALUMINIUM + MAGNESIUM + SIMETHICONE
8054455,OXACILLINE UBI 250MG/5ML SUSP BUV FL/60ML,"ANTIBIOTIQUE, PENICILLINE",OXACILLINE
8054136,OXACILLINE UBI500MG GELULE BLISTER DE 12,"ANTIBIOTIQUE, PENICILLINE",OXACILLINE
2285739,OXAGRAM GELULE 500 MG B/24,"ANTIBIOTIQUE, PENICILLINE",OXACILLINE
8036285,OXALAIR SUSP INHAL 125MCG FL/120 DOSES,"PNEUMOLOGIE, ANTIASTHMATIQUE",FLUTICASONE
2297932,OXAPEN PDRE P P INJ IM / IV 1G B/1,"ANTIBIOTIQUE, PENICILLINE",OXACILLINE
2297903,OXAPEN SUSP BUV 250MG FL/60ML,"ANTIBIOTIQUE, PENICILLINE",OXACILLINE
3371375,OXEOL CP 10 MG B/30,"PNEUMOLOGIE, ANTIASTHMATIQUE",BAMBUTEROL
3310069,OXICEB GELULE 200 MG B/20,ANTI-INFLAMMATOIRE NON STEROIDIEN (AINS),CELECOXIB
2472792,OXICLAR GELULE 500MG B/24,"ANTIBIOTIQUE, PENICILLINE",FLUCLOXACILLINE
3492888,OXICLAR PDRE P SUSP BUV 125MG/5ML FL/100ML,"ANTIBIOTIQUE, PENICILLINE",FLUCLOXACILLINE
3403982,OXICLAR PDRE P SUSP BUV 250MG FL/100ML,"ANTIBIOTIQUE, PENICILLINE",FLUCLOXACILLINE
3492871,OXICLAR PDRE P SUSP BUV 250MG FL/100ML,"ANTIBIOTIQUE, PENICILLINE",FLUCLOXACILLINE
3076972,OXYBOLDINE CP EFF B/36,"GASTRO.E.H., TROUBLES FONCTIONNELS DIGESTIFS",DIHYDROHOSPHATE DE SODIUM+SULFATE DE SODIUM +BOLDINE
3617163,OXYCON SOL INJ 5UI/ML B/5,"GYNECOLOGIE, OCYTOCIQUES",OXYTOCINE
3077144,OXYPLASTINE PDE 45% T/135 G,"DERMATOLOGIE, TOPIQUE A ACTIVITE TROPHIQUE OU PROTECTRICE",ZINC
8063951,OZAPRAL GELULE 15 MG B/30,"GASTRO.E.H., ULCERE GASTRODUODENAL",LANSOPRAZOLE
8063968,OZAPRAL GELULE 30 MG B/30,"GASTRO.E.H., ULCERE GASTRODUODENAL",LANSOPRAZOLE
8124865,OZOLAMIDE CY 2% FL/5 ML,"OPHTALMOLOGIE, ANTIGLAUCOMATEUX",DORZOLAMIDE
3630198,O2-NEX SIROP 50MG/125MG FL/60ML,ASSOCIATION D'ANTIBIOTIQUES,OFLOXACINE + ORNIDAZOLE
3413638,O2-NEX 200MG/500MG COMPRIMÉS BTE DE 30,ASSOCIATION D'ANTIBIOTIQUES,"OFLOXACINE, ORNIDAZOLE"
7139064,PACIPHYL SIROP FL/100ML,"PNEUMOLOGIE, ANTI-ASMATHIQUE",AMBROXOL + GUAIFENESINE + TERBUTALINE + MENTHOL
8182070,PACLITAXEL BIOLYSE SOLUTION POUR PERFUSION 100MG/16,"CANCEROLOGIE, ANTINEOPLASIQUE",PACLITAXEL
8083592,PAIDOFEBRIL SUSP BUV 100MG/5ML FL/200ML,ANTI-INFLAMMATOIRE NON STEROIDIEN (AINS),IBUPROFENE
2027003,PAIDOTERIN SOL BUV FL/100 ML,"ORL,ANTI-GRIPPE,ANTI-RHUME",PARACETAMOL+DIPHENYLHYDRAMINE+GUAICOLATE DE GLYCERYL+PHENYLEPHRINE+CHLORPHENIRAMINE
8039071,PAINEX CP B/10,ANTALGIQUE/ANTIPYRETIQUE + AINS,PARACETAMOL+IBUPROFENE
3276419,PAINEX SUSPENSION BUVABLE FL/60ML,ANTALGIQUE/ANTIPYRETIQUE + AINS,PARACETAMOL+IBUPROFENE
2475330,PALSUNATE PDRE PR SUSP INJ 120MG FL/1,"PARASITOLOGIE, ANTIPALUDIQUE",ARTESUNATE
3415832,PALUCET-Z AMP INJ 40 MG B/6,"PARASITOLOGIE, ANTIPALUDIQUE",ARTEMETHER
3415870,PALUCET-Z SOL INJ 80 MG B/6,"PARASITOLOGIE, ANTIPALUDIQUE",ARTEMETHER
3397916,PALUCURE CP 80/480MG B/6,"PARASITOLOGIE, ANTIPALUDIQUE",ARTEMETHER+LUMEFANTRINE
3397879,PALUCURE DT CP DISP 20MG/120 MG B/6,"PARASITOLOGIE, ANTIPALUDIQUE",ARTEMETHER+LUMEFANTRINE
2475489,PALUCURE PLUS GELULES MOLLES 80MG/480MG B/6,"PARASITOLOGIE, ANTIPALUDIQUE",ARTEMETHER + LUMEFANTRINE
2006805,"PALUJECT 0,20 AMP INJ 200 MG B/6","PARASITOLOGIE, ANTIPALUDIQUE",QUININE RESORCHINE
2006811,"PALUJECT 0,40 AMP INJ 400 MG B/6","PARASITOLOGIE, ANTIPALUDIQUE",QUININE RESORCHINE
3262542,PALUMART CP 80/480MG B/6,"PARASITOLOGIE, ANTIPALUDIQUE",ARTEMETHER+LUMEFANTRINE
3019450,PALUMART PDRE P SUSP BUV 180/1080 MG FL/60 ML,"PARASITOLOGIE, ANTIPALUDIQUE",ARTEMETHER+LUMEFANTRINE
3373866,PALUMAX CP DISP 20MG/120 MG B/6,"PARASITOLOGIE, ANTIPALUDIQUE",ARTEMETHER+LUMEFANTRINE
3373941,PALUMAX CP DISP 80/480MG B/6,"PARASITOLOGIE, ANTIPALUDIQUE",ARTEMETHER+LUMEFANTRINE
3373903,PALUMAX CP 40/240MG B/6,"PARASITOLOGIE, ANTIPALUDIQUE",ARTEMETHER+LUMEFANTRINE
2474060,PALUMAX 15MG/90MG SOL BUV,"PARASITOLOGIE, ANTIPALUDIQUE",ARTEMETHER + LUMEFANTRINE
2474061,PALUMAX 60MG INJ IM/IV B/1,"PARASITOLOGIE, ANTIPALUDIQUE",ARTEMETHER
8552064,PALUMEL CP DISP 20MG/120 MG B/6,"PARASITOLOGIE, ANTIPALUDIQUE",ARTEMETHER+LUMEFANTRINE
8552087,PALUMEL CP 80/480MG B/6,"PARASITOLOGIE, ANTIPALUDIQUE",ARTEMETHER+LUMEFANTRINE
8011925,PALUMETHER SOL INJ 40 MG B/6,"PARASITOLOGIE, ANTIPALUDIQUE",ARTEMETHER
8012066,PALUMETHER SOL INJ 80 MG B/6,"PARASITOLOGIE, ANTIPALUDIQUE",ARTEMETHER
3993019,PALUMIL ADULTE CP 80/480 MG B/6,"PARASITOLOGIE, ANTIPALUDIQUE",ARTEMETHER+LUMEFANTRINE
3993002,PALUMIL ENFANT CP DISP 20MG/120 MG B/6,"PARASITOLOGIE, ANTIPALUDIQUE",ARTEMETHER+LUMEFANTRINE
2481265,PALUMOS 20MG/120MG CPR BT 6,"PARASITOLOGIE, ANTIPALUDIQUE",ARTEMETHER + LUMEFANTRINE
2481269,PALUMOS 80MG/480MG CPR BT 6,"PARASITOLOGIE, ANTIPALUDIQUE",ARTEMETHER + LUMEFANTRINE
1352221,PALUQUIN 300MG COMP PELL B/18,"PARASITOLOGIE, ANTIPALUDIQUE",QUININE
3383216,PALUTOR CP DISP 20MG/120 MG B/6,"PARASITOLOGIE, ANTIPALUDIQUE",ARTEMETHER+LUMEFANTRINE
3383230,PALUTOR CP DISPERS 40MG/240MG B/12,"PARASITOLOGIE, ANTIPALUDIQUE",ARTEMETHER+LUMEFANTRINE
3383247,PALUTOR CP 80/480 MG B/6,"PARASITOLOGIE, ANTIPALUDIQUE",ARTEMETHER+LUMEFANTRINE
8585342,PALUVA AMP INJ 40 MG B/6,"PARASITOLOGIE, ANTIPALUDIQUE",ARTEMETHER
8585320,PALUVA SOL INJ 80 MG B/6,"PARASITOLOGIE, ANTIPALUDIQUE",ARTEMETHER
8509016,PALUVA CP 40/240MG B/6,"PARASITOLOGIE, ANTIPALUDIQUE",ARTEMETHER+LUMEFANTRINE
8629648,PALUVA CP 60MG/360MG B/6,"PARASITOLOGIE, ANTIPALUDIQUE",ARTEMETHER+LUMEFANTRINE
8509039,PALUVA CP 80/480 MG B/6,"PARASITOLOGIE, ANTIPALUDIQUE",ARTEMETHER+LUMEFANTRINE
8509051,PALUVA PDRE P SUSP BUV 180/1080 MG FL/60 ML,"PARASITOLOGIE, ANTIPALUDIQUE",ARTEMETHER+LUMEFANTRINE
8596943,PALUVA PLUS 60MG IM/IV SOL PDRE POUR SOL INJECTABLE B/1,"PARASITOLOGIE, ANTIPALUDIQUE",ARTESUNATE
5050061,PALUXIN CP B/3,"PARASITOLOGIE, ANTIPALUDIQUE",SULFADOXINE+PYRIMETHAMINE
8410594,PAMAGIN C COMPRIME PELLICULE B/10,"ORL, ANTIGRIPPE ET ANTIRHUME",CETIRIZINE + PARACETAMOL + DEXTROMETHORPHANE + PHENYLEPHRINE + ZINC
3598962,PAN 20 CP A LIBERATION RETARDEE 20MG B/10,"GASTRO E H , ULCERE GASTRO-DUODENALE",PANTOPRAZOLE
3598955,PAN 40 CP LP 40MG B/10,"GASTRO E H , ULCERE GASTRO-DUODENALE",PANTOPRAZOLE
3677650,PANADEX COMP 100MG/325MG B/10,ANTALGIQUE /ANTIPYRETIQUE + AINS,ACECLOFENAC + PARACETAMOL + SERRATIOPEPTIDASE
8045829,PANADOL ACTIFAST CP 500 MG/173 MG B/20,ANTALGIQUE/ANTIPYRETIQUE,PARACETAMOL+BICARBONATE DE SODIUM
3361514,PANADOL CP EFF 500 MG B/12,ANTALGIQUE/ANTIPYRETIQUE,PARACETAMOL
8045812,PANADOL EXTRA CP 500 MG/65 MG B/20,ANTALGIQUE/ANTIPYRETIQUE,PARACETAMOL+CAFEINE
3500527,PANADOL FEMINA CP B/10,ANTALGIQUE/ANTIPYRETIQUE ET ANTISPASMODIQUE,PARACETAMOL + BUTYLBROMURE DE HYOSCINE
3500503,PANADOL RHUME ET GRIPPE CP B/16,"ORL,ANTI-GRIPPE,ANTI-RHUME",PARACETAMOL + PHENYLEPHRINE + CAFEINE
8011144,PANADOL SIROP FL/100 ML,ANTALGIQUE/ANTIPYRETIQUE,PARACETAMOL
8027286,PANALGIC CP EFF B/16,ANTALGIQUE/ANTIPYRETIQUE,PARACETAMOL+CAFEINE
3212967,PANALIFE SIROP 120MG FL/100ML,ANTALGIQUE/ANTIPYRETIQUE,PARACETAMOL
3212929,PANALIFE SIROP 250MG FL/100ML,ANTALGIQUE/ANTIPYRETIQUE,PARACETAMOL
2473684,PANCI D 40MG/10MG CP B/30,"GASTRO E H, ULCERE GASTRO DUODENALE",PANTOPRAZOLE + DOMPERIDONE
3893715,PANCRETA ER COMPRIME LP 1000MG B/30,"ANTIDIABETIQUE, BIGUANIDES",METFORMINE
8435253,PANEWIN T CP ENROBE 100MG/4MG B/10,ANTI-INFLAMMATOIRE NON STEROIDIEN (AINS),ACECLOFENAC + THIOCOLCHICOSIDE
3275588,PANFUREX GELULE 200 MG B/28,"GASTRO.E.H., ANTI- DIARRHEIQUE",NIFUROXAZIDE
2295442,PANOL SIROP 250 MG/5ML FL 60ML,ANTALGIQUE/ANTIPYRETIQUE,PARACETAMOL
3228210,PANOPRIST CP PELLICULE 4MG B/30,"ANTIHYPERTENSEUR, INHIBITEUR DE L'ENZYME DE CONVERSION",PERINDOPRIL
3228258,PANOPRIST CP PELLICULE 8MG B/30,"ANTIHYPERTENSEUR, INHIBITEUR DE L'ENZYME DE CONVERSION",PERINDOPRIL
3193365,"PANOPRIST PLUS COMPRIMES PELLICULES 4MG/ 1,25MG B/30",AUTRES ASSOCIATIONS D'ANTIHYPERTENSEURS,INDAPAMIDE + PERINDOPRIL
3228173,PANOPRIST PLUS CP PELLICULE 2MG/0.625MG B/30,AUTRES ASSOCIATIONS D'ANTIHYPERTENSEURS,INDAPAMIDE + PERINDOPRIL
3192253,PANOTILE SOL AURIC FL/8 ML,"ORL, OTITE EXTERNE, ANTIBIOTIQUE + CORTICOIDE",FLUDROCORTISONE+LIDOCAINE+POLYMYXINE B
3993484,PANTIN COMP 20MG BT 30,"GASTRO EH, ULCERE GASTRO-DUODENAL",PANTOPRAZOLE
3620595,PANTIN COMP 40MG BT 30,"GASTRO EH, ULCERE GASTRO-DUODENAL",PANTOPRAZOLE
3135822,PANTO DENK CP PELL 20 MG B/28,"GASTRO.E.H., ULCERE GASTRODUODENAL",PANTOPRAZOLE
3135860,PANTO DENK CP PELL 40 MG B/28,"GASTRO.E.H., ULCERE GASTRODUODENAL",PANTOPRAZOLE
2476842,PANTOFAV COMP 40MG B/30,"GASTRO EH, ULCERE GASTRO-DUODENAL",PANTOPRAZOLE
2473632,PANTOLOC 20 MG CP,"GASTRO E H , ULCERE GASTRO-DUODENALE",PANTOPRAZOLE
2473633,PANTOLOC 40 MG CP,"GASTRO E H , ULCERE GASTRO-DUODENALE",PANTOPRAZOLE
8490018,PANTONEX DR CP LP 40MG B/10,"GASTRO E H , ULCERE GASTRO-DUODENALE",PANTOPRAZOLE
8490009,PANTONEX DR CP LP 40MG B/30,"GASTRO E H , ULCERE GASTRO-DUODENALE",PANTOPRAZOLE
3227503,PANTOPRAL-D GELULES 40MG/30MG B/30,"GASTRO.E.H., ULCERE GASTRODUODENAL",PANTOPRAZOLE+DOMPERIDONE
8021208,PANTOTAB-40 CP PELL 40 MG B/30,"GASTRO.E.H., ULCERE GASTRODUODENAL",PANTOPRAZOLE
8085906,PANTOXON INJ 1G IM B/1,"ANTIBIOTIQUE, CEPHALOSPORINE",CEFTRIAXONE
3223260,PAPOFFER CP EFFERVESCENT 60MG/20MG/25MG B/20,"GASTRO.E.H., TROUBLES FONCTIONNELS DIGESTIFS",PAPAINE + DIASTASE FONGIQUE + SIMETHICONE
3281802,PARA DENK 500MG CPR BL/20,ANTALGIQUE/ANTIPYRETIQUE,PARACETAMOL
3463369,PARABUDOL SUSP BUV FL/100 ML,ANTALGIQUE/ANTIPYRETIQUE + AINS,PARACETAMOL+IBUPROFENE
3268513,PARABUFEN SUSP BUV FL/60 ML,ANTALGIQUE/ANTIPYRETIQUE + AINS,PARACETAMOL+IBUPROFENE
8398864,PARACAF COMP B/20,ANTALGIQUE/ANTIPYRETIQUE,PARACETAMOL + CAFEINE
3076513,PARACALM COMPRIME 50MG/25MG B/20,ANTALGIQUE/ANTIPYRETIQUE,PARACETAMOL + DIPHENHYDRAMINE
3997932,PARACE 100MG/500MG CPR B/10,ANTALGIQUE/ANTIPYRETIQUE + AINS,ACECLOFENAC + PARACETAMOL
3014706,PARACET 3% SUSP BUV FL/100ML,ANTALGIQUE/ANTIPYRETIQUE,PARACETAMOL
3414743,PARACETA-M SOL P PERF 10MG FL/100,ANTALGIQUE/ANTIPYRETIQUE,PARACETAMOL
3669143,PARACETAMOL AFRICURE 500MG CPR B / 20,ANTALGIQUE /ANTIPYRETIQUE,PARACETAMOL
3820057,PARACETAMOL BIOGARAN COMP 500MG B/16,ANTALGIQUE/ANTIPYRETIQUE,PARACETAMOL
5604000,PARACETAMOL CP 500 MG B/10,ANTALGIQUE/ANTIPYRETIQUE,PARACETAMOL
5050031,PARACETAMOL DENK SUPPO 125MG B/10,ANTALGIQUE/ANTIPYRETIQUE,PARACETAMOL
5050032,PARACETAMOL DENK SUPPO 250 MG B/10,ANTALGIQUE/ANTIPYRETIQUE,PARACETAMOL
3263846,PARACETAMOL GELULE 500 MG B/24,ANTALGIQUE/ANTIPYRETIQUE,PARACETAMOL
2474101,PARACETAMOL TM COMP 500MG B/20,ANTALGIQUE/ANTIPYRETIQUE,PARACETAMOL
8054082,PARACETAMOL UBI CP 500 MG PLAQUETTE DE 10,ANTALGIQUE/ANTIPYRETIQUE,PARACETAMOL
8054283,PARACETAMOL UBI SUSP BUV 120 MG /5 ML FL/60 ML,ANTALGIQUE/ANTIPYRETIQUE,PARACETAMOL
8094271,PARACETAMOL WINTHROP CP 500 MG B/20,ANTALGIQUE/ANTIPYRETIQUE,PARACETAMOL
3100156,PARACETAMOL WINTHROP CP 500 MG PLAQUETTE DE 10,ANTALGIQUE/ANTIPYRETIQUE,PARACETAMOL
3309308,"PARACETAWAL 1G/00 I,V SOLUTION POUR PERFUSION IV 1G/100ML FLACON DE 100ML",ANTALGIQUE/ANTIPYRETIQUE,PARACETAMOL
3994122,PARACETMOL PHARCO 1G SOLUTION POUR PERFUSION FL/100ML,ANTALGIQUE/ANTIPYRETIQUE,PARACETAMOL
2284059,PARACO DENK SUPP 1000/60 MG B/10,"ANTALGIQUE/ANTIPYRETIQUE, ASSOCIATION CONTENANT UN OPIACE",PARACETAMOL + CODEINE
8411760,PARACO DENK 500/30 CP 500/30MG B/20,"ANTALGIQUE/ANTIPYRETIQUE, ASSOCIATION CONTENANT UN OPIACE",PARACETAMOL + CODEINE
3999734,PARADIK COMPRIME PELLICULE FORTE B/10,ANTALGIQUE/ANTIPYRETIQUE + AINS,DICLOFÉNAC + PARACETAMOL + SERRATIOPEPTIDASE
7524885,PARADIK 50MG/500MG CPR B/10,ANTALGIQUE/ANTIPYRETIQUE + AINS,PARACETAMOL+DICLOFENAC
3700502,PARAEFFER CP EFF 500 MG B/16,ANTALGIQUE/ANTIPYRETIQUE,PARACETAMOL
1027409,PARAFIZZ COMPRIME EFFERVESCENT 500MG B/16,ANTALGIQUE/ANTIPYRETIQUE,PARACETAMOL
2297547,PARAFLAM CP 400/325MG B/10,ANTALGIQUE/ANTIPYRETIQUE + AINS,PARACETAMOL+IBUPROFENE
8586140,PARAFUSIV SOL INJ P PERFUSION FL/100ML,ANTALGIQUE/ANTIPYRETIQUE,PARACETAMOL
3096429,PARAKEM SIROP A FLACON 150ML,"ORL,ANTI-GRIPPE,ANTI-RHUME",PHENYLEPHRINE + CHLORPHENIRAMINE + PARACETAMOL
3990186,PARAMAX COMPRIMES PELLICULES 100MG/500MG B/30,ANTALGIQUE/ANTIPYRETIQUE + AINS,ACECLOFENAC + PARACETAMOL
3610039,PARAMED CP 500 MG B/20,ANTALGIQUE/ANTIPYRETYQUE,PARACETAMOL
3609996,PARAMED PDRE P SUSP BUV 1G/SACH B/10,ANTALGIQUE/ANTIPYRETYQUE,PARACETAMOL
3610077,PARAMED SOL BUV 3% FL/100ML,ANTALGIQUE/ANTIPYRETYQUE,PARACETAMOL
3996744,PARANIDAZOLE CP PELL 500 MG B/20,ANTIBIOTIQUE ET ANTIPARASITAIRE,METRONIDAZOLE
3941386,PARASON 125MG/5ML SUSP BUV F/100ML,ANTALGIQUE/ANTIPYRETIQUE,PARACÉTAMOL
2475009,PARAT-UNE SIROP 250MG FL/100ML,ANTALGIQUE/ANTIPYRETIQUE,PARACETAMOL
3491913,PARAVEN SP 10MG/ML IV SOL PERF POCHE DE 100ML,ANTALGIQUE/ANTIPYRETIQUE,PARACETAMOL
3033326,PARCEDOL CP 500 MG B/20,ANTALGIQUE/ANTIPYRETIQUE,PARACETAMOL
8601905,PARIB C CP PELL B/10,ANTALGIQUE/ANTIPYRETIQUE + AINS,PARACETAMOL + IBUPROFENE + CAFEINE
8495099,PARIB SUSP BUV FL/100 ML,ANTALGIQUE/ANTIPYRETIQUE + AINS,PARACETAMOL+IBUPROFENE
3202655,"PARLODEL CP 2,5 MG B/30","ENDOCRINOLOGIE,AGONISTE DOPAMINERGIQUE, INH.DE LA PROLACTINE",BROMOCRIPTINE
8005468,PAROL CP 500 MG B/30,ANTALGIQUE/ANTIPYRETIQUE,PARACETAMOL
8005497,PAROL SUSP BUV 250MG/5ML FL/100ML,ANTALGIQUE/ANTIPYRETIQUE,PARACETAMOL
2473035,PATADIN COLLYRE 0,"OPHTALMOLOGIE,ANTI-ALLERGIQUE LOCAL",OLOPATADINE
3288970,"PAXELADINE SIROP 0,2% FL/125 ML","PNEUMOLOGIE, ANTITUSSIF NON OPIACE NON ANTIHISTAMINIQUE",OXELADINE
3847404,PCM COMPRIMES 1 G B/16,ANTALGIQUE/ANTIPYRETIQUE,PARACETAMOL
3719756,PCM SIROP 120MG FL/100ML,ANTALGIQUE/ANTIPYRETIQUE,PARACETAMOL
8428996,PCM SIROP 250 MG/5ML FL 60ML,ANTALGIQUE/ANTIPYRETIQUE,PARACETAMOL
3255704,PECTOGEN SIROP FL/120ML,"PNEUMOLOGIE, ANTITUSSIF",BROMHEXINE + SALBUTAMOL +GUAIFENESINE
8393275,PEDIFEN COMP 400MG B/30,ANTI-INFLAMMATOIRE NON STEROIDIEN (AINS),IBUPROFENE
8098091,PEDIFEN SUSP BUV 100MG/5ML FL/100ML,ANTI-INFLAMMATOIRE NON STEROIDIEN (AINS),IBUPROFENE
3599606,PEGASYS SOL INJ 180 MCG SERINGUE PRE REMPLIE B/1 SERINGUE DE 0.5 ML,"GASTRO E H , HEPATITES VIRALES CHRONIQUES",P EGINTERFERON ALPHA-2A
3358405,"PEITEL CREME 0,25% T/30G","DERMATOLOGIE,DERMOCORTICOIDE(AIS)",PREDNICARBATE
2478597,PELADOL EXTRA COMPR 325MG/50MG/30MG BT10,ANTALGIQUE/ANTIPYRETIQUE + AINS,PARACETAMOL + DICLOFENAC + CAFEINE
2478598,PELADOL FIZZI COMPRIMES EFFERVESCENTS 500MG B/16,ANTALGIQUE/ANTIPYRETIQUE,PARACETAMOL
2478600,PELADOL FIZZI CPR 1000MG BT16,ANTALGIQUE/ANTIPYRETIQUE,PARACETAMOL
5015582,PENAMOX GELULE 500 MG B/12,"ANTIBIOTIQUE, PENICILLINE",AMOXICILLINE
5015584,PENAMOX PDRE P SUSP BUV 250 MG/5 ML FL/60 ML,"ANTIBIOTIQUE, PENICILLINE",AMOXICILLINE
3992487,PENGESIC CP LP 100 MG B/30,ANTALGIQUE OPIACE FAIBLE,TRAMADOL
2009778,PENICILLINE G PDRE P P INJ 1 MUI B/1,"ANTIBIOTIQUE, PENICILLINE",BENZYL PENICILLINE
2010787,PENICILLINE G SARB PDRE P P INJ 1 MUI B/1,"ANTIBIOTIQUE, PENICILLINE",BENZYL PENICILLINE
3776810,"PENNARPEN IN2,4 UI","ANTIBIOTIQUE, PENICILLINE",BENZYLPENICILLINE
3320521,PEPSANE GELEE ORALE B/30,"GASTRO.E.H., ANTIACIDE ET PANSEMENT GASTROINTESTINAL",GAIAZULENE+DIMETICONE
3673638,PEPTEX SACHET BUVABLE B/12,"GASTRO E H, ANTI-ACIDE",ALUMINIUM + MAGNESIUM + SIMETICONE
2475214,PEPTEX SOL BUV SACH B/12,"GASTRO.E.H., ANTIACIDE ET PANSEMENT GASTROINTESTI",SIMETHICONE+ALUMINIUM HYDROXYDE NAL +MAGNESIUM HYDROXYDE
8418733,PEPTEX SUSP BUV FL/200 ML,"GASTRO.E.H., ANTIACIDE ET PANSEMENT GASTROINTESTINAL",SIMETHICONE+ALUMINIUM HYDROXYDE+MAGNESIUM HYDROXYDE
8077404,PEPTICA SUSP BUV FL/200 ML,"GASTRO.E.H., ANTIACIDE ET PANSEMENT GASTROINTESTINAL",OXYDE D'ALUMINIUM + HYDROXYDE DE MAGNESIUM + SIMETHICONE
8034642,PERFALGAN SOL P PERF 10MG FL/100,ANTALGIQUE/ANTIPYRETIQUE,PARACETAMOL
8034659,PERFALGAN SOL P PERF 10MG FL/50,ANTALGIQUE/ANTIPYRETIQUE,PARACETAMOL
3415795,PERFLOX SOL INJ 200MG FL/100ML,"ANTIBIOTIQUE, QUINOLONE",OFLOXACINE
3286416,PERIDYS CP 10 MG B/40,"GASTRO.E.H., NAUSEES ET VOMISSEMENTS",DOMPERIDONE
3286422,"PERIDYS SOL BUV 0,1% FL/200 ML","GASTRO.E.H., NAUSEES ET VOMISSEMENTS",DOMPERIDONE
3689983,PERIMOL CP PLAQUETTE DE 10,"GASTRO.E.H., NAUSEES ET VOMISSEMENTS",DOMPERIDONE
4249387,PERINAM DENK 4MG/5MG CPR B/30,ASSOCIATION D'ANTIHYPERTENSEURS,PERINDOPRIL + AMLODIPINE
4212187,PERINAM DENK 8MG/10MG CPR B/30,ASSOCIATION D'ANTIHYPERTENSEURS,PERINDOPRIL + AMLODIPINE
3341391,PERINDOGEN CP PELL 10 MG B/30,"ANTIHYPERTENSEUR, INHIBITEUR DE L'ENZYME DE CONVERSION",PERINDOPRIL
3341384,PERINDOGEN CP 5 MG B/30,"ANTIHYPERTENSEUR, INHIBITEUR DE L'ENZYME DE CONVERSION",PERINDOPRIL
2474756,PERISPAME COMPRIME ORODISPERSIBLE B/10,ANTISPASMODIQUE,PHLOROGLUCINOL
2474755,PERISPAME COMPRIME ORODISPERSIBLE B/30,ANTISPASMODIQUE,PHLOROGLUCINOL
3344504,PERMIXON CP 160 MG B/60,"UROLOGIE , HYPERTROPHIE BENIGNE DE LA PROSTATE",SERENAO REPENS
3199829,PERSANTINE CP ENR 75 MG B/100,"CARDIOLOGIE, PREVENTION CARDIOVASCULAIRE",DIPYRIDAMOLE
3904871,PERTAMOL KID SUSPENSION BUVABLE 125MG/ 5ML FL/60ML,ANTALGIQUE/ANTIPYRETIQUE,PARACETAMOL
3033913,PEVAGINE OVULE 150MG B/3,"GYNECOLOGIE,TRAITEMENT DES VULVOVAGINITES",ECONAZOLE
3033906,PEVAGINE CREME 1% T/30 G,"DERMATOLOGIE, ANTIFONGIQUE LOCAL",ECONAZOLE
3202253,PEVARYL LAIT DERM 1% FL/30 ML,"DERMATOLOGIE, ANTIFONGIQUE LOCAL",ECONAZOLE
3185218,PEVARYL SPRAY FL/150G,"DERMATOLOGIE, ANTIFONGIQUE LOCAL",ECONAZOLE
3342362,PEVARYL 1% PDRE P APPL LOC FL/30 G,"DERMATOLOGIE, ANTIFONGIQUE LOCAL",ECONAZOLE
1353431,"PHALEX PDRE POUR SUSP BUV 125MG/5ML FL/ 22,5ML","ANTIBIOTIQUE, CEPHALOSPORINE",CEFALEXIN
3400649,PHARLUMI CP DISP 20MG/120 MG B/6,"PARASITOLOGIE, ANTIPALUDIQUE",ARTEMETHER+LUMEFANTRINE
8574232,PHARLUMI CP 40/240MG B/6,"PARASITOLOGIE, ANTIPALUDIQUE",ARTEMETHER+LUMEFANTRINE
3252074,PHARLUMI CP 80/480 MG B/6,"PARASITOLOGIE, ANTIPALUDIQUE",ARTEMETHER+LUMEFANTRINE
2477240,PHARMACINON 5UI/1ML IV/IM SOL INJ B/10,"GYNECOLOGIE, OCYTOCIQUE",OCYTOCINE
2477241,PHARMACINON 5UI/1ML IV/IM SOL INJ B/3,"GYNECOLOGIE, OCYTOCIQUE",OCYTOCINE
5607030,PHARMAGRIP GELULE B/14,"ORL,ANTI-GRIPPE,ANTI-RHUME",PARACETAMOL+CHLORPHENIRAMINE+PHENYLEPHRINE
5607020,PHARMAGRIP PDRE BUV B/10 SCAHET,"ORL,ANTI-GRIPPE,ANTI-RHUME",PARACETAMOL+CHLORPHENIRAMINE+PHENYLEPHRINE
3072561,PHARMALGAN SOL P PERF 10MG FL/100,ANTALGIQUE/ANTIPYRETIQUE,PARACETAMOL
2477239,"PHARMANTIN XR COMPRIMES 1000/62,5MG LP B/10","ANTIBIOTIQUE, PENICILLINE",AMOXICILLINE + ACIDE CLAVULANIQUE
8110432,PHARPEN GELULE 500 MG B/12,"ANTIBIOTIQUE, PENICILLINE",OXACILLINE
8111897,PHARPEN SUSP BUV 250MG FL/60ML,"ANTIBIOTIQUE, PENICILLINE",OXACILLINE
3999783,PHARSUNATE POUDRE POUR SOLUTION INJECTABLE 120MG B/1,"PARASITOLOGIE, ANTIPALUDIQUE",ARTESUNATE
3374764,PHARTRIM CP 480MG B/20,"ANTIBIOTIQUE, SULFAMIDE",SULFAMETHOXAZOLE+TRIMETHOPRIME
3374726,PHARTRIM FORTE CP 800/160MG B/10,"ANTIBIOTIQUE, SULFAMIDE",SULFAMETHOXAZOLE+TRIMETHOPRIME
3374801,PHARTRIM SUSPENSION BUVABLE 200MG/40MG FL/100ML,"ANTIBIOTIQUE, SULFAMIDE",SULFAMETHOXAZOLE+TRIMETHOPRIME
3082286,PHENERGAN CP ENR 25 MG B/20,"ALLERGOLOGIE,ANTIHISTAMINIQUE",PROMETHAZINE
3082263,PHENERGAN CREME 2% T/30 G,"DERMATOLOGIE, ANTIPRURIGINEUX",PROMETHAZINE
3253523,"PHENERGAN SIROP 0,1% FL/150 ML","ALLERGOLOGIE,ANTIHISTAMINIQUE",PROMETHAZINE
3082240,PHENERGAN SOL INJ 50 MG FL 25 ML,"ALLERGOLOGIE,ANTIHISTAMINIQUE",PROMETHAZINE
2472816,PHICEFAL COMP DISP 100MG B/10,"ANTIBIOTIQUE, CEFALOSPORINE",CEFIXIME
2472818,PHICEFAL COMP 200MG B/10,"ANTIBIOTIQUE, CEFALOSPORINE",CEFIXIME
2472819,PHICEFAL GELULE 400MG B/8,"ANTIBIOTIQUE, CEFALOSPORINE",CEFIXIME
2472817,PHICEfAL SUSP BUV 100MG/5ML FL/60ML,"ANTIBIOTIQUE, CEFALOSPORINE",CEFIXIME
2471936,PHIMOCLAV SACHET 1G/125MG B/16,"ANTIBIOTIQUE, PENICILLINE",AMOXICILLINE + ACIDE CLAVULANIQUE
2472820,PHIMOCLAV SACHET 1000/125MG B/24,"ANTIBIOTIQUE, PENICILLINE",AMOXICILLINE + ACIDE CLAVULANIQUE
2472790,PHIMOCLAV SACHET 500MG/62,"ANTIBIOTIQUE, PENICILLINE",AMOXICILLINE + ACIDE CLAVULANIQUE
2471935,PHIMOCLAV SACHET 500MG/62mg5 b/16,"ANTIBIOTIQUE, PENICILLINE",AMOXICILLINE + ACIDE CLAVULANIQUE
2471934,PHIMOCLAV SUSP BUV 100MG/12,"ANTIBIOTIQUE, PENICILLINE",AMOXICILLINE + ACIDE CLAVULANIQUE
2471932,"PHIMOCLAV SUSP BUV 100MG/12,5MG FL/30ML","ANTIBIOTIQUE, PENICILLINE",AMOXICILLINE + ACIDE CLAVULANIQUE
9002147,PHLORO-G COMP ORODISPERSIBLE 80MG B/10,ANTISPASMODIQUE,PHLOROGLUCINOL
3006362,"PHLOROGLUCINOL SP SOL INJ 40MG/0,04 B/6",ANTISPASMODIQUE,PHLOROGLUCINOL
3491924,"PHLOROGLUCINOL SP 40MG/0,04MG SOL INJECTABLE IM/IV B/6",ANTISPASMODIQUE,PHLOROGLUCINOL
3219756,PHOSPHALUGEL SUSP BUV B/26 SACH,"GASTRO.E.H., ANTIACIDE ET PANSEMENT GASTROINTESTINAL",ALUMINIUM PHOSPHATE
5658839,PHOSTRIM COMPRIME 800MG B/10,HYPERPHOSPHOREMIE,CARBONATE DE SEVELAMER
8493930,PHYSIOMER BABY MIST SPRAY CANULE CONFORT FL/115ML,"ORL, DECONGESTIONNANTS",EAU DE MER ISOTONIQUE
9996465,PHYSIOMER DECONGESTIONANT HYPERTONIQUE SPRAY FLACON DE 60ML,"ORL, DECONGESTIONNANTS",EAU DE MER ISOTONIQUE
8493953,PHYSIOMER HYPERTONIQUE FLACON DE 135 ML,"ORL, DECONGESTIONNANTS",EAU DE MER ISOTONIQUE
8493947,PHYSIOMER JET NORMAL FLACON DE 135 ML,"ORL, DECONGESTIONNANTS",EAU DE MER ISOTONIQUE
4170965,PHYTORAL PDE 2% T 15G,"DERMATOLOGIE, ANTIFONGIQUE",KETOCONAZOLE
8012037,PHYTORAL CP B/10,ANTIFONGIQUE SYSTEMIQUE,KETOCONAZOLE
5612090,PHYTORAL SOL P APPL LOC FL/100 ML,"DERMATOLOGIE, ANTIFONGIQUE LOCAL",KETOCONAZOLE
3630204,PIDEX COMP 20MG/160MG B/6,"PARASITOLOGIE, ANTIPALUDIQUE",DIHYDROARTEMISININE + PIPERAQUINE
3630211,PIDEX COMP 40MG/320MG B/9,"PARASITOLOGIE, ANTIPALUDIQUE",DIHYDROARTEMISININE + PIPERAQUINE
3132736,PILO 2 CY 2% FL/10 ML,"OPHTALMOLOGIE, ANTIGLAUCOMATEUX",PILOCARPINE
3137231,PIPORTIL L4 AMP INJ 25 MG B/3,"PSYCHIATRIE, NEUROLEPTIQUES",PIPOTIAZINE
3941324,PIPSON 90MG/720MG F/60ML,"PARASITOLOGIE, ANTIPALUDIQUE",DIHYDROARTEMISININE + PIPERAQUINE
8427703,PIRENBET 200 MG COMPRIMÉ BTE DE 30,FIBROSE PULMONAIRE IDIOPATHIQUE,PIRFENIDONE
3093603,PIROCAM CP 20 MG B/10,ANTI-INFLAMMATOIRE NON STEROIDIEN (AINS),PIROXICAM
8515264,PIROCAM SOTHEMA SOLUTION INJECTABLE IM 20MG/ML B/2,ANTI-INFLAMMATOIRE NON STEROIDIEN (AINS),PIROXICAM
8082210,PIROXEN CP DISPERSIBLES CP DISPERS 20 MG B/ 12,ANTI-INFLAMMATOIRE NON STEROIDIEN (AINS),PIROXICAM
2299641,PIROXEN 20MG SOL INJ B/2,ANTI-INFLAMMATOIRE NON STEROIDIEN (AINS),PIROXICAM
8467513,PIRRO 20 GELULE BT 10,ANTIINFLAMMATOIRE NON STEROIDIEN,PIROXICAM
3353852,PITALO COMPRIMES PELLICULES 1MG B/30,HYPOLIPEMIANT,PIVASTATINE
3323869,PITALO COMPRIMES PELLICULES 2MG B/30,HYPOLIPEMIANT,PIVASTATINE
3363876,PITALO CP 4 MG B/30,HYPOLIPEMIANT,PIVASTATINE
3206110,PIVALONE SIMPLE SUSP P INHAL 1% FL/10 ML,"ORL, ANTIBACTERIEN ET/OU ANTI-INFLAMMATOIRE",TIXOCORTOL
3083820,PLAQUENIL CP PELL 200 MG B/30,"RHUMATOLOGIE,TTT DE FOND DES RHUMATISMES INFLAMMATOIRES",HYDROXYCHLOROQUINE
3463406,PLASMETHER SOL INJ 80 MG B/6,"PARASITOLOGIE, ANTIPALUDIQUE",ARTEMETHER
3463444,PLASMINAL CP 80/480 MG B/6,"PARASITOLOGIE, ANTIPALUDIQUE",ARTEMETHER+LUMEFANTRINE
3463482,PLASMINAL PDRE P SUSP BUV 180/1080 MG FL/60 ML,"PARASITOLOGIE, ANTIPALUDIQUE",ARTEMETHER+LUMEFANTRINE
3463529,PLASMINAL POUDRE POUR SUSPENSION BUVABLE 360MG/2160MG FL/120ML,"PARASITOLOGIE, ANTIPALUDIQUE",ARTEMETHER+LUMEFANTRINE
3253311,PLASMOCID CP DISP 20MG/120 MG B/6,"PARASITOLOGIE, ANTIPALUDIQUE",ARTEMETHER+LUMEFANTRINE
3253397,PLASMOCID CP DISP 80/480MG B/6,"PARASITOLOGIE, ANTIPALUDIQUE",ARTEMETHER+LUMEFANTRINE
8093544,PLASMOCID CP 20 MG /120 MG B/24,"PARASITOLOGIE, ANTIPALUDIQUE",ARTEMETHER+LUMEFANTRINE
3565803,PLASMOCUR COMPRIMES 40MG/320MG B/12,"PARASITOLOGIE, ANTIPALUDIQUE",DIHYDROARTEMISININE + PIPERAQUINE
8885414,PLASMOCUR COMPRIMES 40MG/320MG B/12,"PARASITOLOGIE, ANTIPALUDIQUE",DIHYDROARTEMISININE + PIPERAQUINE
3576914,PLASMOCUR COMPRIMES 40MG/320MG B/6,"PARASITOLOGIE, ANTIPALUDIQUE",DIHYDROARTEMISININE + PIPERAQUINE
3416023,PLASMOCUR CP DISP 20MG/160MG B/6,"PARASITOLOGIE, ANTIPALUDIQUE",DIHYDROARTEMISININE + PIPERAQUINE
8185242,PLASMOCUR CP PELL 40MG/320MG B/9,"PARASITOLOGIE, ANTIPALUDIQUE",DIHYDROARTEMISININE + PIPERAQUINE
3516230,PLASMOCUR CP 80MG/640MG B/6,"PARASITOLOGIE, ANTIPALUDIQUE",DIHYDROARTEMISININE + PIPERAQUINE
3564397,PLASMOCUR CP 80MG/640MG B/8,"PARASITOLOGIE, ANTIPALUDIQUE",DIHYDROARTEMISININE + PIPERAQUINE
8185344,PLASMOCUR PDRE P SUSP BUV 135MG/1080MG FL/ 90ML,"PARASITOLOGIE, ANTIPALUDIQUE",DIHYDROARTEMISININE + PIPERAQUINE
8185347,PLASMOCUR PDRE P SUSP BUV 90MG/720MG FL/ 60ML,"PARASITOLOGIE, ANTIPALUDIQUE",DIHYDROARTEMISININE + PIPERAQUINE
2029025,PLASMOTRIM SUPPO 50 MG B/6,"PARASITOLOGIE, ANTIPALUDIQUE",ARTESUNATE
6986330,PLEGYL-F COMPRIME 400MG/100MG B/10,ANTIBIOTIQUE ET ANTIPARASITAIRE,METRONIDAZOLE + FURAZOLIDONE
8417656,PLENCOXIB GELULE 200 MG B/20,ANTI-INFLAMMATOIRE NON STEROIDIEN (AINS),CELECOXIB
6997441,PLETIN PLUS COMPRIME 50MG/325MG/250MG B/6,ANTALGIQUE/ANTIPYRETIQUE + AINS,DICLOFENAC + PARACETAMOL + CHLORZOXAZONE
164501,PLUFENTRINE CP 20MG/120MG B/6,"PARASITOLOGIE, ANTIPALUDIQUE",ARTEMETHER+LUMEFANTRINE
164587,PLUFENTRINE CP 40MG/240MG B/6,"PARASITOLOGIE, ANTIPALUDIQUE",ARTEMETHER+LUMEFANTRINE
2473361,PLUFENTRINE CP 60MG/360MG B/6,"PARASITOLOGIE, ANTIPALUDIQUE",ARTEMETHER + LUMEFANTRINE
164549,PLUFENTRINE CP 80/480 MG B/6,"PARASITOLOGIE, ANTIPALUDIQUE",ARTEMETHER+LUMEFANTRINE
3353899,PMS BICALUTAMIDE CP 50 MG B/30,"CANCEROLOGIE, ANTINEOPLASIQUE",BICALUTAMIDE
3353912,PMS ROSUVASTATIN CP PELL 10 MG B/30,HYPOLIPEMIANT,ROSUVASTATINE
3353929,PMS ROSUVASTATIN CP PELL 20MG B/30,HYPOLIPEMIANT,ROSUVASTATINE
3353905,PMS ROSUVASTATIN CP 5 MG B/30,HYPOLIPEMIANT,ROSUVASTATINE
5015665,P.N.D COLLYRE CY FL/3 ML,"OPHTALMOLOGIE, ANTI-INFLAMMATOIRES ET ANTIBACTERIENS LOCAUX",POLYMYXINE B + NEOMYCINE + DEXAMETHASONE
3192974,PNEUMOREL CP ENR 80 MG B/30,"PNEUMOLOGIE, ANTITUSSIF ANTIHISTAMINIQUE",FENSPIRIDE
3137981,PNEUMOREL SIROP 10 MG FL/150 ML,"PNEUMOLOGIE, ANTITUSSIF ANTIHISTAMINIQUE",FENSPIRIDE
3221068,PODIN-M PDE T/15 G,"DERMATOLOGIE, ANTIBACTERIEN LOCAL",POVIDONE IODEE + METRONIDAZOLE
3084894,POLARAMINE CP 2 MG B/30,"ALLERGOLOGIE,ANTIHISTAMINIQUE",DEXCHLORPHENIRAMINE
9945304,POLARES COMPRIMES 200MG B/10,"ANTIBIOTIQUE, CEPHALOSPORINE",CEFPODOXIME
9945959,POLARES POUDRE POUR SUSPENSION BUVABLE FL/30 ML,"ANTIBIOTIQUE, CEPHALOSPORINE",CEFPODOXIME
3014134,POLIFER SIROP FL/250 ML,"HEMATOLOGIE, ANTIANEMIQUES",HYDROCHLORURE DE PYRIDOXINE + HYDROCHLORURE DE THIAMINE + NICOTINAMINE
2474746,POLYDERM CREME 5MG/400MG/100MG/20MG TUBE DE 20G,DERMOCORTICOIDES + ANTIFONGIQUE,BETAMETHASONE + MICONAZOLE + NEOMYCINE + CHLOROCRESOL
3153342,POLYDEXA SOL AURIC FL/10 ML,"ORL, OTITES",POLYMYXINE B + NEOMYCINE + DEXAMETHASONE
8124871,POLYFRESH CY 2MG FL/10ML,"OPHTALMOLOGIE, SUPPLEANCE LACRYMALE",HYALURONATE DE SODIUM
3858851,POLYGEL GEL BUVABLE FL/200ML,"GASTRO.E.H., ANTIACIDE ET PANSEMENT GASTROINTESTINAL",HYDROXYDE D'ALUMINIUM + HYDROXYSE DE MAGNESIUM + SIMETHICONE
3143237,POLYGYNAX VIRGO CP VAGINAL B/6,"GYNECOLOGIE,TRAITEMENT DES VULVOVAGINITES",NYSTATINE+NEOMYCINE+POLYMYXINE B
2003824,POLYGYNAX CP VAGINAL B/12,"GYNECOLOGIE,TRAITEMENT DES VULVOVAGINITES",NYSTATINE+NEOMYCINE+POLYMYXINE B
3085020,POLYGYNAX CP VAGINAL B/6,"GYNECOLOGIE,TRAITEMENT DES VULVOVAGINITES",NYSTATINE+NEOMYCINE+POLYMYXINE B
3693742,POLYMALT SIROP 50MG/5ML FL/100ML,"HEMATOLOGIE, ANTIANEMIQUE",FER
2478524,POLYMIC COMPRIMES PELLICULES 200MG/500MG B/10,ASSOCIATION 'ANTIBIOTIQUES,OFLOXACINE + ORNIDAZOLE
3271919,POLYMOXYL GELULE 500 MG B/20,"ANTIBIOTIQUE, PENICILLINE",AMOXICILLINE
3221143,POLYMOXYL PDRE P SUSP BUV 250 MG/SACH B/12,"ANTIBIOTIQUE, PENICILLINE",AMOXICILLINE
3222850,POLYNYCIN CAPSULES MOLES VAGINALES B/12,"GYNECOLOGIE,TRAITEMENT DES VULVOVAGINITES",NEOMYCINE + POLYMYXINE B + NYSTATINE
3047031,POMMADE HEC PDE NAS T/25 G,"GASTRO.E.H., MEDICAMENT DE PROCTOLOGIE",HAMAMELIS+TANIN+PHENAZONE
3085244,PONSTYL GELULE 250 MG B/20,ANTI-INFLAMMATOIRE NON STEROIDIEN (AINS),ACIDE MEFENAMIQUE
2007503,PONSTYL SUSP BUV ENF FL/60 ML,ANTI-INFLAMMATOIRE NON STEROIDIEN (AINS),ACIDE MEFENAMIQUE
3867365,PONYADEX COLLYRE FL/5ML,"OPHTALMOLOGIE, ANTI-INFLAMMATOIRES ET ANTIBACTERIEN",DEXAMETHASONE + NEOMCINE + POLYMYXINE
2263755,POSITON CREME T/30 G,DERMOCORTICOIDES+ANTIFONGIQUES,NEOMYCINE+NYSTATINE+TRIAMCINOLONE
2263761,POSITON ONGUENT TUBE DE 30G,DERMOCORTICOIDES+ANTIFONGIQUES,NEOMYCINE+NYSTATINE+TRIAMCINOLONE
8064608,POVI BD 10% SOL FL/200ML,"DERMATOLOGIE, ANTISEPTIQUE LOCAL",POVIDONE IODEE
8054225,"PRADIS GOUTTES 0,4% FLACON DE 30ML","GASTRO.E.H., NAUSEES ET VOMISSEMENTS",METOCLOPRAMIDE
2293911,PRADIS SOL BUV FL/200 ML,"GASTRO.E.H., NAUSEES ET VOMISSEMENTS",METOCLOPRAMIDE
2295979,PRADIS SUPPO 10 MG B/10,"GASTRO.E.H., NAUSEES ET VOMISSEMENTS",METOCLOPRAMIDE
2475300,PRAGOSUN POUDRE PR SOL INJ 120MG IM/IV B/1,"PARASITOLOGIE, ANTIPALUDIQUE",ARTESUNATE
2475299,PRAGOSUN POUDRE PR SOL INJ 60MG IM/IV B/1,"PARASITOLOGIE, ANTIPALUDIQUE",ARTESUNATE
3642245,PRASUSAFE 05MG CP PELL B/30,"HEMOSTASE, ANTIAGREGANT PLAQUETTAIRE",PRASUGREL
3642290,PRASUSAFE 10MG CP PELL B/30,"HEMOSTASE, ANTIAGREGANT PLAQUETTAIRE",PRASUGREL
8003245,PRAVASTOR CP 40MG B/10,HYPOLIPEMIANT,PRAVASTATINE
3775035,PRAVIA COMP 500MG B/30,"NEUROLOGIE, ANTIEPILEPTIQUES",VALPROATE DE SODIUM + ACIDE VALPROIQUE
8000615,PRAZOL GELULE 20 MG B/14,"GASTRO.E.H., ULCERE GASTRODUODENAL",OMEPRAZOLE
8006445,PRAZOL GELULES 20MG B/28,"GASTRO.E.H., ULCERE GASTRODUODENAL",OMEPRAZOLE
3374528,PRAZOR GELULES 15MG B/16,"GASTRO.E.H., ULCERE GASTRODUODENAL",LANSOPRAZOLE
3374566,PRAZOR GELULES 30MG B/16,"GASTRO.E.H., ULCERE GASTRODUODENAL",LANSOPRAZOLE
8550220,PREBIEN PDRE INJ 120MG B/1,ANTI-INFLAMMATOIRE STEROIDIEN (AIS),METHYLPREDNISOLONE
8550243,PREBIEN PDRE INJ 40MG B/1,ANTI-INFLAMMATOIRE STEROIDIEN (AIS),METHYLPREDNISOLONE
2474310,PREDIVO 16MG CP B/ 20,ANTIINFLAMMATOIRE STEROIDIEN,METHYLPREDNISOLONE
3331460,PREDNI 20MG COOPER CPR SEC EFFV B/20,ANTI-INFLAMMATOIRE STEROIDIEN (AIS),PREDNISOLONE
3574055,PREDNISOLONE BIOGARAN COMPRIME EFFERVESCENT 20MG B/20,ANTI-INFLAMMATOIRE STEROIDIEN,PREDNISOLONE
2484285,PREGABALIN DENK 150 MG B/28,"NEUROLOGIE, ANTI−EPILEPTIQUE",PREGABALINE
2484286,PREGABALIN DENK 75 MG B/28,"NEUROLOGIE, ANTI−EPILEPTIQUE",PREGABALINE
3459928,PREGABALIN-GH GELULE 25 MG B/56,"NEUROLOGIE, ANTIEPILEPTIQUES",PREGABALINE
3459935,PREGABALIN-GH GELULE 75 MG B/56,"NEUROLOGIE, ANTIEPILEPTIQUES",PREGABALINE
2484553,PREGABANEURINE 75MG GELU BT 30,"NEUROLOGIE, ANTIEPILEPTIQUES",PREGABALINE
3424186,PREGASAFE GELULES 150MG B/30,"NEUROLOGIE, ANTIEPILEPTIQUES",PREGABALINE
3424223,PREGASAFE GELULES 75MG B/30,"NEUROLOGIE, ANTIEPILEPTIQUES",PREGABALINE
3671054,PREGIB 150 MG GELULE BT 30,"NEUROLOGIE, ANTIEPILEPTIQUES",PREGABALINE
3670958,PREGIB 25 MG GELULE BT 60,"NEUROLOGIE, ANTIEPILEPTIQUES",PREGABALINE
3671009,PREGIB 75 MG GELULE BT 50,"NEUROLOGIE, ANTIEPILEPTIQUES",PREGABALINE
8480672,PRENEU GELULE 75MG B/30,"NEUROLOGIE, ANTI-EPILEPTIQUE",PREGABALINE
3782322,PRETERAX CP PELL 2.5MG/0.625MG B/30,AUTRES ASSOCIATIONS D'ANTIHYPERTENSEURS,INDAPAMIDE + PERINDOPRIL
3395832,PRIMALAN CP SEC 5 MG B/14,"ALLERGOLOGIE,ANTIHISTAMINIQUE",MEQUITAZINE
3181568,PRIMALAN CP 10 MG B/14,"ALLERGOLOGIE,ANTIHISTAMINIQUE",MEQUITAZINE
3263680,PRIMALAN SIROP FL/60 ML,"ALLERGOLOGIE,ANTIHISTAMINIQUE",MEQUITAZINE
8004374,PRIMAX CY FL/10 ML,"OPHTALMOLOGIE, ANESTHESIQUES LOCAUX",PROPARACAINE
2473563,"PRIMIGYN 0,5MG GEL STER SER/2,5ML+CATH","GYNECOLOGIE, UTEROTONIQUE",DINOPROSTONE
3086108,PRIMOLUT NOR CP 10 MG B/30,"GYNECOLOGIE,TRAITEMENT DE L'ENDOMETRIOSE",NORETHISTERONE
3086120,PRIMPERAN CP 10 MG B/40,"GASTRO.E.H., NAUSEES ET VOMISSEMENTS",METOCLOPRAMIDE
5789908,PROCTICAD SIROP 10 G/15ML FL/200ML,"GASTRO.E.H., CONSTIPATION",LACTITOL
3752249,PROFEMIGR CP 150 MG B/10,ANTI-INFLAMMATOIRE NON STEROIDIEN (AINS),KETOPROFENE
3466035,PROFENID AMP INJ 100 MG B/2,ANTI-INFLAMMATOIRE NON STEROIDIEN (AINS),KETOPROFENE
3282594,PROFENID CP ENR LP 200 MG B/14,ANTI-INFLAMMATOIRE NON STEROIDIEN (AINS),KETOPROFENE
3330206,PROFENID CP ENR 100 MG B/30,ANTI-INFLAMMATOIRE NON STEROIDIEN (AINS),KETOPROFENE
3300085,"PROFENID GEL P APPL LOC 2,5% T/60 G",ANTI-INFLAMMATOIRE NON STEROIDIEN (AINS),KETOPROFENE
3138905,PROFENID GELULE 50MG B/24,ANTI-INFLAMMATOIRE NON STEROIDIEN (AINS),KETOPROFENE
8002837,PROFENID SIROP 1MG/ML FL/150 ML,ANTI-INFLAMMATOIRE NON STEROIDIEN (AINS),KETOPROFENE
3179293,PROFENID SUPPO 100 MG B/12,ANTI-INFLAMMATOIRE NON STEROIDIEN (AINS),KETOPROFENE
3714933,PROFIZ FORTE CP B/10,ANTIBIOTIQUE ET ANTIPARASITAIRE,CIPROFLOXACINE+TINIDAZOLE
1310801,PROGEST COMP 100MG B/30,"GYNECOLOGIE, PROGESTATIF",PROGESTERONE
1310811,PROGEST COMP 200MG B/30,"GYNECOLOGIE, PROGESTATIF",PROGESTERONE
3086597,PROGESTERONE RET AMP INJ 500 MG B/3,"GYNECOLOGIE, PROGESTATIFS",HYDROXY PROGESTERONE
3131412,PROGESTOGEL GEL P APPL LOC 1% T/80 G,"GYNECOLOGIE, PROGESTATIFS",PROGESTERONE
8117517,PROGLAU CY 2% FL/5 ML,"OPHTALMOLOGIE, ANTIGLAUCOMATEUX",DORZOLAMIDE
8082931,PROKEFEN AMP INJ 100 MG B/1,ANTI-INFLAMMATOIRE NON STEROIDIEN (AINS),KETOPROFENE
8083008,PROKEFEN CP DISPERSIBLE 100 MG B/03,ANTI-INFLAMMATOIRE NON STEROIDIEN (AINS),KETOPROFENE
3023648,PROKEFEN SUPPO 100 MG B/10,ANTI-INFLAMMATOIRE NON STEROIDIEN (AINS),KETOPROFENE
8069190,PROMONGYL CP PELL SEC 1 G B/2,ANTIBIOTIQUE ET ANTIPARASITAIRE,SECNIDAZOLE
3003853,PROPANOLOL BIOGARAN COMPRIME 40 MG B/50,"ANTIHYPERTENSEUR, BÊTABLOQUANT",PROPANOLOL
3008976,PROPANOLOL CP 40 MG B/50,"ANTIHYPERTENSEUR, BÊTABLOQUANT",PROPANOLOL
8028788,PROPILAN CP 30 MG B/30,"GASTRO.E.H., ULCERE GASTRODUODENAL",LANSOPRAZOLE
3372446,PROPOFAN CP B/15,"ANTALGIQUE/ANTIPYRETIQUE, ASSOCIATION CONTENANT UN OPIACE",PARACETAMOL+CAFEINE+CODEINE
3086930,PRORHINEL SOL NAS B/10,"ORL, DECONGESTIONNANTS",BENZODODECINIUM
3626078,PROSTALEN CP LP 10MG B/30,"UROLOGIE , HYPERTROPHIE BENIGNE DE LA PROSTATE",ALFUSOZINE
3002838,PROTEXIUM CP 20MG B/30,"GASTRO.E.H., ULCERE GASTRODUODENAL",ESOMEPRAZOLE
3002845,PROTEXIUM CP 40MG B/30,"GASTRO E H, ULCERE GASTRO-DUODENAL",ESOMEPRAZOLE
8103917,PROTON GELULE 10MG B/14,"GASTRO.E.H., ULCERE GASTRODUODENAL",OMEPRAZOLE
2269634,PROTON GELULE 20 MG B/14,"GASTRO.E.H., ULCERE GASTRODUODENAL",OMEPRAZOLE
2292828,PROTON GELULES 20MG B/28,"GASTRO.E.H., ULCERE GASTRODUODENAL",OMEPRAZOLE
3310095,PROZAC GELULE 20 MG B/14,"PSYCHIATRIE, ANTIDEPRESSEURS",FLUOXETINE
2029410,PRUREX CREME CREME T/40 G,"DERMATOLOGIE, ANTIPRURIGINEUX",CROTAMITON
3210352,PSORIABAN PDE T/15 G,"DERMATOLOGIE, ANTIPSORIASIS",CALITRIOL + BUTYHYDROXYANISOL + HULE RAFINEE DE CESAME
8438842,PUDOX CP 200 MG B/10,"ANTIBIOTIQUE, CEPHALOSPORINE",CEFPODOXIME
8438813,PUDOX PDRE P SUSP BUV 40MG/5ML FL/60ML,"ANTIBIOTIQUE, CEPHALOSPORINE",CEFPODOXIME
4003569,"PULMICORT SUSP POUR INHAL 0,5MG/2ML DETAIL CONDITIONNET DE 5 UNIDOSES","PNEUMOLOGIE, ANTIASTHMATIQUE",BUDESONIDE
4002713,PULMICORT SUSP POUR INHAL 1MG/2ML DETAIL CONDITIONNET DE 5 UNIDOSES,"PNEUMOLOGIE, ANTIASTHMATIQUE",BUDESONIDE
3372713,PULMICORT SUSP POUR INHALAT 0.5MG/2ML B/20,"PNEUMOLOGIE, ANTIASTHMATIQUE",BUDESONIDE
3002713,PULMICORT SUSP POUR INHALAT 0.5MG/2ML DETAIL,"PNEUMOLOGIE, ANTIASTHMATIQUE",BUDESONIDE
3373569,PULMICORT SUSP POUR INHALAT 1MG/2ML B/20,"PNEUMOLOGIE, ANTIASTHMATIQUE",BUDESONIDE
3003569,PULMICORT SUSP POUR INHALAT 1MG/2ML DETAIL,"PNEUMOLOGIE, ANTIASTHMATIQUE",BUDESONIDE
3334842,PULMICORT TUR.P200MCG BUC.200D,"PNEUMOLOGIE, ANTIASTHMATIQUE",BUDESONIDE
8077083,PULMOCEF CP 500 MG B/10,"ANTIBIOTIQUE, CEPHALOSPORINE",CEFUROXIME
9112141,PULMOCEF INJ 750MG IV/IM B/1,"ANTIBIOTIQUE, CEPHALOSPORINE",CEFUROXIME
3288665,PULMOCEF PDRE P SOL INJ 1500MG B/1+1,"ANTIBIOTIQUE, CEPHALOSPORINE",CEFUROXIME
3782888,PULMODEXANE COMPRIMES PELLICULES 30MG B/ 12,"PNEUMOLOGIE, ANTITUSSIF",DEXTROMETORPHANE
3550913,PULMODEXANE SIROP FL/125 ML,"PNEUMOLOGIE, ANTITUSSIF",DEXTROMETORPHANE
2473741,PULMOFIRST CPR 125MG BT10,ANTIHYPERTENSEUR PULMONAIRE,BOSENTAN
8597664,PULMOFIRST CPR 62MG5 BT10,ANTIHYPERTENSEUR PULMONAIRE,BOSENTAN
3087852,PULMOFLUIDE SIMPLE SIROP FL/180 ML,"PNEUMOLOGIE, ANTITUSSIF",CODEINE+EUCALYPTOL+IPECA+TERPINE
2026854,PULMOGRIP CREME T/40 G,"ORL,ANTI-GRIPPE,ANTI-RHUME",EUCALYPTUS+GAIACOL+LAVANDE+MENTHOL +TEREBENTINE
3288993,PULMOSERUM SIROP FL/200 ML,"PNEUMOLOGIE, ANTITUSSIF","CODEINE, GAICOL"
8012445,PULMOXYL CP 500 MG B/12,"ANTIBIOTIQUE, PENICILLINE",AMOXICILLINE
3910239,PURIDOX 50MG IV PDRE LYOPH SOL INJ F/1,"CANCEROLOGIE, ANTINEOPLASIQUE",EPIRUBICINE
8508270,PUROCINE POMMADE 2% TUBE DE 5G,"DERMATOLOGIE, ANTIBACTERIEN LOCAL",MUPIROCINE
8004859,PYLIRON SUPPO 80 MG B/10,"GASTRO.E.H., MEDICAMENT DE PROCTOLOGIE",HYDROCORTISONE ACETATE + LIDOCAINE +OXYDE DE ZINC + ALLANTOINE
2482725,PYLOMEX GELULE GASTRO-RESISTANT 20MG B/30,"GASTRO EH, ULCERE GASTRO-DUODENAL",OMEPRAZOLE
3135858,PYOSTACINE CP ENR 500 MG B/16,"ANTIBIOTIQUE, SYNERGISTINE:PRISTINAMYCINE",PRISTINAMYCINE
3197813,PYRALVEX GEL GINGIVAL T/15 G,"STOMATOLOGIES, ANTI-INFLAMMATOIRE ET/OU ANTIBACTERIEN",RHUBARBE
3369852,PYRALVEX SOL GINGIVALE FL/10 ML,"STOMATOLOGIES, ANTI-INFLAMMATOIRE ET/OU ANTIBACTERIEN",RHUBARBE
2471938,PYRAMAX GRANULE 60MG/120MG 6 SACHETS,"PARASITOLOGIE, ANTIPALUDIQUE",PYRONARIDINE + ARTESUNATE
2471937,PYRAMAX 60MG/180MG CP PLAQUETTE DE 6,"PARASITOLOGIE, ANTIPALUDIQUE",PYRONARIDINE + ARTESUNATE
2295560,PYRANTOX SIROP 250 MG FL/15 ML,"PARASITOLOGIE, ANTHELMINTIQUE",PYRANTEL
6191537,PYROSIX SOL BUV FL/250 ML,"GASTRO.E.H., ANTIACIDE ET PANSEMENT GASTROINTESTINAL",ALGINATE DE SODIUM + BICARBONATE DE SODIUM
3061183,QUADRAGEL GEL P APPL LOC T/15 G,"STOMATOLOGIES, ANTI-INFLAMMATOIRE ET/OU ANTIBACTERIEN",CHLORHEXIDINE + METRONIDAZOLE +LIDOCAINE + MENTHOL
3150272,QUESTRAN PDRE P SUSP BUV 4 G/SACH B/50,HYPOLIPEMIANT,COLESTYRAMINE
3554012,QUINEX CP 300 MG B/18,"PARASITOLOGIE, ANTIPALUDIQUE",QUININE
3427213,QUINIMAX AMP INJ 125 MG B/3,"PARASITOLOGIE, ANTIPALUDIQUE",QUININE CHLORHYDRATE
3427242,QUINIMAX AMP INJ 250 MG B/3,"PARASITOLOGIE, ANTIPALUDIQUE",QUININE CHLORHYDRATE
3427265,QUINIMAX AMP INJ 500 MG B/3,"PARASITOLOGIE, ANTIPALUDIQUE",QUININE CHLORHYDRATE
3436488,QUINIMAX CP ENR 125 MG B/18,"PARASITOLOGIE, ANTIPALUDIQUE",QUININE CHLORHYDRATE
3413501,QUINIMAX CP ENR 500 MG B/9,"PARASITOLOGIE, ANTIPALUDIQUE",QUININE CHLORHYDRATE
3669198,QUININE SULFATE AFRICURE 300MG CPR B / 20,"PARASITOLOGIE, ANTIPALUDIQUE",QUININE
3991718,QUINLEVO CP B/10,"ANTIBIOTIQUE, QUINOLONE",LEVOFLOXACINE
3251409,QUINOD CP PELL 500 MG B/5,"ANTIBIOTIQUE, QUINOLONE",LEVOFLOXACINE
8491279,"QUINOTHERAM 0,5% COLL F/5ML","OPHTALMOLOGIE, ANTIBACTERIENS LOCAUX",MOXIFLOXACINE
8172054,QUINTANA CP 10 MG B/14,"ALLERGOLOGIE,ANTIHISTAMINIQUE",MEQUITAZINE
8172060,QUINTANA CP 5MG B/14,"ALLERGOLOGIE,ANTIHISTAMINIQUE",MEQUITAZINE
3629793,QUINTANA SIROP FL/60 ML,"ALLERGOLOGIE,ANTIHISTAMINIQUE",MEQUITAZINE
3428535,QULANTA CP B/40,"GASTRO E H , ANTI ACIDE ETN PANSEMENT GASTRO INTESTINAL",MAGALDRATE + SIMETHICONE
3228999,RAASAR AM CP 50MG/5MG B/30,AUTRES ASSOCIATIONS D'ANTIHYPERTENSEURS,LOSARTAN+AMLODIPINE
3239872,RAASAR H CP 50/12.5MG B/30,"ANTIHYPERTENSEUR, ANTAGONISTE RECEPTEURS ANGIOTENSINE II + DIURETIQUE",LOSARTAN + HYDROCHLOROTHIAZIDE
8588790,RABELOC CPR 20MG BT10,"GASTRO EH, ULCERE GASTRO DUODENAL",RABEPRAZOLE
3411438,RABELOC PDRE LYOPH 20MG IV FL/1,"GASTRO.E.H., ULCERE GASTRODUODENAL",RABEPRAZOLE
3218945,RABEMAC CP 20 MG B/14,"GASTRO.E.H., ULCERE GASTRODUODENAL",RABEPRAZOLE
8509074,RABEPRANE CP 20 MG B/30,"GASTRO.E.H., ULCERE GASTRODUODENAL",RABEPRAZOLE
8558894,RABETAR GELULE 10MG B/10,"GASTRO EH, ULCERE GASTRO-DUODENAL",RABEPRAZOLE
8558954,RABETAR GELULE 20MG B/10,"GASTRO EH, ULCERE GASTRO-DUODENAL",RABEPRAZOLE
164624,RABETOK CP 20 MG B/30,"GASTRO.E.H., ULCERE GASTRODUODENAL",RABEPRAZOLE
164662,RABETOK-D GEL 20MG/30MG B/20,"GASTRO.E.H., TROUBLES FONCTIONNELS DIGESTIFS",RABEPRAZOLE + DOMPERIDONE
8596972,RABEZOL COMP 20MG B/14,"GASTRO E H, ULCERE GASTRO-DUODENALE",RABEPRAZOLE
3110072,RACIPER CP 20 MG B/14,"GASTRO.E.H., ULCERE GASTRODUODENAL",ESOMEPRAZOLE
3088203,RACIPER CP 40MG B/14,"GASTRO.E.H., ULCERE GASTRODUODENAL",ESOMEPRAZOLE
8003251,RALDOL CP B/10,ANTALGIQUE/ANTIPYRETIQUE + AINS,PARACETAMOL + DICLOFENAC + CHLORPHENIRAMINE + MAGNESIUM
3990964,RAMIPRIL CP 10 MG B/30,"ANTIHYPERTENSEUR, INHIBITEUR DE L'ENZYME DE CONVERSION",RAMIPRIL
3990957,RAMIPRIL CP 5 MG B/30,"ANTIHYPERTENSEUR, INHIBITEUR DE L'ENZYME DE CONVERSION",RAMIPRIL
2475875,RAMIPRIL GH COMP 10MG B/30,"ANTIHYPERTENSEUR, INHIBITEUR DE L'ENZYME DE CONVERSION",RAMIPRIL
2475876,RAMIPRIL GH COMP 5MG B/30,"ANTIHYPERTENSEUR, INHIBITEUR DE L'ENZYME DE CONVERSION",RAMIPRIL
3990971,RAMIPRIL HCT CP 5MG/25MG B/30,"ANTIHYPERTENSEUR,INHIBITEUR ENZYME DE CONVERSION, DIURETIQUE",RAMIPRIL+HYDROCHLOROTHIAZIDE
3629992,RAMIPRIL-GH CP 2,"ANTIHYPERTENSEUR, INHIBITEUR DE L'ENZYME DE CONVERSION",RAMIPRIL
3718650,"RAMITHIAZIDE COMPRIME 10MG/12,5MG B/100","ANTIHYPERTENSEUR,INHIBITEUR ENZYME DE CONVERSIO","NR, ADMIUIPRREITLI Q+ UHEYDROCHLOROTHIAZIDE"
8494875,"RAMITHIAZIDE COMPRIMES 10MG/12,5MG B/100",ANTIHYPERTENSEUR INHIBITEUR DE L'ENZYME DE CONVERSION + DIURETIQUE,RAMIPRIL + HYDROCHLOROTHIAZIDE
3255711,"RAMITHIAZIDE CP 10MG/12,5 MG B/28","ANTIHYPERTENSEUR,INHIBITEUR ENZYME DE CONVERSION, DIURETIQUE",RAMIPRIL+HYDROCHLOROTHIAZIDE
8113873,RAMITHIAZIDE CP 10MG/25MG B/30,"ANTIHYPERTENSEUR,INHIBITEUR ENZYME DE CONVERSION, DIURETIQUE",RAMIPRIL+HYDROCHLOROTHIAZIDE
8112520,RAMITHIAZIDE CP 5MG/12.5MG B/30,"ANTIHYPERTENSEUR,INHIBITEUR ENZYME DE CONVERSION, DIURETIQUE",RAMIPRIL+HYDROCHLOROTHIAZIDE
3259368,RAMIZID CP 10 MG B/30,"ANTIHYPERTENSEUR, INHIBITEUR DE L'ENZYME DE CONVERSION",RAMIPRIL
8112536,RAMIZID CP 5 MG B/30,"ANTIHYPERTENSEUR, INHIBITEUR DE L'ENZYME DE CONVERSION",RAMIPRIL
8084002,RANFERON PLUS GELULE B/30,"HEMATOLOGIE, ANTIANEMIQUES",FUMARATE FERREUX + ACIDE FOLIQUE + CYANOCOBALAMINE + ACIDE ASCORBIQUE
2018607,RANFERON -12 GELULE B/100,"HEMATOLOGIE, ANTIANEMIQUES",FER+COMPLEXE VITAMINIQUE+COMPLEXE MINERAL
2029427,RANFERON -12 GELULE B/30,"HEMATOLOGIE, ANTIANEMIQUES",FER FERREUX+ACIDE FOLIQUE+HYDROXOCOBALAMINE
2018613,RANFERON- 12 SIROP FL/200 ML,"HEMATOLOGIE, ANTIANEMIQUES",FER FERREUX+COMPLEXE VITAMINIQUE+COMPLEXE MINERAL
4215453,RANOPHAGE OD CP 1 G B/30,BIGUANIDE ANTIDIABETIQUE,METFORMINE
2021326,RANOXYL GELULE 500 MG B/20,"ANTIBIOTIQUE, PENICILLINE",AMOXICILLINE
5015712,RANTUDIL FORTE GELULE 60 MG B/20,ANTI-INFLAMMATOIRE NON STEROIDIEN (AINS),ACEMETACINE
3008847,RANTUDIL GELULE 60MG B/20,ANTI-INFLAMMATOIRE NON STEROIDIEN (AINS),ACEMETACINE
5015711,RANTUDIL RETARD GELULE 90 MG B/20,ANTI-INFLAMMATOIRE NON STEROIDIEN (AINS),ACEMETACINE
8039183,RAPICLAV 1 GM CP 875 MG/125 MG B/14,"ANTIBIOTIQUE, PENICILLINE",AMOXICILLINE+ACIDE CLAVULANIQUE
8049690,RAPICLAV 375 CP PELL B/21,"ANTIBIOTIQUE, PENICILLINE",AMOXICILLINE+ACIDE CLAVULANIQUE
8049709,RAPICLAV 625 CP PELL B/21,"ANTIBIOTIQUE, PENICILLINE",AMOXICILLINE+ACIDE CLAVULANIQUE
8418756,RAPIDEX PDRE P SUSP BUV SACHET B/10,ANTI INFLAMMATOIRE NON STEROIDIEN,ACEMETACINE
8586163,"RAPIDEX 0,05% ENFANT SPRAY NASAL FL/10ML","ORL, DECONGESTIONNANTS",XYLOMETAZOLINE
8586165,"RAPIDEX 0,10% ADULTE SPRAY NASAL FL/10ML","ORL, DECONGESTIONNANTS",XYLOMETAZOLINE
8586152,RAPIDEX 250MG/5MG/2,"ORL, ANTIGRIPPE ET ANTIRHUME",PARACETAMOL + CETIRIZINE + PHENYLEPHRINE
2473347,"RAPIDEX 500MG/10MG/30MG/2,5MG COMP B/4","ORL, ANTI-RHUME, ANTI GRIPPE",PARACETAMOL + PHENYLEPHRINE + CAFEINE + LEVOCETIRIZINE
1390668,RAPIDOL CP PELL 500 MG B/10,ANTALGIQUE/ANTIPYRETIQUE + AINS,ACECLOFENAC + PARACETAMOL
3598641,RAPIDOL GEL P APPL LOC T/30 G,ANTI-INFLAMMATOIRE NON STEROIDIEN (AINS),DICLOFENAC +MENTHOL + METHYL SALICYLATE + HUILE DE LIN
3492864,RAPINATE PDRE P SUSP INJ 60MG B/1,"PARASITOLOGIE, ANTIPALUDIQUE",ARTESUNATE
3403624,RAPRIL CP 10 MG B/30,"ANTIHYPERTENSEUR, INHIBITEUR DE L'ENZYME DE CONVERSION",RAMIPRIL
3403587,RAPRIL CP 5 MG B/30,"ANTIHYPERTENSEUR, INHIBITEUR DE L'ENZYME DE CONVERSION",RAMIPRIL
8167171,RASGIL GELULE 10 MG B/30,"ANTIHYPERTENSEUR, INHIBITEUR DE L'ENZYME DE CONVERSION",RAMIPRIL
8167188,"RASGIL GELULE 2,5 MG B/30","ANTIHYPERTENSEUR, INHIBITEUR DE L'ENZYME DE CONVERSION",RAMIPRIL
8167165,RASGIL GELULE 5 MG B/30,"ANTIHYPERTENSEUR, INHIBITEUR DE L'ENZYME DE CONVERSION",RAMIPRIL
8172700,"RASGIL HTZ COMPRIMES 10MG/12,5MG B/30","ANTIHYPERTENSEUR,INHIBITEUR ENZYME DE CONVERSION, DIURETIQUE",RAMIPRIL+HYDROCHLOROTHIAZIDE
8172717,RASGIL HTZ CP 10MG/25MG B/30,"ANTIHYPERTENSEUR,INHIBITEUR ENZYME DE CONVERSION, DIURETIQUE",RAMIPRIL+HYDROCHLOROTHIAZIDE
8172686,RASGIL HTZ CP 5MG/12.5MG B/30,"ANTIHYPERTENSEUR,INHIBITEUR ENZYME DE CONVERSION, DIURETIQUE",RAMIPRIL+HYDROCHLOROTHIAZIDE
8172692,RASGIL HTZ CP 5MG/25MG B/30,"ANTIHYPERTENSEUR,INHIBITEUR ENZYME DE CONVERSION, DIURETIQUE",RAMIPRIL+HYDROCHLOROTHIAZIDE
2473655,RAVZOLE-D GEL 20MG/10MG/20MG B/30,GASTRO EH ULCERE GASTRO-DUODENAL,RABEPRAZOLE + DOMPERIDONE
3317105,RBC SIROP 125MG/5ML FL/120ML,"HEMATOLOGIE, ANTIANEMIQUES",HYDROXYDE POLYMALTOSE DE FER+ACIDE FOLIQUE
3317082,RBC SOL INJ 100MG/5ML IV B/5,"HEMATOLOGIE, ANTIANEMIQUES",FER
3317068,RBC-F CP A CROQUER 100MG/0.35MG B/30,"HEMATOLOGIE, ANTIANEMIQUES",FER+ACIDE FOLIQUE
3500281,RECORMON SOL INJ 2000 UI/3ML B/6 SER P REMPLIES,"HEMATOLOGIE, ANTIANEMIQUES",EPOIETINE BETA
3500329,RECORMON SOL INJ 5000 UI/3ML B/6 SER P REMPLIES,"HEMATOLOGIE, ANTIANEMIQUES",EPOIETINE BETA
8078438,RECORMON 10000 UI SOL INJ EN SERINGUE PRE- REMPLIE B/6,"HEMATOLOGIE, ANTIANEMIQUES",EPOIETINE BETA
8475858,RECTONAC SUPPO 100MG B/10,ANTI INFLAMMATOIRE NON STEROIDIEN (AINS),DICLOFENAC
8475748,RECTOPAR 125MG SUPPO B/10,ANTALGIQUE/ANTIPYRETIQUE,PARACETAMOL
8475754,RECTOPAR 250MG SUPPO B/10,ANTALGIQUE/ANTIPYRETIQUE,PARACETAMOL
8511007,REDUPRES -AM COMPRIME 5MG/160MG B/30,AUTRES ASSOCIATIONS D'ANTIHYPERTENSEURS,AMLODIPINE + VALSARTAN
8617734,REDUPRES -AM COMPRIME 5MG/80MG B/30,AUTRES ASSOCIATIONS D'ANTIHYPERTENSEURS,AMLODIPINE + VALSARTAN
8528611,REDUPRES-AM COMPRIME 10MG/160MG B/30,AUTRES ASSOCIATIONS D'ANTIHYPERTENSEURS,AMLODINE + VALSARTAN
3136812,REGULIX CP PELLICULE 40MG B/20,ANTISPASMODIQUE,DROTAVERINE
3136858,REGULIX CP PELLICULE 80MG B/20,ANTISPASMODIQUE,DROTAVERINE
3067109,RELAXON CAPSULE 250MG/300MG B/30,"RHUMATOLOGIE, MYORELAXANT",CHLORZOXAZONE + PARACETAMOL
8028802,RELCER CP B/20,"GASTRO.E.H., ANTIACIDE ET PANSEMENT GASTROINTESTINAL",SIMETHICONE+ALUMINIUM HYDROXYDE+MAGNESIUM HYDROXYDE
8028794,RELCER GEL GEL LIQUIDE BUV FL/180ML,"GASTRO.E.H., ANTIACIDE ET PANSEMENT GASTROINTESTINAL",SIMETHICONE+ALUMINIUM HYDROXYDE+MAGNESIUM HYDROXYDE
3775080,RELEZIN COMP 2MG B/30,"RHUMATOLOGIE, MYORELAXANT",TIZANIDINE
3775134,RELEZIN COMP 4MG B/30,"RHUMATOLOGIE, MYORELAXANT",TIZANIDINE
9996275,REMEDIA CP 500 MG B/10,"ANTIBIOTIQUE, QUINOLONE",LEVOFLOXACINE
9996274,REMEDIA CP 750MG B/10,"ANTIBIOTIQUE, QUINOLONE",LEVOFLOXACINE
3425817,"REMIFLU COMPRIMES 500MG/10MG/2,5MG B/10","ORL, RHUME ET GRIPPE",PARACETAMOL + PHENYLEPHRINE + LEVOCETIRIZINE
8052404,REMOFEN CP 400 MG B/30,ANTI-INFLAMMATOIRE NON STEROIDIEN (AINS),IBUPROFENE
3641941,RENANGIO CP 40MG B/30,"ANTIHYPERTENSEUR, ANTAGONISTE RECEPTEURS ANGIOTENSINE II",TELMISARTAN
3641996,RENANGIO CP 80MG B/30,"ANTIHYPERTENSEUR, ANTAGONISTE RECEPTEURS ANGIOTENSINE II",TELMISARTAN
3641842,RENANGIO PLUS 40MG/12,ANTIHYPERTENSEUR ANTAGONISTE DE L'ANGIOTENSINE II + DIURETIQUE,TELMISARTAN + HYDROCHLOROTHIAZIDE
3641897,RENANGIO PLUS 80MG/12,ANTIHYPERTENSEUR ANTAGONISTE DE L'ANGIOTENSINE II + DIURETIQUE,TELMISARTAN + HYDROCHLOROTHIAZIDE
3418871,RENERVE P GELULE B/30,"NEUROLOGIE, ANTIEPILEPTIQUES",PREGABALINE
3270907,RENITEC CP 20 MG B/28,"ANTIHYPERTENSEUR, INHIBITEUR DE L'ENZYME DE CONVERSION",ENALAPRIL
3270898,RENITEC CP 5 MG B28,"ANTIHYPERTENSEUR, INHIBITEUR DE L'ENZYME DE CONVERSION",ENALAPRIL
3247780,RENNIE CP A CROQUER B/48,"GASTRO.E.H., ANTIACIDE ET PANSEMENT GASTROINTESTINAL",CARBONATE DE CALCIUM + CARBONATE DE MAGNESIUM
2472972,REPAR CP 500MG B/20,ANTALGIQUE/ANTIPYRETIQUE,PARACETAMOL
2472977,REPAR DT CP 100MG B/10,ANTALGIQUE/ANTIPYRETIQUE,PARACETAMOL
2472978,REPAR DT CP 250MG B/10,ANTALGIQUE/ANTIPYRETIQUE,PARACETAMOL
3402603,RESIFURAN SIROP FL/100ML,"GASTRO E.H, TROUBLES FONCTIONNELS DIGESTIFS",SIMETHICONE
3017159,RESPAL CP 4 MG B/20,"PSYCHIATRIE, NEUROLEPTIQUES",RISPERIDONE
8016526,RESPIBIEN GOUTTES NASALES FL/15ML,"ORL, DECONGESTIONNANTS",OXYMETAZOLINE
2475525,RESPIMAX SANS SUCRE FL/100ML,"PNEUMOLOGIE, ANTITUSSIF",AMBROXOL + SALBUTAMOL + GUAIFENESINE
8017388,RESPIRA D SIROP FL/100 ML,"PNEUMOLOGIE, ANTITUSSIF",DEXTROMETHORPHANE + CHLORPHENIRAMINE
8052410,RESTAMINE CP 10 MG B/10,"ALLERGOLOGIE,ANTIHISTAMINIQUE",LORATIDINE
8098731,RESTRIVA AMP INJ 500 MG B/5,ANTALGIQUE/ANTIPYRETIQUE ET ANTISPASMODIQUE,METAMIZOLE SODIQUE
8098642,RESTRIVA CP 500 MG B/20,ANTALGIQUE/ANTIPYRETIQUE ET ANTISPASMODIQUE,METAMIZOLE SODIQUE
2022661,"RETARPEN 2,4 PDRE P P INJ 2,4 MUI B/1","ANTIBIOTIQUE, PENICILLINE",BENZATHINE BENZYLPENICILLINE
3583049,RETERIC CAPSULE 75MG B/28,"NEUROLOGIE, ANTIEPILEPTIQUES",PREGABALINE
8103024,REUMOXICAM CP DISP 20MG B/10,ANTI-INFLAMMATOIRE NON STEROIDIEN (AINS),PIROXICAM
5050007,REUMOXICAN CP 20 MG B/30,ANTI-INFLAMMATOIRE NON STEROIDIEN (AINS),PIROXICAM
5050008,REUMOXICAN SUPPO 20MG B/12,ANTI-INFLAMMATOIRE NON STEROIDIEN (AINS),PIROXICAM
3090908,RHINATHIOL PROMETHAZINE SIROP FL/125 ML,"PNEUMOLOGIE, ANTITUSSIF","CARBOCISTEINE, PROMETHAZINE"
3394643,RHINATHIOL TOUX SECHES SIROP AD FL/200 ML,"PNEUMOLOGIE, ANTITUSSIF",PHOLCODINE
3396004,RHINATHIOL TOUX SECHES SIROP ENF FL/125 ML,"PNEUMOLOGIE, ANTITUSSIF",PHOLCODINE
8009644,RHINEX SIROP FL/60 ML,"ORL,ANTI-GRIPPE,ANTI-RHUME",PARACETAMOL + CHLORPHENIRAMINE
2473273,RHINICOLD COMP PELL POCHETTE DE 4,"ORL, RHUME ET GRIPPE",PARACETAMOL + PHENYLEPHRINE + CHLORPHENIRAMINE + CAFEINE
2010959,RHINOCAP GELULE B/10,"ORL,ANTI-GRIPPE,ANTI-RHUME",CAFEINE+PHENYLEPHRINE+DIHYDRALAZINE
3515822,RHINOCORT SUSP P INHAL FL/120 ML,"ORL, RHINITES ALLERGIQUES",BUDESONIDE
3197500,RHINOFEBRAL VIT C GELULE B/20,"ORL,ANTI-GRIPPE,ANTI-RHUME",PARACETAMOL+ACIDE ASCORBIQUE (VITAMINE C) +CHLOPHENIRAMINE
3263711,RHINOFLUIMUCIL SOL P PULV NAS FL/10 ML,"ORL, DECONGESTIONNANTS",ACETYLCYSTEINE+BENZALKONIUM
2471777,RHINOPAROL COMP B/20,"ORL, RHUME ET GRIPPE",PARACETAMOL + CHLORPHENIRAMINE + PHENYLEPHRINE
3212158,"RHINORIL PDRE POUR SUSP BUV 300MG/0,5MG EN SACHET B/12","ORL,ANTI-GRIPPE,ANTI-RHUME",PARACETAMOL + CHLORPHENIRAMINE
8086515,RHINOSTOP CP B/20,"ORL,ANTI-GRIPPE,ANTI-RHUME",PARACETAMOL+CHLORPHENIRAMINE+PSEUDOEPHEDRINE
8086544,RHINOSTOP SIROP FL/100 ML,"ORL,ANTI-GRIPPE,ANTI-RHUME",PARACETAMOL+CHLORPHENIRAMINE+PSEUDOEPHEDRINE
8406954,RHINOTEC GTTE NAS FL/30ML,"ORL, DECONGESTIONNANTS",NAPHAZOLINE
3096093,RHOCLONE POUDRE LYOPHILISE 300MCG IM B/1,IMMUNSERUMS ET IMMUNOGLOBULINES,IMMUNOGLOBULINE HUMAINE ANTI-D
5015728,RHUMAGRIP CP B/16,"ORL,ANTI-GRIPPE,ANTI-RHUME",PARACETAMOL+PSEUDOEPHEDRINE
2485144,RHUMANTIS SIROP FL 125ML,"ORL, ANTI-GRIPPE, ANTI-RHUME",PARACETAMOL + CHLORPHENIRAMINE + PHENYLEPHRINE
3369838,RHUMIX PDRE P SUSP BUV SACHET B/10,"ORL,ANTI-GRIPPE,ANTI-RHUME","PARACETAMOL, PSEUDOEPHEDRINE, IBUPROFENE, VITAMINE C, CAFEINE, CHLORPHENAMINE"
1266531,RHUVEX GRANULE SACHET B/8,"ORL,ANTI-GRIPPE,ANTI-RHUME",PARACETAMOL+MALEATE DE PHENIRAMINE+ACIDE ASCORBIQUE
3015933,RIABAL COMPOSE CP PELL 30MG/325MG B/20,ANTISPASMODIQUE,PRIFINIUM BROMURE + PARACETAMOL
3051603,RIABAL SOL INJ 15MG/2ML B/6,ANTISPASMODIQUE,PRIFINIUM BROMURE
2476831,RIBAX COMPRIMES 10MG B/15,"HEMOSTASE, ANTICOAGULANTS ORAUX",RIVAROXABAN
2476832,RIBAX COMPRIMES 20MG B/14,"HEMOSTASE, ANTICOAGULANTS ORAUX",RIVAROXABAN
3370520,RICHFER GELULE B/30,"HEMATOLOGIE, ANTIANEMIQUES",FER+AC FOLIQUE+VIT B12
5000099,RICHFER PLUS SIROP FL/200 ML,"HEMATOLOGIE, ANTIANEMIQUES",FER + SORBITOL
9990359,RIDMAL COMPRIMES 40MG/320MG B/12,"PARASITOLOGIE, ANTIPALUDIQUE",DIHYDROARTEMISININE + PIPERAQUINE
9990357,RIDMAL COMPRIMES 40MG/320MG B/3,"PARASITOLOGIE, ANTIPALUDIQUE",DIHYDROARTEMISININE + PIPERAQUINE
9990358,RIDMAL COMPRIMES 40MG/320MG B/6,"PARASITOLOGIE, ANTIPALUDIQUE",DIHYDROARTEMISININE + PIPERAQUINE
8152689,RIDMAL CP PELL 40MG/320MG B/9,"PARASITOLOGIE, ANTIPALUDIQUE",DIHYDROARTEMISININE + PIPERAQUINE
2472182,RIDMAL CP 120MG/960MG B/3,"PARASITOLOGIE, ANTIPALUDIQUE",DIHYDROARTEMISININE + PIPERAQUINE
3564578,RIDMAL CP 60MG/480MG B/3,"PARASITOLOGIE, ANTIPALUDIQUE",DIHYDROARTEMISININE + PIPERAQUINE
3564585,RIDMAL CP 80MG/640MG B/3,"PARASITOLOGIE, ANTIPALUDIQUE",DIHYDROARTEMISININE + PIPERAQUINE
3564592,RIDMAL CP 80MG/640MG B/6,"PARASITOLOGIE, ANTIPALUDIQUE",DIHYDROARTEMISININE + PIPERAQUINE
5449353,RIDMAL DT 20MG/160MG COMP DISP B/3,"PARASITOLOGIE, ANTIPALUDIQUE",DIHYDROARTEMISININE + PIPERAQUINE
5468172,RIDMAL DT 40MG/320MG COMP DIPS B/3,"PARASITOLOGIE, ANTIPALUDIQUE",DIHYDROARTEMISININE + PIPERAQUINE
3091523,RIFAMYCINE CHIBRET CY 1% FL/10 ML,"OPHTALMOLOGIE, ANTIBACTERIENS LOCAUX",RIFAMYCINE
3091546,RIFAMYCINE CHIBRET PDE OPHT 1 MUI T/5 G,"OPHTALMOLOGIE, ANTIBACTERIENS LOCAUX",RIFAMYCINE
3136522,RIFEX CP 120MG B/20,"ALLERGOLOGIE,ANTIHISTAMINIQUE",FEXOFENADINE
3136560,RIFEX CP 180MG B/20,"ALLERGOLOGIE,ANTIHISTAMINIQUE",FEXOFENADINE
6192372,RIFIXINE CP 200 MG B/12,"INFECTIOLOGIE, DIVERS ANTIBACTERIENS",RIFAXIMINE
9002897,RILAST SOLUTION POUR INJECTION S/C 100MG/ 10ML FL/1,"CANCEROLOGIE, ANTINEOPLASIQUE",RITUXIMAB
9007334,RILAST SOLUTION POUR INJECTION S/C 500MG/ 50ML FL/1,"CANCEROLOGIE, ANTINEOPLASIQUE",RITUXIMAB
3179215,RILIF CP 100 MG B/10,ANTI-INFLAMMATOIRE NON STEROIDIEN (AINS),ACECLOFENAC
9968181,RILIF-PLUS COMP B/30,ANTALGIQUE/ANTIPYRETIQUE + AINS,ACECLOFENAC + PARACETAMOL
8057666,"RINASAN SPRAY NASAL AD 0,1% FL/10 ML","ORL, DECONGESTIONNANTS",XYLOMETAZOLINE
8057689,"RINASAN SPRAY NASAL ENF 0,05% FL/10 ML","ORL, DECONGESTIONNANTS",XYLOMETAZOLINE
8082151,RINIALER CP 10 MG B/20,"ALLERGOLOGIE,ANTIHISTAMINIQUE",RUPATADINE
3271834,RINIALER SOL BUV 1MG/ML FL/120ML,"ALLERGOLOGIE,ANTIHISTAMINIQUE",RUPATADINE
9994567,RINITEX CP 5MG/10MG B/20,"ORL,ANTI-GRIPPE,ANTI-RHUME","LEVOCETIRIZINE, PHENYLEPHRINE"
8091924,RINOGRIP PDRE P SUSP BUV B/10 SACH,"ORL,ANTI-GRIPPE,ANTI-RHUME",PARACETAMOL+MALEATE DE PHENIRAMINE+ACIDE ASCORBIQUE
7252666,RINOGRIP SACHET B/10,"ORL, ANTI-RHUME, ANTI GRIPPE",PARACETAMOL + ACIDE ASCORBIQUE + PHENIRAMINE
7252568,RINOGRIP SACHET SANS SUCRE B/10,"ORL, ANTI-RHUME, ANTI GRIPPE",PARACETAMOL + ACIDE ASCORBIQUE + PHENIRAMINE
8003682,RINOMICINE PDRE P SUSP BUV B/10 SACH,"ORL,ANTI-GRIPPE,ANTI-RHUME",CHLORPHENAMINE + CAFEINE +SALICYLAMIDE
3309988,RIPAXIL CP 250 MG B/10,"ANTIBIOTIQUE, CEPHALOSPORINE",CEFUROXIME
3309902,RIPAXIL PDRE INJ 750MG B/,"ANTIBIOTIQUE, CEPHALOSPORINE",CEFUROXIME
8598557,RIPAXIL SUSP 125MG FL/50ML,"ANTIBIOTIQUE, CEFALOSPORINE",CEFUROXIME
3244672,RISORDAN CP 20 MG B/60,"CARDIOLOGIE, TRAITEMENT DE L'INSUFFISANCE CORONARIENNE",ISOSORBIDE DINITRATE
3815978,RISPERIDONE BIOGARAN COMPRIME 1MG B/60,"PSYCHIATRIE, NEUROLEPTIQUES",RISPERIDONE
3816015,RISPERIDONE BIOGARAN COMPRIME 2MG B/60,"PSYCHIATRIE, NEUROLEPTIQUES",RISPERIDONE
3816038,RISPERIDONE BIOGARAN COMPRIME 4MG B/30,"PSYCHIATRIE, NEUROLEPTIQUES",RISPERIDONE
3153968,RIVOTRIL CP 2 MG B/40,"NEUROLOGIE, ANTIEPILEPTIQUES",CLONAZEPAM
2474674,RIZAPTAN COMP 10MG B/10,ANTIMIGRAINEUX,RIZATRIPTAN
2474673,RIZAPTAN COMP 5MG B/10,ANTIMIGRAINEUX,RIZATRIPTAN
8027205,R-LUME SOL INJ 80 MG B/6,"PARASITOLOGIE, ANTIPALUDIQUE",ARTEMETHER
3191118,R-LUME CP DISP 40/120MG B/6,"PARASITOLOGIE, ANTIPALUDIQUE",ARTEMETHER+LUMEFANTRINE
3080757,R-LUME CP DISP 80/480MG B/6,"PARASITOLOGIE, ANTIPALUDIQUE",ARTEMETHER+LUMEFANTRINE
3191156,R-LUME CP DISPERSIBLE 20/120MG B/6,"PARASITOLOGIE, ANTIPALUDIQUE",ARTEMETHER+LUMEFANTRINE
3191146,R-LUME PDRE P SUSP BUV 180/1080 MG FL/60 ML,"PARASITOLOGIE, ANTIPALUDIQUE",ARTEMETHER+LUMEFANTRINE
3343838,ROBESTAR CP 5 MG B/30,HYPOLIPEMIANT,ROSUVASTATINE
2471598,ROBOCID SOLUTION BUVABLE FL/200ML,"GASTRO.E.H., ANTIACIDE ET PANSEMENT GASTRO- INTESTINAL",HYDROXYDE D'ALUMINIUM + HYDROXYDE DE MAGNESIUM + SIMETHICONE
2019179,ROCEPHINE IM PDRE P P INJ 250 MG B/1,"ANTIBIOTIQUE, CEPHALOSPORINE",CEFTRIAXONE
3269576,ROCEPHINE IV PDRE P P INJ 250 MG B/1,"ANTIBIOTIQUE, CEPHALOSPORINE",CEFTRIAXONE
3267502,ROCEPHINE 500 IM PDRE P P INJ 500 MG B/1,"ANTIBIOTIQUE, CEPHALOSPORINE",CEFTRIAXONE
3267465,ROCEPHINE 500 IV PDRE P P INJ 500 MG B/1,"ANTIBIOTIQUE, CEPHALOSPORINE",CEFTRIAXONE
3175767,ROCETIL AMP INJ 750 MG B/1,"ANTIBIOTIQUE, CEPHALOSPORINE",CEFUROXIME
3175682,ROCETIL CP 250 MG B/10,"ANTIBIOTIQUE, CEPHALOSPORINE",CEFUROXIME
3175729,ROCETIL CP 500 MG B/10,"ANTIBIOTIQUE, CEPHALOSPORINE",CEFUROXIME
3216723,ROCGEL SUSP BUV B/24 SACH,"GASTRO.E.H., ANTIACIDE ET PANSEMENT GASTROINTESTINAL",OXYDE D'ALUMINIUM
8025502,RODERA CP PELL 5 MG B/10,"ALLERGOLOGIE,ANTIHISTAMINIQUE",DESLORATADINE
3074772,RODOGYL CP ENR B/20,ANTIBIOTIQUE ET ANTIPARASITAIRE,SPIRAMYCINE+METRONIDAZOLE
3990674,ROIPAR CP EFF 500 MG B/16,ANTALGIQUE/ANTIPYRETIQUE,PARACETAMOL
3990667,ROIPAR CP EFFERVESCENT 1000MG B/16,ANTALGIQUE/ANTIPYRETIQUE,PARACETAMOL
2480807,ROIPAR GRIPPE COMPRIME 500MG/10MG/2MG/ 30MG BLISTER DE 4,"ORL, ANTIGRIPPE ET ANTIRHUME",CHLORPHENIRAMINE + PHENYLEPHRINE + CAFEINE + PARACETAMOL
2480818,"ROIPAR GRIPPE SIROP 125MG/2,5MG/1MG FL/ 100ML","ORL, ANTIGRIPPE ET ANTIRHUME",CHLORPHENIRAMINE + PHENYLEPHRINE + PARACETAMOL
3990681,ROIPAR PLUS COMPRIMES EFFERVESCENTS 500MG/30MG B/16,ANTALGIQUE/ANTIPYRETIQUE,PARACETAMOL+CAFEINE
1393201,ROIPAR SIROP 125MG FL/100ML,ANTALGIQUE/ANTIPYRETIQUE,PARACETAMOL
1393171,ROIPAR SOLUTION POUR PERFUS IV 1G FL/100ML,ANTALGIQUE/ANTIPYRETIQUE,PARACETAMOL
1393181,ROIPAR SOLUTION POUR PERFUS IV 500MG FL/ 100ML,ANTALGIQUE/ANTIPYRETIQUE,PARACETAMOL
1393191,ROIPAR SUPPOSITOIRE 200MG B/10,ANTALGIQUE/ANTIPYRETIQUE,PARACETAMOL
3331088,ROLICIN CP PELL 500 MG B/3,"ANTIBIOTIQUE, MACROLIDE",AZITHROMYCINE
3043257,ROMAC CP PELL 300MG B/7,"ANTIBIOTIQUE, MACROLIDE",ROXITHROMYCINE
3042939,ROMAC CP 150 MG B/10,"ANTIBIOTIQUE, MACROLIDE",ROXITHROMYCINE
3185902,RONFENAC CP 100MG PLAQUETTE DE 10,ANTI-INFLAMMATOIRE NON STEROIDIEN (AINS),DICLOFENAC
8004842,RONFENAC SUPPO 100 MG B/10,ANTI-INFLAMMATOIRE NON STEROIDIEN (AINS),DICLOFENAC
8117523,"RONIC CY 0,1% FL/5 ML","OPHTALMOLOGIE, ANTI-INFLAMMATOIRES LOCAUX",DEXAMETHASONE
8018459,RONZOLE CP 150MG B/1,ANTIFONGIQUE SYSTEMIQUE,FLUCONAZOLE
1353411,ROPODOX GELULES 200MG B/10,"ANTIBIOTIQUE, CEPHALOSPORINE",CEFPODOXIME
1805151,ROSEB COMPRIME 10MG/10MG B/30,HYPOLIPEMIANT,ROSUVASTATINE + EZETIMIBE
1805161,ROSEB COMPRIME 20MG/10MG B/30,HYPOLIPEMIANT,ROSUVASTATINE + EZETIMIBE
1805183,ROSEB COMPRIME 40MG/10MG B/30,HYPOLIPEMIANT,ROSUVASTATINE + EZETIMIBE
3387702,ROSUKAA CP PELL 10 MG B/30,HYPOLIPEMIANT,ROSUVASTATINE
3387719,ROSUKAA CP PELL 20MG B/30,HYPOLIPEMIANT,ROSUVASTATINE
7153022,ROSUMAC CP PELL 10 MG B/30,HYPOLIPEMIANT,ROSUVASTATINE
8153039,ROSUMAC CP PELL 20MG B/30,HYPOLIPEMIANT,ROSUVASTATINE
3680599,ROSUTOR COMP 10MG B/30,HYPOLIPEMIANT,ROSUVASTATINE
3680605,ROSUTOR COMP 20MG B/30,HYPOLIPEMIANT,ROSUVASTATINE
3680568,ROSUTOR COMP 5MG B/30,HYPOLIPEMIANT,ROSUVASTATINE
2471500,ROSUVASTATIN DENK 20 MG BL/3X10,HYPOLIPEMIANT,ROSUVASTATINE
4062711,ROSUVASTATINE DENK COMPRIMES 10MG B/30,HYPOLIPEMIANT,ROSUVASTINE
4062858,ROSUVASTATINE DENK COMPRIMES 20MG B/30,HYPOLIPEMIANT,ROSUVASTINE
3788905,ROSUVEX CPR 20MG BT 10 X 10,HYPOLIPEMIANT,ROSUVASTATINE
3383339,ROSVAT CP PELL 10 MG B/30,HYPOLIPEMIANT,ROSUVASTATINE
3383322,ROSVAT CP 5 MG B/30,HYPOLIPEMIANT,ROSUVASTATINE
3124168,"ROVAMYCINE CP ENR 1,5 MUI B/16","ANTIBIOTIQUE, MACROLIDE",SPIRAMYCINE
3324708,ROVAMYCINE CP ENR 3 MUI B/10,"ANTIBIOTIQUE, MACROLIDE",SPIRAMYCINE
3254600,ROVAMYCINE SIROP FL/150 ML,"ANTIBIOTIQUE, MACROLIDE",SPIRAMYCINE
8127825,ROXFER SIROP FL/200 ML,"HEMATOLOGIE, ANTIANEMIQUES",FER+COMPLEXE VITAMINIQUE+COMPLEXE MINERAL
1304531,ROXIANE 150MG B/10,"ANTIBIOTIQUE, MACROLIDE",ROXITHROMYCINE
3308714,ROXIMAX CP PELL 150MG B/12,"ANTIBIOTIQUE, MACROLIDE",ROXITHROMYCINE
3153611,ROXIMED CP 150 MG B/10,"ANTIBIOTIQUE, MACROLIDE",ROXITHROMYCINE
8065430,ROXINE CP 150 MG B/10,"ANTIBIOTIQUE, MACROLIDE",ROXITHROMYCINE
3000193,ROXITHROMAX CP PELLICULE 150MG B/10,"ANTIBIOTIQUE, MACROLIDE",ROXITHROMYCINE
8005327,ROX-MYCIN CP 150 MG B/10,"ANTIBIOTIQUE, MACROLIDE",ROXITHROMYCINE
8513940,ROXYFORTE SOLUTION INJECTABLE 10MG/5ML B/1,"HEMATOLOGIE, ANTIANEMIQUES",FER
8558919,ROZAN CP 10 MG B/30,HYPOLIPEMIANT,ROSUVASTATINE
8558925,ROZAN CP 5 MG B/30,HYPOLIPEMIANT,ROSUVASTATINE
2473682,ROZCIAN 10MG CP B/30,HYPOLIPEMIANT,ROSUVSTATINE
2473681,ROZCIAN 20MG CP B/30,HYPOLIPEMIANT,ROSUVSTATINE
3010222,RUBIDOX 50 POUDRE LYOPHILISÉE POUR SOLUTION INJECTABLE BOITE DE I FLACON,"CANCEROLOGIE, ANTINEOPLASIQUE",CHLORHYDRATE DE DOXORUBICINE
2476164,RUBIRED COMP B/10,"HEMATOLOGIE, ANTIANEMIQUE",FER + ACIDE FOLIQUE + VITAMINE B12
8084628,RUBIX CP 150 MG B/4,ANTIFONGIQUE SYSTEMIQUE,FLUCONAZOLE
8084597,RUBIX CP 150MG B/1,ANTIFONGIQUE SYSTEMIQUE,FLUCONAZOLE
8077887,RUBIX CP 150MG B/2,ANTIFONGIQUE SYSTEMIQUE,FLUCONAZOLE
8495107,RUCOLD SUSP BUV FL/100 ML,"ORL,ANTI-GRIPPE,ANTI-RHUME",PARACETAMOL+CHLORPHENIRAMINE+PHENYLEPHRINE
3858868,RUFENAC GEL TUBE DE 30G,ANTI INFLAMMATOIRE NON STEROIDIEN (AINS),DICLOFENAC
9000151,RUFEX COMP PELL 500MG B/10,"ANTIBIOTIQUE, CEPHALOSPORINE",CEFUROXIME
3290381,RULID CP ENR 150 MG B/10,"ANTIBIOTIQUE, MACROLIDE",ROXITHROMYCINE
3209318,RUNN-P CP 100MG/500MG B/10,ANTALGIQUE/ANTIPYRETIQUE + AINS,ACECLOFENAC + PARACETAMOL
2297613,RUSCOLOG SUPPO B/10,"GASTRO.E.H., MEDICAMENT DE PROCTOLOGIE",TRIMEBUTINE+RUSCOGENINES
3246026,RYTHMODAN CP ENR LP 250 MG B/20,"CARDIOLOGIE, ANTIARYTHMIQUES",DISOPYRAMIDE
3378064,SABRIL PDRE P SUSP BUV 500 MG /SACH B/60,"NEUROLOGIE, ANTIEPILEPTIQUES",VIGABIN
8028464,SAFE-TAX 1G INJ B/1,"ANTIBIOTIQUE, CEPHALOSPORINE",CEFTRIAXONE
3630242,SAFEX CPR B/4,ASSOCIATION D'ANTIBIOTIQUES,SECNIDAZOLE + AZITHROMYCINE + FLUCONAZOLE
8193890,SAIFOXYL COMPRIMÉS 1G BTE DE 14,"ANTIBIOTIQUE, PENICILLINE",AMOXICILLINE
8149408,SAIFOXYL COMPRIMÉS 500G BTE DE 24,"ANTIBIOTIQUE, PENICILLINE",AMOXICILLINE
8420929,SAIFOXYL 250MG FLACON 60ML,"ANTIBIOTIQUE, PENICILLINE",AMOXICILLINE
3226880,SALAZOPYRINE CP ENR 500 MG B/100,"GASTRO.E.H., MALADIES INFLAMMATOIRES DE L'INTESTIN",SULFASALAZINE
3299324,"SALBUMOL AMP AMP INJ 0,5 MG B/6","GYNECOLOGIE, UTEROLAXANTS",SALBUTAMOL
2472812,SALBUNHAL 100µG/DOSE,"PNEUMOLOGIE, ANTI-ASTHMATIQUE",SALBUTAMOL
2292461,SALBUTUS SIROP FL/100 ML,"PNEUMOLOGIE, ANTIASTHMATIQUE",SALBUTAMOL
3289526,SALBUTUS SIROP 2MG/5ML FL/200ML,"PNEUMOLOGIE, ANTIASTHMATIQUE",SALBUTAMOL
8423533,SALIFEN GEL 1% T/30G,"RHUMATOLOGIE, AUTRES",DICLOFENAC + METHYLSALICYLATE + MENTHOL
3600139,SALOCIN 500MG CPR B/10,"ANTIBIOTIQUE, QUINOLONE",LEVOFLOXACINE
8025413,SANCEPH DS PDRE P SUSP BUV 250MG FL/100ML,"ANTIBIOTIQUE, CEPHALOSPORINE",CEFALEXINE
8025436,SANDROX DS PDRE P SUSP BUV 250MG FL/100ML,"ANTIBIOTIQUE, CEPHALOSPORINE",CEFADROXIL
3365823,SAPHIR AD PDRE P SUSP BUV SACHET 1000MG/ 125MG B/12,"ANTIBIOTIQUE, PENICILLINE",AMOXICILLINE+ACIDE CLAVULANIQUE
3365816,SAPHIR AD PDRE P SUSP BUV SACHET 1000/125 B/ 16,"ANTIBIOTIQUE, PENICILLINE",AMOXICILLINE+ACIDE CLAVULANIQUE
3365793,SAPHIR ENFANT PDRE P SUSP BUV SACHET 500/62.5,"ANTIBIOTIQUE, PENICILLINE",AMOXICILLINE+ACIDE CLAVULANIQUE
3365779,SAPHIR NOURRISSON PDRE P SUSP BUV 100MG/ 12.5MG FL/30ML,"ANTIBIOTIQUE, PENICILLINE",AMOXICILLINE+ACIDE CLAVULANIQUE
2471829,"SARAVAL COMP 1600MG/12,5MG B/30","ANTIHYPERTENSEUR, ANTAGONISTE RECEPTEUR DE L'ANGIOTENSINE + DIURETIQUE",VALSARTAN + HYDROCHLOROTHIAZIDE
2471828,"SARAVAL COMP 80MG/12,5MG B/30","ANTIHYPERTENSEUR, ANTAGONISTE RECEPTEUR DE L'ANGIOTENSINE + DIURETIQUE",VALSARTAN + HYDROCHLOROTHIAZIDE
2009838,SARIDON CP B/10,ANTALGIQUE/ANTIPYRETIQUE,PARACETAMOL+PROPYPHENAZONE+CAFEINE
1805141,SARTEX COMPRIME 10MG/160MG B/30,AUTRES ASSOCIATIONS D'ANTIHYPERTENSEURS,AMLODIPINE + VALSARTAN
1805131,SARTEX COMPRIME 5MG/160MG B/30,AUTRES ASSOCIATIONS D'ANTIHYPERTENSEURS,AMLODIPINE + VALSARTAN
1808491,"SARTEX HCT COMPRIME 10MG/160MG/12,5MG B/30",AUTRES ASSOCIATIONS D'ANTIHYPERTENSEURS,AMLODIPINE + VALSARTAN + HYDROCHLOROTHIAZIDE
1808501,SARTEX HCT COMPRIME 10MG/160MG/25MG B/30,AUTRES ASSOCIATIONS D'ANTIHYPERTENSEURS,AMLODIPINE + VALSARTAN + HYDROCHLOROTHIAZIDE
1805182,"SARTEX HCT COMPRIME 5MG/160MG/12,5MG B/30",AUTRES ASSOCIATIONS D'ANTIHYPERTENSEURS,AMLODIPINE + VALSARTAN + HYDROCHLOROTHIAZIDE
1805185,SARTEX HCT COMPRIME 5MG/160MG/125MG B/30,AUTRES ASSOCIATIONS D'ANTIHYPERTENSEURS,AMLODIPINE + VALSARTAN + HYDROCHLOROTHIAZIDE
6001318,"SCIMALT-FA SIROP 125MG/0,35MG/5ML FL/120ML","HEMATOLOGIE, ANTIANEMIQUE",HYDROXYDE DE FER III POLYMALTOSE + ACIDE FOLIQUE
3595067,SCIPRIDE COMP 25MG B/30,"PSYCHIATRIE, NEUROLEPTIQUE",LEVOSULPIRIDE
3939401,"SCIPRIL COMPRIME 10MG/2,5MG/10MG B/30",ASSOCIATION D'ANTIHYPERTENSEURS,AMLODIPINE + INDAPAMIDE + PERINDOPRIL
3040512,"SCIPRIL COMPRIME 10MG/2,5MG/5MG B/30",ASSOCIATION D'ANTIHYPERTENSEURS,AMLODIPINE + INDAPAMIDE + PERINDOPRIL
3828390,"SCIPRIL COMPRIME 5MG/1,25MG/10MG B/30",ASSOCIATION D'ANTIHYPERTENSEURS,AMLODIPINE + INDAPAMIDE + PERINDOPRIL
3717289,"SCIPRIL COMPRIME 5MG/1,25MG/5MG B/30",ASSOCIATION D'ANTIHYPERTENSEURS,AMLODIPINE + INDAPAMIDE + PERINDOPRIL
3606178,SCIRICA GELULE 75 MG B/28,"NEUROLOGIE, ANTIEPILEPTIQUES",PREGABALINE
8097826,SECAMIB 1G CPR B/2,ANTIBIOTIQUE ET ANTIPARASITAIRE,SECNIDAZOLE
3337071,SECNOL GRANULES 2G SACHET DOSE B/1,ANTIBIOTIQUE ET ANTIPARASITAIRE,SECNIDAZOLE
3193471,SECTRAL CP ENR 200 MG B/30,"ANTIHYPERTENSEUR, BÊTABLOQUANT",ACEBUTOLOL
3220771,SECTRAL CP ENR 400 MG B/30,"ANTIHYPERTENSEUR, BÊTABLOQUANT",ACEBUTOLOL
3154347,SEDASPIR CP B/20,"ANTALGIQUE/ANTIPYRETIQUE, ASSOCIATION CONTENANT UN OPIACE",ACIDE ACETYLSALICYLIQUE+CAFEINE+CODEINE
3762584,SEDORRHOIDE CREME RECTALE T/30G,"GASTRO.E.H., MEDICAMENT DE PROCTOLOGIE","BROMURE DE DODECLONIUM, ESCULOSIDE SESQUIHYDRATE, ENOXOLONE, BENZOCAINE."
5052013,SEDORRHOIDE SUPPO B/8,"GASTRO.E.H., MEDICAMENT DE PROCTOLOGIE",DODECLONIUM+BENZOCAINE+ENOXOLONE
2475464,SEFAM PL COMP 10MG/10MG B/30,ANTIHYPERTENSEUR INHIBITEUR DE L'ENZYME DE CONVERSION + INHIBITEUR CALCIQUE,PERINDOPRIL + AMLODIPINE
2475467,SEFAM PL COMP 10MG/5MG B/30,ANTIHYPERTENSEUR INHIBITEUR DE L'ENZYME DE CONVERSION + INHIBITEUR CALCIQUE,PERINDOPRIL + AMLODIPINE
2475461,SEFAM PL COMP 5MG/10MG B/30,ANTIHYPERTENSEUR INHIBITEUR DE L'ENZYME DE CONVERSION + INHIBITEUR CALCIQUE,PERINDOPRIL + AMLODIPINE
2475458,SEFAM PL COMP 5MG/5MG B/30,ANTIHYPERTENSEUR INHIBITEUR DE L'ENZYME DE CONVERSION + INHIBITEUR CALCIQUE,PERINDOPRIL + AMLODIPINE
3236581,SEFUROX CP PELL 250MG B/10,"ANTIBIOTIQUE, CEPHALOSPORINE",CEFUROXIME
3236598,SEFUROX CP PELL 500 MG B/10,"ANTIBIOTIQUE, CEPHALOSPORINE",CEFUROXIME
3995549,SEKALGIC COMP 400MG/500MG/30MG B/12,ANTALGIQUE/ANTIPYRETIQUE + AINS,PARACETAMOL + UBIPROFENE + CAFEINE
3005532,SEKALGIC SUSP BUV FL/100 ML,ANTALGIQUE/ANTIPYRETIQUE + AINS,PARACETAMOL+IBUPROFENE
8030957,SEKISAN SUSP BUV FL/120 ML,"PNEUMOLOGIE, ANTITUSSIF",CLOPERASTINE
3244139,SELEXID CP ENR 200 MG B/12,"ANTIBIOTIQUE , AUTRES BETA-LACTAMINES",PIVMECILLINAM
3346176,SELSUN SOL P APPL LOC FL/120 ML,"DERMATOLOGIE, ANTIFONGIQUE LOCAL",SELENIUM
3669891,SENERGY COMP 10MG/160MG B/30,AUTRES ASSOCIATIONS D'ANTIHYPERTENSEURS,AMLODIPINE + VALSARTAN
3669846,SENERGY COMP 5MG/160MG B/30,AUTRES ASSOCIATIONS D'ANTIHYPERTENSEURS,AMLODIPINE + VALSARTAN
3775233,"SENERGY PLUS COMP 5MG/160MG/12,5MG B/30",AUTRES ASSOCIATIONS D'ANTIHYPERTENSEURS,AMLODIPINE + VALSARTAN
3292463,SEPTEAL SOL P APPL LOC FL/500 ML,"DERMATOLOGIE, ANTISEPTIQUE LOCAL",CHLORHEXIDINE
3208649,SEPTIDERM SOLUTION DERMIQUE 10% FL/200ML,"DERMATOLOGIE, ANTISEPTIQUE LOCAL",POVIDONE IODEE
2287661,SEPTILAIT SOL A USAGE EXTERNE FL/125 ML,"DERMATOLOGIE, ANTISEPTIQUE LOCAL",IRGASAN DP 300
2293549,SEPTILAIT SOL P APPL CUT FL/250 ML,"DERMATOLOGIE, ANTISEPTIQUE LOCAL",IRGASAN DP 300
3129326,"SEPTIVON LAVRIL SOL P APPL LOC 0,5% FL/250 ML","DERMATOLOGIE, ANTISEPTIQUE LOCAL",TRICLOCARBAN
3129332,"SEPTIVON LAVRIL SOL P APPL LOC 0,5% FL/500 ML","DERMATOLOGIE, ANTISEPTIQUE LOCAL",TRICLOCARBAN
2299339,SEPTYL SOL P BAIN DE BOUCHE FL/100 ML,"STOMATOLOGIE,BAIN DE BOUCHE,GARGARISME ET GELS",CHLORHEXIDINE
3315492,"SERDERAX COMPRIME 10MG/2,5MG B/30",ASSOCIATION D'ANTIHYPERTENSEURS,PERINDOPRIL + INDAPAMIDE
3824057,"SERDERAX COMPRIME 5MG/1,25MG B/30",ASSOCIATION D'ANTIHYPERTENSEURS,PERINDOPRIL + INDAPAMIDE
3565889,SERETIDE AEROSOL 250/25µG B/120 DOSES,"PNEUMOLOGIE, ANTIASTHMATIQUE",SALMETEROL+FLUTICASONE
3545935,SERETIDE DISKUS 100/50µG B/60 DOSES,"PNEUMOLOGIE, ANTIASTHMATIQUE",SALMETEROL+FLUTICASONE
3545970,SERETIDE DISKUS 250/50µG B/60 DOSES,"PNEUMOLOGIE, ANTIASTHMATIQUE",SALMETEROL+FLUTICASONE
3547354,SERETIDE DISKUS 500/50MICROGRAMMES B/60 DOSES,"PNEUMOLOGIE, ANTIASTHMATIQUE",SALMETEROL+FLUTICASONE
8012043,SERGIFEX PDRE POUR SOLUT INJ 1 G IV B/1,"ANTIBIOTIQUE, CEPHALOSPORINE",CEFTRIAXONE
3814687,SERGLIRON COMPRIME LM 60MG B/30,SULFAMIDE ANTIDIABETIQUE,GLICAZIDE
3365175,SEROFLO AEROSOL 125/25µG B/120 DOSES,"PNEUMOLOGIE, ANTIASTHMATIQUE",SALMETEROL+FLUTICASONE
3365182,SEROFLO AEROSOL 250/25µG B/120 DOSES,"PNEUMOLOGIE, ANTIASTHMATIQUE",SALMETEROL+FLUTICASONE
3583960,SERPERAM COMPRIME 10MG/10MG B/30,ANTIHYPERTENSEUR INHIBITEUR DE L'ENZYME DE CONVERSION + INHIBITEUR CALCIQUE,PERINDOPRIL + AMLODIPINE
3582789,SERPERAM COMPRIME 10MG/5MG B/30,ANTIHYPERTENSEUR INHIBITEUR DE L'ENZYME DE CONVERSION + INHIBITEUR CALCIQUE,PERINDOPRIL + AMLODIPINE
3581430,SERPERAM COMPRIME 5MG/10MG B/30,ANTIHYPERTENSEUR INHIBITEUR DE L'ENZYME DE CONVERSION + INHIBITEUR CALCIQUE,PERINDOPRIL + AMLODIPINE
3580259,SERPERAM COMPRIME 5MG/5MG B/30,ANTIHYPERTENSEUR INHIBITEUR DE L'ENZYME DE CONVERSION + INHIBITEUR CALCIQUE,PERINDOPRIL + AMLODIPINE
9949092,SETOLAC ER COMPRIMES 300MG B/10,ANTI INFLAMMATOIRE NON STEROIDIEN (AINS),ETODOLAC
3322079,SETRONAX COMPRIMES 4MG B/10,"CANCEROLOGIE, TRAITEMENTS ASSOCIES",ONDANSETRON
8177455,SETRONAX SOLUTION BUVABLE 2MG/5ML FL/60ML,"CANCEROLOGIE, TRAITEMENTS ASSOCIES",ONDANSETRON
3224671,SETRONAX 8MG/4ML AMP INJ B/5,"CANCEROLOGIE, TRAITEMENTS ASSOCIES",ONDANSETRON
3776612,SEVELAMER LIVEALTH 800MG COMPRIME PELLICULE B/30,HYPERPHOSPHEREMIE DE L'INSUFFISANCE RENALE,SEVELAMER
8064560,SEZOL GELULE 20MG B/30,"GASTRO.E.H., ULCERE GASTRODUODENAL",OMEPRAZOLE
3858882,SHAL'ARTEM FORTE COMPRIME B/6,"PARASITOLOGIE, ANTIPALUDIQUE",ARTEMETHER + LUMEFANTRINE
3858875,SHAL'ARTEM POUDRE POUR SUSP BUV FL/60ML,"PARASITOLOGIE, ANTIPALUDIQUE",ARTEMETHER + LUMEFANTRINE
3858899,SHALTOUX XPS SIROP FL/100ML,"PNEUMOLOGIE, ANTITUSSIF",DIPHENYLDRAMINE + CHLORURE D'AMMONIUM + CITRATE DE SODIUM + MENTHOL
8076623,SHARLUM CP 20 MG /120 MG B/24,"PARASITOLOGIE, ANTIPALUDIQUE",ARTEMETHER+LUMEFANTRINE
8076617,SHARLUM CP 40 MG/240 MG B/12,"PARASITOLOGIE, ANTIPALUDIQUE",ARTEMETHER+LUMEFANTRINE
8076586,SHAROLEV CP B/5,"ANTIBIOTIQUE, QUINOLONE",LEVOFLOXACINE
3179369,SHIBUDAL GELULE B/30,ANTALGIQUE/ANTIPYRETIQUE + AINS,PARACETAMOL + IBUPROFENE + CAFEINE
3642047,SILOTRIF 4MG GELULE B/30,"UROLOGIE,HYPERTROPHIE BENIGNE DE LA PROSTATE",SILODOSINE
3642092,SILOTRIF 8MG GELULE B/30,"UROLOGIE,HYPERTROPHIE BENIGNE DE LA PROSTATE",SILODOSINE
8003601,SILVEREX CREME POT DE 250 G,"DERMATOLOGIE, ANTIBACTERIEN LOCAL",SULFADIAZIDE ARGENTIQUE + CHLORHEXIDINE
5604040,SILVEREX CREME T/25,"DERMATOLOGIE, ANTIBACTERIEN LOCAL",CHLORHEXIDINE+SULFADIAZINE
3076781,SIMULECT PDRE P P INJ B/1,IMMUNOLOGIE ET MEDICAMENTS DE LA TRANSPLANTATION,BASILIXIMAD
8088052,SIMVA DENK CP PELL 20MG B/30,HYPOLIPEMIANT,SIMVASTATINE
2257252,SIMVA DENK CP 40 MG B/30,HYPOLIPEMIANT,SIMVASTATINE
1448831,SIMVASTATIN VIR COMP PELL 10MG B/28,HYPOLIPEMIANT,SIMVASTATINE
1448841,SIMVASTATIN VIR COMP PELL 20MGB/28,HYPOLIPEMIANT,SIMVASTATINE
1448851,SIMVASTATIN VIR PELL 40MG B/28,HYPOLIPEMIANT,SIMVASTATINE
3461411,SINGULAIR CP 10 MG B/28,"PNEUMOLOGIE, ANTI-ASTHMATIQUE",MONTELUKAST
3356430,SINTRON CP 4 MG B/30,"HEMOSTASE, ANTICOAGULANTS ORAUX",ACECOUMAROL
8598452,SIROFEN SUSP 20MG/ML FL/150ML,ANTI-INFLAMMATOIRE NON STEROIDIEN (AINS),IBUPROFENE
3203149,SISUL-C CREME T/15 G,"DERMATOLOGIE, ANTIBACTERIEN LOCAL",SULFADIAZIDE ARGENTIQUE + CHLORHEXIDINE
5686939,SITADIOL COMPRIME 50MG B/30,AUTRES ANTIDIABETIQUES,SITAGLIPTINE
5673439,SITADIOL-M COMPRIME 500MG/50MG B/30,AUTRES ANTIDIABETIQUES,SITAGLIPTINE + METFORMINE
2481176,SITAPRIL COMPRIME 100MG B/30,AUTRES ANTIDIABETIQUES,SITAGLIPTINE
2481175,SITAPRIL COMPRIME 50MG B/30,AUTRES ANTIDIABETIQUES,SITAGLIPTINE
2481583,SITAPRIL COMPRIME 50MG/1000MG B/30,AUTRES ANTIDIABETIQUES,SITAGLIPTINE + METFORMINE
2481584,SITAPRIL COMPRIME 50MG/500MG B/30,AUTRES ANTIDIABETIQUES,SITAGLIPTINE + METFORMINE
2009465,SKILAX SOL BUV FL/15 ML,"GASTRO.E.H., CONSTIPATION",SULFOLAX
3559963,SKINET CREME TUBE 50G,DERMOCORTICOIDES+ANTIFONGIQUES,NEOMYCINE+NYSTATINE+TRIAMCINOLONE
2484179,"SKINOSALIC LOTION 0,05%/2,% FACON DE 30G","DERMATOLOGIE, DERMOCORTICOIDE",BETAMETHASONE + ACIDE SALICYLIQUE
2484181,SKINOSALIC POMMADE TUBE 30G,"DERMATOLOGIE, DERMOCORTICOIDE",BETAMETHASONE + ACIDE SALICYLIQUE
2485756,SKUDEXA 75MG/25MG COMP PELL B/10,ASSOCIATION CONTENANT ANTALGIQUE OPIACE FAIBLE ET UN ANTIINFLAMMATOIRE NON STEROIDIEN,TRAMADOL + DEXKETOPROFENE
3251560,SMECIP-T CP B/10,ANTIBIOTIQUE ET ANTIPARASITAIRE,CIPROFLOXACINE+TINIDAZOLE
4425001,SMECTA PDRE P SUSP BUV B/10 SACH,"GASTRO.E.H., ANTIACIDE ET PANSEMENT GASTROINTESTINAL",DIOSMECTITE
3192307,SMECTA SUSP BUV B/30 SACH,"GASTRO.E.H., ANTIACIDE ET PANSEMENT GASTROINTESTINAL",DIOSMECTITE
3344576,SMEDYL POUDRE POUR SUSP BUV SACHET 3G B/ 30,"GASTRO.E.H., ANTIACIDE ET PANSEMENT GASTROINTESTINAL",DIOSMECTITE
3204696,SMEGAZ CP 500 MG B/3,"ANTIBIOTIQUE, MACROLIDE",AZITHROMYCINE
3403136,SMEMAL CP 20 MG /120 MG B/24,"PARASITOLOGIE, ANTIPALUDIQUE",ARTEMETHER+LUMEFANTRINE
3403099,SMEMAL CP 80/480 MG B/6,"PARASITOLOGIE, ANTIPALUDIQUE",ARTEMETHER+LUMEFANTRINE
8465866,SMIFT COMPRIME 50MG/500MG B/10,AUTRES ANTIDIABETIQUES,SITAGLIPTINE + METFORMINE
3137178,SOCLAV PDRE P SUSP BUV SACHET DOSE 1G/ 125MG B/16,"ANTIBIOTIQUE, PENICILLINE",AMOXICILLINE+ACIDE CLAVULANIQUE
3088562,SOCLAV PDRE P SUSP BUV SACHET 500/62.5,"ANTIBIOTIQUE, PENICILLINE",AMOXICILLINE+ACIDE CLAVULANIQUE
3089613,SOCLAV PDRE P SUSP BUV 100MG/12.5MG FL/30ML,"ANTIBIOTIQUE, PENICILLINE",AMOXICILLINE+ACIDE CLAVULANIQUE
3089651,SOCLAV PDRE P SUSP BUV 100MG/12.5MG FL/60ML,"ANTIBIOTIQUE, PENICILLINE",AMOXICILLINE+ACIDE CLAVULANIQUE
8098234,SODROL PDRE P P INJ 40 MG B/1,ANTI-INFLAMMATOIRE STEROIDIEN (AIS),METHYLPREDNISOLONE
3543726,SOFO-LED CP B/28,"GASTRO.E.H., HEPATITES VIRALES CHRONIQUES",SOFOSBUVIR + LEDISPAVIR
3383872,SOFOPAS COMPRIMES PELLICULES 400MG/90MG B/28,"GASTRO.E.H., HEPATITES VIRALES CHRONIQUES","SOFOSBUVIR, LEDIPASVIR"
3379868,SOFOS COMPRIMES PELLICULES 400MG B/28,"GASTRO.E.H., HEPATITES VIRALES CHRONIQUES",SOFOSBUVIR
3543764,SOFO-VEL CP B/28,"GASTRO.E.H., HEPATITES VIRALES CHRONIQUES",SOFOSBUVIR + VELPATASVIR
3369807,SOFTDROPS CY FL/10 ML,"OPHTALMOLOGIE, SUPPLEANCE LACRYMALE",CARBOMETHYL CELLULOSE
3173959,SOLACY AD GELU BT45,"ORL, RHINOPHARYNGITES ET SINUSITES",CYSTINE + SOUFRE + LEVURE
3322796,SOLCER SR 20MG GEL B/28,"GASTRO EH, ULCERE GASTRO-DUODENAL",OMEPRAZOLE
8063833,SOLCER 40MG INJ B/1,"GASTRO EH, ULCERE GASTRO-DUODENAL",OMEPRAZOLE
3218495,SOLEXIM CP PELL 200 MG B/10,"ANTIBIOTIQUE, CEPHALOSPORINE",CEFIXIME
3218488,SOLEXIM SUSP BUV 100 MG/5 ML FL/60 ML,"ANTIBIOTIQUE, CEPHALOSPORINE",CEFIXIME
3218471,SOLEXIM-N PDRE P SUSP ORALE 50MG/5ML FL/ 60ML,"ANTIBIOTIQUE, CEPHALOSPORINE",CEFIXIME
3202913,SOLFER SIROP FL/200 ML,"HEMATOLOGIE, ANTIANEMIQUES",FER + MULTIVITAMINES
3620533,SOLFER FORTE GELULE B/30,"HEMATOLOGIE, ANTI-ANEMIQUES",FER + VITAMINES + OLIGO-ELEMENT
1426781,SOLFER LITE GOUTTE BUV 50MG/350µG FL/15ML,"HEMATOLOGIE, ANTIANEMIQUES",FER+ACIDE FOLIQUE
1426791,SOLFER LITE SIROP 50MG/350µG FL/200ML,"HEMATOLOGIE, ANTIANEMIQUES",FER+ACIDE FOLIQUE
2473339,SOLFER LITE SP 50MG/350MCG FL/200ML,"HEMATOLOGIE, ANTIANEMIQUE",HYDROXYDE POLYMALTOSE + ACIDE FOLIQUE
3487474,SOLIAN 100MG CP B/30,"PSYCHIATRIE, NEUROLEPTIQUE",AMISULPRIDE
3117814,SOLUBACTER SOLUTION MOUSSANTE FL/150 ML,"DERMATOLOGIE, ANTISEPTIQUE LOCAL",TRICLOCARBAN
3155281,SOLUMEDROL PDRE P P INJ 120 MG B/1,ANTI-INFLAMMATOIRE STEROIDIEN (AIS),METHYLPREDNISOLONE
3097170,SOLUMEDROL PDRE P P INJ 20 MG B/1,ANTI-INFLAMMATOIRE STEROIDIEN (AIS),METHYLPREDNISOLONE
3097187,SOLUMEDROL PDRE P P INJ 40 MG B/1,ANTI-INFLAMMATOIRE STEROIDIEN (AIS),METHYLPREDNISOLONE
3201466,SOLUPRED CP EFF 20 MG B/20,ANTI-INFLAMMATOIRE STEROIDIEN (AIS),PREDNISOLONE
3097520,SOLUPRED CP EFF 5 MG B/30,ANTI-INFLAMMATOIRE STEROIDIEN (AIS),PREDNISOLONE
2471508,SOLUTAN C CREM DERM 3PC TB100GR,"DERMATOLOGIE, ANTISEPTIQUES EXTERNES",VITAMINE C + CLOU DE GIROFLE + STEARINE + HUILE DE PALME + ACIDE CITRIQUE
8024626,SOLUTAN C JAUNE DERMO-GYNECO SOL P APPL CUT FL/250 ML,"DERMATOLOGIE, ANTISEPTIQUE LOCAL",ACIDE ASCORBIQUE + CLOU DE GIROFLE + BENZOATE DE SODIUM + MENTHOL + AROME MENTHE
3033524,SOLUTAN C VERT BUCCO-DENTAIRE SOL P APPL CUT FL/250 ML,"DERMATOLOGIE, ANTISEPTIQUE LOCAL",ACIDE ASCORBIQUE + CLOU DE GIROFLE + BENZOATE DE SODIUM + MENTHOL + AROME MENTHE
3592899,SOMET GELULE 20MG B/14,"GASTRO E.H, ULCERE GASTRO-DUODENALE",ESOMEPRAZOLE
3592788,SOMET GELULE 40MG B/14,"GASTRO E.H, ULCERE GASTRO-DUODENALE",ESOMEPRAZOLE
9999772,S-OMIPIN LYOPHILISAT POUR SOLUTION INJECTABLE 40MG IV B/1,"GASTRO.E.H., ULCERE GASTRODUODENAL",ESOMEPRAZOLE
3098040,SOPHTAL CY FL/10 ML,"OPHTALMOLOGIE, ANTISEPTIQUES LOCAUX",ACIDE SALICYLIQUE+ACIDE BORIQUE
3199775,SOPHTAL SOL P LAVAGE OCULAIRE FL/200 ML,"OPHTALMOLOGIE, ANTISEPTIQUES LOCAUX",ACIDE SALICYLIQUE+ACIDE BORIQUE
3312639,SORIATANE GELULE 10 MG B/30,"DERMATOLOGIE, ANTIPSORIASIS",ACITRETINE
3222563,SOTALEX CP 160 MG B/30,"CARDIOLOGIE, ANTIARYTHMIQUES",SOTALOL
3263037,SOTAMOX PDRE P SOL INJ 1..2G IV B/1,"ANTIBIOTIQUE, PENICILLINE",AMOXICILLINE+ACIDE CLAVULANIQUE
2473967,SOUFRE COUPH SIROP FL/100ML,"PNEUMOLOGIE, ANTITUSSIF",ADHATODA VASICA + PIPER LONGRUM LINN + PIPER NIGRUM + ZINGIBER OFFICINALE ROSCOE + GLYCYRRHIZA GLABRA + CURCUMA LONGA + OCIMUM SANCTUM + MENTHA PIPERITA
4835616,SOVENTUS JUNIOR SIROP FL/60ML,"PNEUMOLOGIE, ANTITUSSIF",AMBROXOL + TERBUTALINE + GUAIFENESINE
4821516,SOVENTUS SIROP FL/100ML,"PNEUMOLOGIE, ANTITUSSIF",AMBROXOL + TERBUTALINE + GUAIFENESINE
3842232,SOZOL GELULES GASTRO-RESISTANTES 20MG GELULES B/14,"GASTRO EH, ULCERE GASTRO-DUODENAL",ESOMEPRAZOLE
2478860,SPAMA-CALM 80MG/250MG COMPRIME B/10,ANTISPASMODIQUE,DROTAVERINE + ACIDE MEFENAMIQUE
2481596,SPASCOL COMP 80MG/500MG,ANTISPASMODIQUE,DROTAVERINE + PARACETAMOL
5011603,SPASFIX CP PELL 80MG/80MG B/30,ANTISPASMODIQUE,PHLOROGLUCINOL+TRIMETHYLPHLOROGLUCINOL
3246095,"SPASFIX SOL INJ 40MG/0,04MG IM/IV B/6",ANTISPASMODIQUE,PHLOROGLUCINOL+TRIMETHYLPHLOROGLUCINOL
3098583,SPASFON AMP INJ 40 MG B/6,ANTISPASMODIQUE,PHLOROGLUCINOL
3098608,SPASFON CP ENR 80 MG B/30,ANTISPASMODIQUE,PHLOROGLUCINOL
3186301,SPASFON LYOC CP 80 MG B/10,ANTISPASMODIQUE,PHLOROGLUCINOL
3098614,SPASFON SUPPO B/10,ANTISPASMODIQUE,PHLOROGLUCINOL
4168601,SPASFON-LYOC CP 160MG B/5,ANTISPASMODIQUE,PHLOROGLUCINOL
3886519,SPASMA-CALM COMPRIMES 80MG/250MG B/10,ANTISPASMODIQUE,DROTAVERINE + ACIDE MEFENAMIQUE
2475484,SPASMARIX CPR 40MG BT20,ANTISPASMODIQUE,DROTAVERINE
2475487,SPASMARIX CPR 80MG BT20,ANTISPASMODIQUE,DROTAVERINE
9999083,SPASMEX CP 80MG/80MG B/10,ANTISPASMODIQUE,PHLOROGLUCINOL
9999084,SPASMEX SOL INJ 40MG/4ML IV/IM B/10,ANTISPASMODIQUE,PHLOROGLUCINOL
9999085,SPASMEX SUPPO 150MG/150MG B/6,ANTISPASMODIQUE,PHLOROGLUCINOL
8011575,SPASMO-APOTEL AMP INJ (600 + 20)MG/4ML B/3,ANTISPASMODIQUE,PARACETAMOL + HYOSCINE BUTYBROMIDE
8011552,SPASMO-APOTEL CP PELLICULE (500+10)MG B/20,ANTISPASMODIQUE,PARACETAMOL + HYOSCINE BUTYBROMIDE
8011606,SPASMO-APOTEL SUPPO (800+10)MG B/5,ANTISPASMODIQUE,PARACETAMOL + HYOSCINE BUTYBROMIDE
5608000,SPASMOBUTINE SUSP BUV FL/250ML,"GASTRO.E.H., TROUBLES FONCTIONNELS DIGESTIFS",TRIMEBUTINE
3751126,SPASMOCALM COMPRIMES ORODISPERSIBLES 80MG B/20,ANTISPASMODIQUE,PHLOROGLUCINOL
3435779,SPASMOL SUPPOSITOIRES 150MG B/10,ANTISPASMODIQUE,PHLOROGLUCINOL+TRIMETHYLPHLOROGLUCINOL
3181195,SPASMOMEN CP 40MG B/30,ANTISPASMODIQUE,BROMURE D'OTILONIUM
3200969,SPASMOPRIV GELULE 100 MG B/20,ANTISPASMODIQUE,MEBEVERINE
3384923,SPASMOSYL CP ORODISPERSIBLES 80MG B/20,ANTISPASMODIQUE,PHLOROGLUCINOL
3384961,SPASMOSYL SOLUTION INJECTABLE 40MG/40µG IV/ IM B/6,ANTISPASMODIQUE,PHLOROGLUCINOL+TRIMETHYLPHLOROGLUCINOL
3384886,SPASMOSYL SUPPO 150 MG B/10,ANTISPASMODIQUE,PHLOROGLUCINOL
3221921,SPASMOTROY CP 40 MG B/20,ANTISPASMODIQUE,DROTAVERINE
3221938,SPASMOTROY CP 80 MG B/20,ANTISPASMODIQUE,DROTAVERINE
3221945,SPASMOTROY SOL INJ IM/IV 20MG/ML B/2,ANTISPASMODIQUE,DROTAVERINE
3221946,SPASMOTROY SOL INJ IM/IV 20MG/ML B/3,ANTISPASMODIQUE,DROTAVERINE
3677667,SPASNIL COMP 10MG/250MG B/10,ANTISPASMODIQUE,CHLORHYDRATE DE DICYCLOMINE + ACIDE MEFENAMIQUE
3006256,SPAZOMINE CP B/20,ANTISPASMODIQUE,DROTAVERINE + ACIDE MEFENAMIQUE
3311820,SPIBAC CP PELL 3MUI B/16,"ANTIBIOTIQUE, MACROLIDE",SPIRAMYCINE
3311837,"SPIBAC CP 1,5 MUI B/16","ANTIBIOTIQUE, MACROLIDE",SPIRAMYCINE
3625137,SPIFEN CP PELLICULE 400MG B/30,ANTI-INFLAMMATOIRE NON STEROIDIEN (AINS),IBUPROFENE
3698191,SPIFEN CP 200 MG B/30,ANTI-INFLAMMATOIRE NON STEROIDIEN (AINS),IBUPROFENE
6100108,"SPIRACARE CP ENR 1,5 MUI B/16","ANTIBIOTIQUE, MACROLIDE",SPIRAMYCINE
6100092,SPIRACARE CP 3MUI B10,"ANTIBIOTIQUE, MACROLIDE",SPIRAMYCINE
8000549,SPIRALIDE CP PELL 3MUI B/16,"ANTIBIOTIQUE, MACROLIDE",SPIRAMYCINE
8000548,SPIRALIDE CP PELL 3MUI B/16,"ANTIBIOTIQUE, MACROLIDE",SPIRAMYCINE
8018034,SPIRAZOLE CP PELL 750.000 MUI/125MG B/30,ANTIBIOTIQUE ET ANTIPARASITAIRE,SPIRAMYCINE + METRONIDAZOLE
1278911,SPIREX PLUS CP B/20,ASSOCIATION D'ANTIBIOTIQUES,SPIRAMYCINE + METRONIDAZOLE
3374603,"SPIROGYL COMPRIMES PELLICULES 0,75MUI/ 125MG B/20",ANTIBIOTIQUE ET ANTIPARASITAIRE,SPIRAMYCINE+METRONIDAZOLE
5604060,SP-LIC CP 500 MG B/3,"PARASITOLOGIE, ANTIPALUDIQUE",SULFADOXINE+PYRIMETHAMINE
2029077,SPORALIM LOTION DERM FL/30 ML,"DERMATOLOGIE,DERMOCORTICOIDE(AIS)",TOLNAFTATE
3293391,"STABLON CP 12,5 MG B/30","PSYCHIATRIE, ANTIDEPRESSEURS",TIANEPTINE
3192767,STAGID CP 700 MG B/100,BIGUANIDE ANTIDIABETIQUE,METFORMINE
3192750,STAGID CP 700 MG B/30,BIGUANIDE ANTIDIABETIQUE,METFORMINE
2029143,STAPHYPEN GELULE 500 MG B/20,"ANTIBIOTIQUE, PENICILLINE",FLUCLOXACILLINE
5017026,STAPHYPEN PDRE P SUSP BUV 125MG FL/100ML,"ANTIBIOTIQUE, PENICILLINE",FLUCLOXACILLINE
5017027,STAPHYPEN PDRE P SUSP BUV 250MG FL/100ML,"ANTIBIOTIQUE, PENICILLINE",FLUCLOXACILLINE
2029166,STARPEN CP ENR 1 G B/12,"ANTIBIOTIQUE, PENICILLINE",BENZATHINE PHENOXY METHYL PENICILLINE
3024539,STARVAL HCT 160/25MG CPR B/30,ANTIHYPERTENSEUR ANTAGONISTE RECEPTEURS ANGIO,TVEANLSSINAER TIIA +N D +I UHRYEDTRIQOUCEHLOROTHIAZIDE
8079142,"STARVAL HCT 80/12,5MG CPR B/30",ANTIHYPERTENSEUR ANTAGONISTE RECEPTEURS ANGIO,TVEANLSSINAER TIIA +N D +I UHRYEDTRIQOUCEHLOROTHIAZIDE
8079076,STARVAL 160MG CPR B/30,"ANTIHYPERTENSEUR, ANTAGONISTE RECEPTEUR DE L'AN",GVIOATLSEANRSTINAEN
8079001,STARVAL 80MG CPR B/30,"ANTIHYPERTENSEUR, ANTAGONISTE RECEPTEUR DE L'AN",GVIOATLSEANRSTINAEN
3592191,STAXOM COMPRIME 400MG B/5,"ANTIBIOTIQUE, QUINOLONE",MOXIFLOXACINE
3138414,STERDEX POMMADE OPHTALMIQUE UNIDOSE B/12,"OPHTALMOLOGIE, ANTI-INFLAMMATOIRES ET ANTIBACTERIENS LOCAUX",DEXAMETHASONE + OXYTETRACYCLINE
8049738,STERICEF AMP INJ 1 G B/1,"ANTIBIOTIQUE, CEPHALOSPORINE",CEFTRIAXONE
8049721,STERICEF PDRE P P INJ 500 MG B/1,"ANTIBIOTIQUE, CEPHALOSPORINE",CEFTRIAXONE
8049715,STERICEF PDRE P P INJ 250 MG B/1,"ANTIBIOTIQUE, CEPHALOSPORINE",CEFTRIAXONE
8103923,STERILINE SOL P APPL CUT FL/250 ML,"DERMATOLOGIE, ANTISEPTIQUE LOCAL",CHLORURE DE SODIUM
4647626,STERIMAR BEBE SOL P PULV NASALE FL/50 ML,"ORL, DECONGESTIONNANTS",EAU DE MER ISOTONIQUE
7362611,STERIMAR CUIVRE SOL P PULV NASALE FL/50 ML,"ORL, DECONGESTIONNANTS",EAU DE MER + SULFATE DE CUIVRE
6407062,STERIMAR HYPERTONIQUE SOL P PULV NASALE FL/50 ML,"ORL, DECONGESTIONNANTS",EAU DE MER + ION CUIVRE
7362628,STERIMAR MANGANESE SOL P PULV NASALE FL/ 50 ML,"ORL, DECONGESTIONNANTS",EAU DE MER + SULFATE DE MANGANESE
7266497,STERIMAR SOL P PULV NASALE FL/50 ML,"ORL, DECONGESTIONNANTS",EAU DE MER STERLISEE
8518831,STERITAX INJ 1500MG B/1,ASSOCIATION D'ANTIBIOTIQUES,CEFTRIAXONE + SULBACTAM
3099789,STERLANE SOL P APPL LOC FL/125 ML,"DERMATOLOGIE, ANTISEPTIQUE LOCAL",BENZALKONIUM
3296107,STILNOX CP ENR 10 MG B/20,"PSYCHIATRIE, HYPNOTIQUES",ZOLPIDEM
8098926,STORVAS CP 10 MG B/30,HYPOLIPEMIANT,ATORVASTATINE
8098955,STORVAS CP 20 MG B/30,HYPOLIPEMIANT,ATORVASTATINE
2029864,STRESAM GELULE B/24,"PSYCHIATRIE, ANXYOLITIQUES",ETIFOXINE
8386430,STRIMOL EXTRA CP B/20,ANTALGIQUE/ANTIPYRETIQUE,PARACETAMOL+CAFEINE
2483384,STRIPREGA 150MG GELULE B/30,"NEUROLOGIE, ANTIEPILEPTIQUES",PREGABALINE
2483382,STRIPREGA 75MG GELULE B/30,"NEUROLOGIE, ANTIEPILEPTIQUES",PREGABALINE
8410861,STRIPRIL CP 10 MG B/30,"ANTIHYPERTENSEUR, INHIBITEUR DE L'ENZYME DE CONVERSION",LISINOPRIL
8410890,STRIPRIL CP 5 MG B/30,"ANTIHYPERTENSEUR, INHIBITEUR DE L'ENZYME DE CONVERSION",LISINOPRIL
3061305,SUCRAFIL O SUSP BUV FL/100 ML,"GASTRO.E.H., ANTIACIDE ET PANSEMENT GASTROINTESTINAL",SUCRALFATE+ OXETACAINE
3061268,SUCRAFIL SUSP BUV FL/200 ML,"GASTRO.E.H., ANTIACIDE ET PANSEMENT GASTROINTESTINAL",SUCRALFATE
8864211,SULBACEF AMP INJ 1,ASSOCIATION D'ANTIBIOTIQUES,CEFTRIAXONE + SULBACTAM
8844316,SULBACEF INJ 750MG IV/IM B/1,ASSOCIATION D'ANTIBIOTIQUES,CEFTRIAXONE + SULBACTAM
8054099,SULFADOXINE PYRIMETHAMINE UBI CP 525 MG PLAQUETTE DE 3,"PARASITOLOGIE, ANTIPALUDIQUE",SULFADOXINE+PYRIMETHAMINE
3101109,"SULFARLEM CP ENR 12,5 MG B/60","GASTRO.E.H., TROUBLES FONCTIONNELS DIGESTIFS",ANETHOLTRITHIONE
2250014,SULFOBACTIN 250 CP PELL 250 MG B/16,"ANTIBIOTIQUE, PHENICOLE",THIAMPHENICOL
8043138,SULFOBACTIN 500 CP PELL 500 MG B/20,"ANTIBIOTIQUE, PHENICOLE",THIAMPHENICOL
5050091,SULPRIM SIROP ENF FL/60 ML,"ANTIBIOTIQUE, SULFAMIDE",SULFAMETHOXAZOLE+TRIMETHOPRIME
8050256,SULRID CP 50 MG B/20,"PSYCHIATRIE, NEUROLEPTIQUES",SULPIRIDE
2485617,SULVORID 25MG CPR BT 20,"PSYCHIATRIE, NEUROLEPTIQUE",LEVOSULPIRIDE
2474218,SUMAMOX COMPRIMES 500MG B/3,"ANTIBIOTIQUE, MACROLIDE",AZITHROMYCINE
2474327,SUMAMOX SUSP 200MG FL/20ML,"ANTIBIOTIQUE, MACROLIDE",AZITHROMYCINE
2477195,SUMTAX 200MG GÉLULES B/10,"ANTIBIOTIQUE, CEPHALOSPORINE",CÉFIXIME
2477084,SUMTAX 400MG CP B/5,"ANTIBIOTIQUE, CEPHALOSPORINE",CÉFIXIME
2477960,SUNATE POUDRE POUR SOL INJ 60MG IM/IV B/1,"PARASITOLOGIE, ANTIPALUDIQUE",ARTESUNATE
3842287,SUNATE POUDRE POUR SOLUTION INJECTABLE 60MG IM/IV B/1,"PARASITOLOGIE, ANTIPALUDIQUE",ARTESUNATE
3571118,SUNAVEINE PDRE P P INJ 120 MG B/1,"PARASITOLOGIE, ANTIPALUDIQUE",ARTESUNATE
3571101,SUNAVEINE PDRE P SOL INJ 60MG B/1,"PARASITOLOGIE, ANTIPALUDIQUE",ARTESUNATE
2485073,SUNAYA 60MG INJ PDR + SOLV BT1,"PARASITOLOGIE, ANTIPALUDIQUE",ARTESUNATE
2473432,SUNEX PDRE P SOL INJ 120MG IM/IV B/1,"PARASITOLOGIE, ANTIPALUDIQUE",ARTESUNATE
3893418,SUNSTAT COMPRIME 10MG B/30,HYPOLIPEMIANT,ROSUVASTATINE
3893364,SUNSTAT COMPRIME 20MG B/30,HYPOLIPEMIANT,ROSUVASTATINE
8094851,SUPAFEN AD CP B/10,ANTALGIQUE/ANTIPYRETIQUE + AINS,PARACETAMOL+IBUPROFENE
5792746,SUPAGIN 100MG COMPRIMÉS PELLICULÉS BTE DE 30,ANTI-INFLAMMATOIRE NON STEROIDIEN (AINS),ACECLOFENAC
3283233,SUPERSTAT CP PELL 10 MG B/30,HYPOLIPEMIANT,ROSUVASTATINE
3283271,SUPERSTAT CP PELL 20MG B/30,HYPOLIPEMIANT,ROSUVASTATINE
8078013,SUPIROCIN PDE T/15 G,"DERMATOLOGIE, ANTIBACTERIEN LOCAL",MUPIROCINE
8077982,SUPIROCIN PDE T/5 G,"DERMATOLOGIE, ANTIBACTERIEN LOCAL",MUPIROCINE
3145414,SUPRADOL GELULE 325MG/37.5MG B/16,"ANTALGIQUE/ANTIPYRETIQUE, ASSOCIATION CONTENANT UN OPIACE",PARACETAMOL + TRAMADOL
3095249,SUPRALER CP 5 MG B28,"ALLERGOLOGIE,ANTIHISTAMINIQUE",LEVOCETIRIZINE
8069770,SUPRALER CP 5MG B/14,"ALLERGOLOGIE,ANTIHISTAMINIQUE",LEVOCETIRIZINE
8069771,SUPRALER CP 5MG B/7,"ALLERGOLOGIE,ANTIHISTAMINIQUE",LEVOCETIRIZINE
3301676,SUPRALOX SUSP BUV FL/250ML,"GASTRO.E.H., ANTIACIDE ET PANSEMENT GASTROINTESTINAL",ALUMINIUM HYDROXYDE + MAGNESIUM HYDROXYDE
2038811,SURDEX SIROP FL/60ML,"ORL,ANTI-GRIPPE,ANTI-RHUME",PARACETAMOL + CHLORPHENIRAMINE
2472825,SURDEX 500MG/30MG/5MG/2MG CPRB/12,"ORL, ANTI-GRIPPE, ANTI-RHUME",PARACETAMOL+ MALEATE DE CHLORPHENIRAMINE + PHENYLEPHRINE + CAFEINE
3177928,SURGAM CP 100 MG B/30,ANTI-INFLAMMATOIRE NON STEROIDIEN (AINS),ACIDE TIAPROFENIQUE
8016850,SURQUINA CP 250MG B/18,"PARASITOLOGIE, ANTIPALUDIQUE",QUININE CHLORHYDRATE
3142790,SUTRILNEO CP 10 MG B/30,"ANTIHYPERTENSEUR, DIURETIQUE",TORASEMIDE
3142752,SUTRILNEO CP 5 MG B/30,"ANTIHYPERTENSEUR, DIURETIQUE",TORASEMIDE
2473916,SWESO CP 20MG B/30,"GASTRO E.H, ULCERE GASTRO-DUODENALE",ESOMEPRAZOLE
2473805,SWESO INJECTABLE 40 MG B/1,"GASTRO E.H, ULCERE GASTRO-DUODENALE",ESOMEPRAZOLE
2473668,SWICET-L SIROP 5MG FL/60ML,"ALLERGOLOGIE, ANTIHISTAMINIQUE",LEVOCETIRIZINE
3208366,SWICH CP 200 MG B/10,"ANTIBIOTIQUE, CEPHALOSPORINE",CEFPODOXIME
3096436,SWICH DRY SIROP FL/60ML,"ANTIBIOTIQUE, CEFALOSPORINE",CEFPODOXIME
2473650,SWILIDE COMP PELL 500MG B/3,"ANTIBIOTIQUE, MACROLIDE",AZITHROMYCINE
2473653,SWILIDE SUSP BUV 200MG/5ML FL/30ML,"ANTIBIOTIQUE, MACROLIDE",AZITHROMYCINE
2473794,SWOGA INJECTABLE B/10,"GASTRO E.H, NAUSEES ET VOMISSEMENTS",METOPIMAZINE
3565820,SYMBICORT TURBUHALER 100/6 PDRE 120 DOSES,"PNEUMOLOGIE, ANTIASTHMATIQUE",BUDESONIDE + FUMARATE DE FORMOTEROL
3565843,SYMBICORT TURBUHALER 200/6 PDRE 120 DOSES,"PNEUMOLOGIE, ANTIASTHMATIQUE",BUDESONIDE + FUMARATE DE FORMOTEROL
3037836,SYMBICORT TURBUHALER 400/12 PDRE 60 DOSES,"PNEUMOLOGIE, ANTIASTHMATIQUE",BUDESONIDE + FUMARATE DE FORMOTEROL
3182869,SYNACTHENE AMP INJ 0,"ENDOCRINOLOGIE, PRODUIT DIAGNOSTIC",TETRACOSACTIDE
3102586,SYNACTHENE RET SUSP INJ 1 MG B/1,"ENDOCRINOLOGIE, PRODUIT DIAGNOSTIC",TETRACOSACTIDE
8151336,SYNRIAM CP 150 MG/750MG B/3,"PARASITOLOGIE, ANTIPALUDIQUE",ATEROLANE + PIPERAQUINE
2481090,SYNRIAM DT 37MG5/187MG5 CPR B3,"PARASITOLOGIE, ANTIPALUDIQUE",ATEROLANE + PIPERAQUINE
2481091,SYNRIAM DT 37MG5/187MG5 CPR B6,"PARASITOLOGIE, ANTIPALUDIQUE",ATEROLANE + PIPERAQUINE
2481092,SYNRIAM DT 37MG5/187MG5 CPR B9,"PARASITOLOGIE, ANTIPALUDIQUE",ATEROLANE + PIPERAQUINE
3285687,SYNTHOL GEL P APPL LOC T/100 G,"RHUMATOLOGIE, AUTRES",ALDEHYDE TRICHLORE+MENTHOL
3291736,SYNTHOL SOL P APPL LOC FL/125 ML,"STOMATOLOGIE,BAIN DE BOUCHE,GARGARISME ET GELS",ALDEHYDE TRICHLORE+MENTHOL
3102959,SYNTHOL SOL P APPL LOC FL/450 ML,"STOMATOLOGIE,BAIN DE BOUCHE,GARGARISME ET GELS",ALDEHYDE TRICHLORE+MENTHOL
3103019,SYNTOCINON AMP INJ B/3,"GYNECOLOGIE, OCYTOCIQUES",OXYTOCINE
8507655,T DOL INJ IM/IM 100MG/ML B/2,ANTALGIQUE OPIACE FAIBLE,TRAMADOL
8412629,T VAGIMYCIN OVULE B/3,"GYNECOLOGIE, TRAITEMENT DES VULVO-VAGINIQUES",CLINDAMYCINE + CLOTRIMAZOLE + METRONIDAZOLE
3165428,TADENAN GELULE 50 MG B/30,"UROLOGIE , HYPERTROPHIE BENIGNE DE LA PROSTATE",PRUNIER D'AFRIQUE
7288765,T-AFENAC COMP SEC 100MG/500MG/375MG PLAQUETTE DE 10,ANTALGIQUE/ANTIPYRETIQUE + AINS,ACECLOFENAC + CHLORZOXAZONE+PARACETAMOL
8070520,TAGERA FORTE CP B/2,ANTIBIOTIQUE ET ANTIPARASITAIRE,SECNIDAZOLE
3180464,TALODOL GELULE 50 MG B/10,ANTALGIQUE OPIACE FAIBLE,TRAMADOL
3197592,TALODOL-P CP PELL 37.5/325MG B/10,"ANTALGIQUE/ANTIPYRETIQUE, ASSOCIATION CONTENANT UN OPIACE",PARACETAMOL + TRAMADOL
3258552,TAMIGEN SOL OPHTA/AURICULAIRE FL/10ML,"OPHTALMOLOGIE, ANTIBACTERIENS LOCAUX",GENTAMICINE
3321249,TANAGEL GELULE B/15,"GASTRO EH, ANTIDIARRHEIQUE",TANNATE DE GELATINE
8023130,TANAGEL PDRE P SUSP BUV 250 MG B/20 SACHETS,"GASTRO.E.H., ANTI- DIARRHEIQUE",TENATE DE GELATINE
3272259,TANGANIL AMP INJ 500 MG B/5,"NEUROLOGIE, ANTIVERTIGINEUX",ACETYLLEUCINE
3384573,TANGANIL CP 500 MG B/30,"NEUROLOGIE, ANTIVERTIGINEUX",ACETYLLEUCINE
2473185,TARDY SIROP 20MG/ML ADULT FL 90ML,"HEMATOLOGIE, ANTIANEMIQUE",SULFATE FERREUX HEPTAHYDRATE
2477366,TARDY SIROP 20MG/ML NOUR FL 45ML,"HEMATOLOGIE, ANTIANEMIQUE",SULFATE FERREUX HEPTAHYDRATE
3351800,TARDYFERON CP ENR 80 MG B/30,"HEMATOLOGIE, ANTIANEMIQUES",SULFATE FERREUX
3291819,TARDYFERON B9 CP ENR B/30,"HEMATOLOGIE, ANTIANEMIQUES",SULFATE FERREUX+ACIDE FOLIQUE
3569060,TAREG CP 160MG B/28,"ANTIHYPERTENSEUR, ANTAGONISTE RECEPTEURS ANGIOTENSINE II",VALSARTAN
3431226,TAREG CP 80MG B/28,"ANTIHYPERTENSEUR, ANTAGONISTE RECEPTEURS ANGIOTENSINE II",VALSARTAN
2481789,TARTIZOLE COMPRIME 150MG B/1,ANTIFONGIQUE SYSTEMIQUE,FLUCONAZOLE
3400852,TASIL H SIROP FL/100 ML,"PNEUMOLOGIE, ANTITUSSIF",EPHEDRA VULGARIS + ADHATOSA VASICA + PIPER NIGRUM +PIPER LONGRUM + ZINGEBER OFFICINALIS
3775332,TASKIN CAPSULES MOLLES 400MG B/20,ANTIINFLAMMATOIRE NON STEROIDIEN (AINS),IBUPROFENE
8177809,TAVAFLOX CP PELL 500 MG B/10,"ANTIBIOTIQUE, QUINOLONE",LEVOFLOXACINE
8147292,TAVAFLOX CP 500MG B/5,"ANTIBIOTIQUE, QUINOLONE",LEVOFLOXACINE
3496556,TAVANIC CP PELL SEC 500 MG B/5,"ANTIBIOTIQUE, QUINOLONE",LEVOFLOXACINE
5618986,TAVANIC SOL INJ 5MG/ML FL/50 ML,"ANTIBIOTIQUE, QUINOLONE",LEVOFLOXACINE
1266491,TAVASTOR CP PELL 10 MG B/30,HYPOLIPEMIANT,ATORVASTATINE
1266501,TAVASTOR CP PELL 20MG B/30,HYPOLIPEMIANT,ATORVASTATINE
1266511,TAVASTOR CP PELL 40MG B/30,HYPOLIPEMIANT,ATORVASTATINE
3165249,TAXIM-O CP 200 MG B/10,"ANTIBIOTIQUE, CEPHALOSPORINE",CEFIXIME
3165250,TAXIM-O FORTE SUSP BUV 100MG/5ML FL/60ML,"ANTIBIOTIQUE, CEPHALOSPORINE",CEFIXIME
5595179,TAXOTERE AMP INJ 20 MG B/1,"CANCEROLOGIE, ANTINEOPLASIQUE",DOCETAXEL
5595185,TAXOTERE AMP INJ 80 MG B/1,"CANCEROLOGIE, ANTINEOPLASIQUE",DOCETAXEL
8019915,T-CET CP 10 MG PLAQUETTE DE 10,"ALLERGOLOGIE,ANTIHISTAMINIQUE",CETIRIZINE
3867358,"TCINEX COLLYRE 0,3% FL/5ML","OPHTALMOLOGIE, ANTIBACTERIEN LOCAL",TOBRAMYCINE
3428597,T-DOL RAPID CP DISP 50MG B/10,ANTALGIQUE OPIOIDE FAIBLE,TRAMADOL
3348109,T-DOL RAPID CP 325MG/37,"ANTALGIQUE/ANTIPYRETIQUE, ASSOCIATION COMPORTANT UN OPIOIDE FABLE",PARACETAMOL + TRAMADOL
3314874,TEGRETOL CP ENR LP 200 MG B/30,"NEUROLOGIE, ANTIEPILEPTIQUES",CARBAMAZEPINE
3298431,TEGRETOL CP ENR LP 400 MG B/30,"NEUROLOGIE, ANTIEPILEPTIQUES",CARBAMAZEPINE
3103545,TEGRETOL CP 200 MG B/50,"NEUROLOGIE, ANTIEPILEPTIQUES",CARBAMAZEPINE
3295639,TEGRETOL SUSP BUV 2% FL/150 ML,"NEUROLOGIE, ANTIEPILEPTIQUES",CARBAMAZEPINE
8006485,TEGUMA CP 250 MG B/14,ANTIFONGIQUE SYSTEMIQUE,TERBINAFINE
8006479,TEGUMA CP 250 MG B/28,ANTIFONGIQUE SYSTEMIQUE,TERBINAFINE
8006568,TEGUMA CREME 1% T/15 G,"DERMATOLOGIE, ANTIFONGIQUE LOCAL",TERBINAFINE
3893463,TELE AM COMPRIME 40MG/5MG B/30,AUTRES ASSOCIATIONS D'ANTIHYPERTENSEURS,TEMISARTAN + AMLODIPINE
3893517,TELE AM COMPRIME 80MG/5MG B/30,AUTRES ASSOCIATIONS D'ANTIHYPERTENSEURS,TEMISARTAN + AMLODIPINE
3201070,TELEBRIX HISTERO SOL INJ FL/20 ML,OPACIFICATION DES VOIES URINAIRES ET DES VAISSEAUX,IOXITALAMATE DE MEGLUMINE
3454546,TELFAST CP 180 MG B/15,"ALLERGOLOGIE,ANTIHISTAMINIQUE",FEXOFENADINE
3511947,TELI CP 40 MG B/30,"ANTIHYPERTENSEUR, ANTAGONISTE RECEPTEURS ANGIOTENSINE II",TELMISARTAN
3511948,TELI CP 80 MG B/30,"ANTIHYPERTENSEUR, ANTAGONISTE RECEPTEURS ANGIOTENSINE II",TELMISARTAN
3511985,TELI H CP 40MG/12.5MG B/30,"ANTIHYPERTENSEUR, ANTAGONISTE RECEPTEURS ANGIOTENSINE II",TELMISARTAN
3897522,TELMICLAR COMPRIME 40MG B/30,"ANTIHYPERTENSEUR, ANTAGONISTE RECEPTEURS ANGIO",TTEENLSMINISEA IRITAN
2481818,"TELMICLAR HTZ COMPRIME 40MG/12,5MG B/30","ANTIHYPERTENSEUR, ANTAGONISTE RECEPTEURS ANGIO + DIURETIQUE",TENSINE II TELMISARTAN + HYDROCHLOROTIAZIDE
2481820,"TELMICLAR HTZ COMPRIME 80MG/12,5MG B/30","ANTIHYPERTENSEUR, ANTAGONISTE RECEPTEURS ANGIO + DIURETIQUE",TENSINE II TELMISARTAN + HYDROCHLOROTIAZIDE
3052600,TELMIKAA CP 40MG B/30,"ANTIHYPERTENSEUR, ANTAGONISTE RECEPTEURS ANGIOTENSINE II",TELMISARTAN
3044568,TELMIKAA H CP 40MG/12.5MG B/30,ANTIHYPERTENSEUR ANTAGONISTE RECEPTEURS ANGIOTENSINE II + DIURETIQUE,TELMISARTAN + HYDROCHLOROTHIAZIDE
3927483,TELMIKYT-A CP 40MG/5MG B/28,ASSOCIATION D'ANTIHYPERTENSEURS,TELMISARTAN + AMLODIPINE
3705261,TELMIKYT-A CP 80MG/10MG B/28,ASSOCIATION D'ANTIHYPERTENSEURS,TELMISARTAN + AMLODIPINE
3816372,"TELMIKYT-H CP 80MG/12,5MG B/28","ANTIHYPERTENSEUR, ANTAGONISTE RECEPTEURS ANGIO",TTEENLSMINISEA IRI +T ADNIU +R HEYTDIQRUOECHLOROTHIAZIDE
3544624,TELMINA CP 40 MG B/30,"ANTIHYPERTENSEUR, ANTAGONISTE RECEPTEURS ANGIOTENSINE II",TELMISARTAN
3544662,TELMINA CP 80 MG B/30,"ANTIHYPERTENSEUR, ANTAGONISTE RECEPTEURS ANGIOTENSINE II",TELMISARTAN
8500740,TELMIS AM CP 40 MG/5MG/ B/30,AUTRES ASSOCIATIONS D'ANTIHYPERTENSEURS,TELMISARTAN + AMLODIPINE
8490639,TELMIS AM CP 80 MG/ 5MG/ B/30,AUTRES ASSOCIATIONS D'ANTIHYPERTENSEURS,TELMISARTAN + AMLODIPINE
8490528,"TELMIS AM H CP 40MG/5MG/12,5MG B/30",AUTRES ASSOCIATIONS D'ANTIHYPERTENSEURS,TELMISARTAN + AMLODIPINE + HYDROCHLOROTHIAZIDE
2476936,"TELMIS H COMPRIMES 80MG/12,5MG B/28","ANTIHYPERTENSEUR, ANTAGONISTE RECEPTEURS ANGIOTENSINE II",TELMISARTAN + HYDROCHLOROTHIAZIDE
2476834,TELMIS H COMPRIMES 80MG/25MG B/28,"ANTIHYPERTENSEUR, ANTAGONISTE RECEPTEURS ANGIOTENSINE II",TELMISARTAN + HYDROCHLOROTHIAZIDE
3257135,TELMIS H CP 40MG/12.5MG B/28,ANTIHYPERTENSEUR ANTAGONISTE RECEPTEURS ANGIOTENSINE II + DIURETIQUE,TELMISARTAN + HYDROCHLOROTHIAZIDE
3257012,TELMIS-A CP 40MG/10MG B/28,AUTRES ASSOCIATIONS D'ANTIHYPERTENSEURS,TELMISARTAN + AMLODIPINE
3256978,TELMIS-A CP 40MG/5MG B/28,AUTRES ASSOCIATIONS D'ANTIHYPERTENSEURS,TELMISARTAN + AMLODIPINE
3257098,TELMIS-A CP 80MG/10MG B/28,AUTRES ASSOCIATIONS D'ANTIHYPERTENSEURS,TELMISARTAN + AMLODIPINE
3257050,TELMIS-A CP 80MG/5MG B/28,AUTRES ASSOCIATIONS D'ANTIHYPERTENSEURS,TELMISARTAN + AMLODIPINE
2480875,TELMISARTAN COMPRIME 80MG B/30,"ANTIHYPERTENSEUR, ANTAGONISTE RECEPTEURS ANGIO",TTEENLSMINISEA IRITAN
3991848,TELOD CP 80 MG B/30,"ANTIHYPERTENSEUR, ANTAGONISTE RECEPTEURS ANGIOTENSINE II",TELMISARTAN
3992326,TELOD-H CP 40MG/12.5MG B/30,ANTIHYPERTENSEUR ANTAGONISTE RECEPTEURS ANGIOTENSINE II + DIURETIQUE,TELMISARTAN + HYDROCHLOROTHIAZIDE
3742038,TEMERIT CP 5 MG B/30,"ANTIHYPERTENSEUR, BÊTABLOQUANT",NEBIVOLOL
3397696,TEMERIT DUO CP 5MG/12.5MG B/30,ANTIHYPERTENSEUR BETA BLOQUANT ET DIURETIQUE,NEBIVOLOL + HYDROCHLOROTHIAZIDE
3397818,TEMERIT DUO CP 5MG/25MG B/30,ANTIHYPERTENSEUR BETA BLOQUANT ET DIURETIQUE,NEBIVOLOL + HYDROCHLOROTHIAZIDE
3153359,TEMESTA CP 1 MG B/30,"PSYCHIATRIE, ANXYOLITIQUES",LORAZEPAM
3148996,"TEMESTA CP 2,5 MG B/30","PSYCHIATRIE, ANXYOLITIQUES",LORAZEPAM
3273106,"TEMGESIC AMP INJ 0,3 MG B/10",ANTALGIQUE OPIOIDE MIXTE,BUPRENORPHINE
3295272,TEMGESIC SUBLINGUAL CP 0,ANTALGIQUE OPIOIDE MIXTE,BUPRENORPHINE
2474667,TEMIQUIN COMP 40MG/320MG B/9,"PARASITOLOGIE, ANTIPALUDIQUE",DIHYDROARTEMISININE + PIPERAQUINE
8427643,TEMIQUIN 360 MG COMPRIME B/9,"PARASITOLOGIE, ANTIPALUDIQUE",DIHYDROARTEMISININE +PIPERAQUINE P
3636978,TENO-ALFA CP PELL 25MG B/30,"GASTRO E H, HEPATITES VIRALES CHRONIQUES",TENOFOVIR + ALAFENAMIDE
3769591,TENOFOVIR HETERO 300MG COMP PELL B/30,"GASTRO EH, HEPATITES VIRALES CHRONIQUES",TENOFOVIR
3294203,TENORETIC CP ENR B/28,AUTRES ASSOCIATIONS D'ANTIHYPERTENSEURS,ATENOLOL+CHLORTALIDONE
8055070,TENORIC 100 CP B/28,AUTRES ASSOCIATIONS D'ANTIHYPERTENSEURS,ATENOLOL+CHLORTALIDONE
8055093,TENORIC 50 CP B/28,AUTRES ASSOCIATIONS D'ANTIHYPERTENSEURS,ATENOLOL+CHLORTALIDONE
3442655,TENORMINE CP 50 MG B/28,"ANTIHYPERTENSEUR, BÊTABLOQUANT",ATENOLOL
3543801,TENOVIR 300MG CPR PELL B/30,"GASTRO.E.H., HEPATITES VIRALES CHRONIQUES",TENOFOVIR
8098599,TENSICARD AM CP B/30,AUTRES ASSOCIATIONS D'ANTIHYPERTENSEURS,AMLODIPINE + ATENOLOL
8098613,TENSICARD CP 50 MG B/30,"ANTIHYPERTENSEUR, BÊTABLOQUANT",ATENOLOL
3103746,TENSIONORME CP B/24,AUTRES ASSOCIATIONS D'ANTIHYPERTENSEURS,BENDROFLUMETHIAZIDE+RESERPINE
3526347,TENSOPLUS CP 10MG/2.5MG/10MG B/30,AUTRES ASSOCIATIONS D'ANTIHYPERTENSEURS,PERINDOPRIL + INDAPAMIDE + AMLODIPINE
3526330,TENSOPLUS CP 10MG/2.5MG/5MG B/30,AUTRES ASSOCIATIONS D'ANTIHYPERTENSEURS,PERINDOPRIL + INDAPAMIDE + AMLODIPINE
3526323,TENSOPLUS CP 5MG/1.25MG/10MG B/30,AUTRES ASSOCIATIONS D'ANTIHYPERTENSEURS,PERINDOPRIL + INDAPAMIDE + AMLODIPINE
3526316,TENSOPLUS CP 5MG/1.25MG/5MG B/30,AUTRES ASSOCIATIONS D'ANTIHYPERTENSEURS,PERINDOPRIL + INDAPAMIDE + AMLODIPINE
2262862,TENSOPREL CP 50 MG B/30,"ANTIHYPERTENSEUR, INHIBITEUR DE L'ENZYME DE CONVERSION",CAPTOPRIL
3810279,TERBEX CREME 1% TUBE 15G,"DERMATOLOGIE, ANTIFONGIQUE LOCAL",TERBINAFINE CHLORHYDRATE
3314708,TERBIGEN-GH COMPRIMES 250MG B/28,ANTIFONGIQUE SYSTEMIQUE,TERBINAFINE
3354407,TERBIGEN-GH CREME 1% T/15 G,"DERMATOLOGIE, ANTIFONGIQUE LOCAL",TERBINAFINE
8406173,TERBINOL CP 250 MG B/14,ANTIFONGIQUE SYSTEMIQUE,TERBINAFINE
8406204,TERBINOL CREM 1PC TB15GR,"DERMATOLOGIE, ANTIFONGIQUE",TERBINAFINE
3053652,TERBINOL SPRAY 1% FL/30ML,"DERMATOLOGIE, ANTIFONGIQUE LOCAL",TERBINAFINE
2473975,TERCO 20/120 SUSP BUV FL 30 ML,"PARASITOLOGIE, ANTIPALUDIQUE",ARTEMETHER+LUMEFANTRINE
3671108,TERCO 40 INJ 1 ML BT 6,"PARASITOLOGIE, ANTIPALUDIQUE",ARTEMETHER
2473829,TERCO 40 /240 SUSP BUV FL 30 ML,"PARASITOLOGIE, ANTIPALUDIQUE",ARTEMETHER+LUMEFANTRINE
3671153,TERCO 80 INJ 1 ML BT 6,"PARASITOLOGIE, ANTIPALUDIQUE",ARTEMETHER
2473770,TERCO-420 COMP PELL 60MG/360 MG B/6,"PARASITOLOGIE, ANTIPALUDIQUE",ARTEMETHER+LUMEFANTRINE
2473769,TERCO-560 COMP PELL 80MG/480 MG B/6,"PARASITOLOGIE, ANTIPALUDIQUE",ARTEMETHER+LUMEFANTRINE
3673331,TERFINA CREME 1% TUBE DE 15G,"DERMATOLOGIE, ANTIFONGIQUE",TERBINAFINE
3184213,TERGYNAN CP VAGINAL B/10,"GYNECOLOGIE,TRAITEMENT DES VULVOVAGINITES",NYSTATINE+TERNIDAZOLE+PREDNISOLONE+NEOMYCINE
2023956,TERGYNAN CP VAGINAL B/6,"GYNECOLOGIE,TRAITEMENT DES VULVOVAGINITES",NYSTATINE+TERNIDAZOLE+PREDNISOLONE+NEOMYCINE
3378331,TERLOMEXIN CP VAGINAL 200 MG B/3,"GYNECOLOGIE,TRAITEMENT DES VULVOVAGINITES",FENTICONAZOLE
3312438,TERPONE SIROP AD FL/180 ML,"PNEUMOLOGIE,ADJUVANTS DES INFECTIONS BRONCHOPULMONAIRES",TERPINE
5050022,TERPONE SIROP ENF FL/180 ML,"PNEUMOLOGIE, FLUIDIFIANT BRONCHIQUE",EXTRAITS DE PLANTES
3370438,TESS GEL CICATRISANT TUBE DE 5G,"STOMATOLOGIE,BAIN DE BOUCHE,GARGARISME ET GELS",TRIAMCINOLONE
3066399,TETANEA SERUM 1500UI/ML SERING B/1,"INFECTIOLOGIE, VACCINS ET SERUMS",SERUM ANTI-TETANIQUE
8402123,T-FER CAPS B/30,"HEMATOLOGIE, ANTIANEMIQUES",FER
8005362,T-FER SIROP FL/200 ML,"HEMATOLOGIE, ANTIANEMIQUES",FER + VIT B
8394636,T-FLUZOLE CP 150MG B/1,ANTIFONGIQUE SYSTEMIQUE,FLUCONAZOLE
1143406,TG-STAT 10MG/160MG CP/B30,HYPOLIPEMIANT,ROSUVASTATINE + FENOFIBRATE
3267200,THALIDE GELULE 100 MG B/30,"CANCEROLOGIE, ANTINEOPLASIQUE",THALIDOMINE
2474118,THEOCLAV COMPRIM 1G B/20,"ANTIBIOTIQUE, PENICILLINE",AMOXICILLINE + ACIDE CLAVULANIQUE
2474117,THEOCLAV COMPRIM 500MG B/20,"ANTIBIOTIQUE, PENICILLINE",AMOXICILLINE + ACIDE CLAVULANIQUE
2474120,THEOCLAV POUDRE SUSP BUV 100MG FL/100ML,"ANTIBIOTIQUE, PENICILLINE",AMOXICILLINE + ACIDE CLAVULANIQUE
2474122,THEOCLAV POUDRE SUSP BUV 250MG FL/100ML,"ANTIBIOTIQUE, PENICILLINE",AMOXICILLINE + ACIDE CLAVULANIQUE
2474125,THEOCOLD COMP B/4,"ORL, RHUME + GRIPPE",PARACETAMOL + PHENYLEPHRINE + CHLORPHENIRAMINE + CAFEINE
2474123,THEOFIX COMP 200MG B/10,"ANTIBIOTIQUE, CEPHALOSPORINE",CEFIXIME
2474126,THEOMOX GELULES 500MG B/20,"ANTIBIOTIQUE, PENICILLINE",AMOXICILLINE
2474187,THEOMOX POUDRE POUR SUSP BUV 250MG FL/ 100ML,"ANTIBIOTIQUE, PENICILLINE",AMOXICILLINE
3105337,"THERALENE SIROP 0,05% FL/150 ML","PNEUMOLOGIE, ANTITUSSIF ANTIHISTAMINIQUE",ALIMEMAZINE
3105308,THERALENE 4% SOLUTION GOUTTE,"ALLERGOLOGIE, ANTIHISTAMINIQUE",ALIMEMAZINE
5801040,THIAMYCIN CP 500 MG B/24,"ANTIBIOTIQUE, PHENICOLE",THIAMPHENICOL
5801060,THIAMYCIN SIROP FL/60 ML,"ANTIBIOTIQUE, PHENICOLE",THIAMPHENICOL
8020835,THIAMYCIN SIROP 250 MG/5ML FL 60ML,"ANTIBIOTIQUE, PHENICOLE",THIAMPHENICOL
3105946,THIOBACTIN AMP INJ 750 MG B/1,"ANTIBIOTIQUE, PHENICOLE",THIAMPHENICOL
3105923,THIOBACTIN CP 250 MG B/16,"ANTIBIOTIQUE, PHENICOLE",THIAMPHENICOL
8014504,THIOBACTIN CP 500 MG B/24,"ANTIBIOTIQUE, PHENICOLE",THIAMPHENICOL
8037008,THIOBACTIN SIROP 250 MG/5ML FL 60ML,"ANTIBIOTIQUE, PHENICOLE",THIAMPHENICOL
8017499,THIOZZ-8 COMPRIME ORODISPERSIBLE 8MG B/10,"RHUMATOLOGIE, MYORELAXANT",THIOCOLCHICOSIDE
8018519,THROMIZ 500 CP PELL 500 MG B/3,"ANTIBIOTIQUE, MACROLIDE",AZITHROMYCINE
8013143,TIAGAM CP 200 MG B/20,ANTI-INFLAMMATOIRE NON STEROIDIEN (AINS),ACIDE TIAPROFENIQUE
3277860,TIBERAL CP 500 MG B/10,ANTIBIOTIQUE ET ANTIPARASITAIRE,ORNIDAZOL
3277854,TIBERAL CP 500 MG B/3,ANTIBIOTIQUE ET ANTIPARASITAIRE,ORNIDAZOL
8006195,TICASSE CP 500 MG/125 MG B/15,"ANTIBIOTIQUE, PENICILLINE",AMOXICILLINE+ACIDE CLAVULANIQUE
8006166,TICASSE CP 875 MG/125 MG B/14,"ANTIBIOTIQUE, PENICILLINE",AMOXICILLINE+ACIDE CLAVULANIQUE
8005600,TICASSE PDRE P SUSP BUV 457 MG FL/70 ML,"ANTIBIOTIQUE, PENICILLINE",AMOXICILLINE+ACIDE CLAVULANIQUE
8005528,TICASSE 200/28MG PDRE SUSP BUV FL/70ML,"ANTIBIOTIQUE, PENICILLINE",AMOXICILLINE+ACIDE CLAVULANIQUE
3347737,TICOLEV CP B/10,"ANTIBIOTIQUE, QUINOLONE",LEVOFLOXACINE
3347690,TICOXIM CP DISPERS 200 MG B/10,"ANTIBIOTIQUE, CEPHALOSPORINE",CEFIXIME
5556363,TIENAM 500MG PDRE P P INJ 500 MG B/10,"ANTIBIOTIQUE , AUTRES BETA-LACTAMINES",IMIPENEM+CILASTATINE
3833700,TIENAM 500MG POUDRE POUR FERF 20ML,"ANTIBIOTIQUE , AUTRES BETA-LACTAMINES",IMIPENEM+CILASTATINE
3238179,TILDIEM CP 60 MG B/30,"ANTIHYPERTENSEUR, INHIBITEUR CALCIQUE",DILTIAZEM
9023261,TILL SOL P APPL LOC FL/200 ML,"DERMATOLOGIE, ANTISEPTIQUE LOCAL",IRGASAN DP 300
2475990,TILYPTIN COMPRIMES 20MG B/30,AUTRES ANTIDIABETIQUES,TENELIGLIPTINE
6339350,TIMER COMP DISP 20MG/120MG B/6,"PARASITOLOGIE, ANTIPALUDIQUE",ARTEMETHER + LUMEFANTRINE
6367038,TIMER COMP DISP 80MG/480MG B/6,"PARASITOLOGIE, ANTIPALUDIQUE",ARTEMETHER + LUMEFANTRINE
8051563,TIMIZOLE FORTE CP 960MG B/10,"ANTIBIOTIQUE, SULFAMIDE",SULFAMETHOXAZOLE+TRIMETHOPRIME
8046556,TIMIZOLE SUSP BUV FL/100 ML,"ANTIBIOTIQUE, SULFAMIDE",SULFAMETHOXAZOLE+TRIMETHOPRIME
3570614,TIMOFEROL GELULE B/30,"HEMATOLOGIE, ANTIANEMIQUES",FER+VIT C
3224295,"TIMOPTOL CY 0,5% FL/3 ML","OPHTALMOLOGIE, ANTIGLAUCOMATEUX",TIMOLOL
5050015,"TIMOSOL CY 0,5% FL/3 ML","OPHTALMOLOGIE, ANTIGLAUCOMATEUX",TIMOLOL
8014562,TINAZOL CP 500 MG B/4,ANTIBIOTIQUE ET ANTIPARASITAIRE,TINIDAZOLE
2293265,TINIDAZOLE TM CP 500 MG B/12,ANTIBIOTIQUE ET ANTIPARASITAIRE,TINIDAZOLE
3349677,TIORFAN ADULTE GELULE 100 MG B/20,"GASTRO.E.H., ANTI- DIARRHEIQUE",RACECADOTRIL
3521142,TIORFAN ENFANT PDRE P SUSP BUV 30MG SACHET B/30,"GASTRO.E.H., ANTI- DIARRHEIQUE",RACECADOTRIL
3521113,TIORFAN NOURRISSON PDRE POUR SUSP ORALE 10MG SACHET B/16,"GASTRO.E.H., ANTI- DIARRHEIQUE",RACECADOTRIL
2481793,TIRVEL COMPRIME 5MG B/10,"ALLERGOLOGIE, ANTIHISTAMINIQUE",LEVOCETIRIZINE
2481792,"TIRVEL SIROP 2,5MG/5ML FL/30ML","ALLERGOLOGIE, ANTIHISTAMINIQUE",LEVOCETIRIZINE
3237240,TITANOREINE CREME 2% T/20 G,"GASTRO.E.H., MEDICAMENT DE PROCTOLOGIE",CARRHAGENATES + LIDOCAINE + OXYDE DE TITANE
3230077,TITANOREINE SUPPO B/12,"GASTRO.E.H., MEDICAMENT DE PROCTOLOGIE",ZINC+OXYDE DE TITANE+CARRAGHENATES
8484440,TIVASONE-S POMMADE 30G,"DERMATOLOGIE,DERMOCORTICOIDE(AIS)",CLOBETASOL PROPIONATE + SALICYLIC ACIDE
2481487,"TOBRA D 0,3%/0,1% COLLYRE FLACON DE 5 ML","OPHTALMOLOGIE, ANTI- INFLAMMATOIRES ET ANTIBACTERIEN",TOBRAMYCINE + DEXAMETHASONE
2481486,"TOBRA 0,3 % COLLYRE FLACON D 5ML","OPHTALMOLOGIE, ANTIBACTERIEN LOCAL",TOBRAMYCINE
3442997,TOBRADEX CY FL/5 ML,"OPHTALMOLOGIE, ANTI-INFLAMMATOIRES ET ANTIBACTERIENS LOCAUX",TOBRAMYCINE+DEXAMETHASONE
2038946,TOBRADEX PDE OPHT T/5 G,"OPHTALMOLOGIE, ANTI-INFLAMMATOIRES ET ANTIBACTERIENS LOCAUX",TOBRAMYCINE+DEXAMETHASONE
3280543,TOBREX CY FL/5 ML,"OPHTALMOLOGIE, ANTIBACTERIENS LOCAUX",TOBRAMYCINE
3280537,TOBREX PDE OPHT T/5 G,"OPHTALMOLOGIE, ANTIBACTERIENS LOCAUX",TOBRAMYCINE
3263044,TOCFIM CP DISPERS 200 MG B/10,"ANTIBIOTIQUE, CEPHALOSPORINE",CEFIXIME
3262993,TOCFIM PDRE P SUSP BUV 100 MG/5ML FL/60 ML,"ANTIBIOTIQUE, CEPHALOSPORINE",CEFIXIME
8300518,TOCID GELULE 20 MG PLAQUETTE DE 10,"GASTRO E H , ULCERE GASTRO-DUODENALE",OMEPRAZOLE
2290551,TOMYCOSE SOL P APPL LOCAL 1% FL/25ML,"DERMATOLOGIE, ANTIFONGIQUE LOCAL",TOLNAFTATE
3145005,TONLUM CP 80/480 MG B/6,"PARASITOLOGIE, ANTIPALUDIQUE",ARTEMETHER+LUMEFANTRINE
3014502,TONLUM 20/120 CP 20 MG /120 MG B/24,"PARASITOLOGIE, ANTIPALUDIQUE",ARTEMETHER+LUMEFANTRINE
3263082,TONTHER SOL INJ 80 MG B/6,"PARASITOLOGIE, ANTIPALUDIQUE",ARTEMETHER
3219472,TOPAAL CP A CROQUER B/42,"GASTRO.E.H., ANTIACIDE ET PANSEMENT GASTROINTESTINAL",ACIDE ALGINIQUE+ALUMINIUM HYDROXYDE+MAGNESIUM HYDROXYDE+SILICE HYDRATEE
3341948,TOPAAL SIROP SUSP BUV FL/210 ML,"GASTRO.E.H., ANTIACIDE ET PANSEMENT GASTROINTESTINAL",ACIDE ALGINIQUE+ALUMINIUM HYDROXYDE+MAGNESIUM HYDROXYDE+SILICE HYDRATEE
3254451,TOPLEXIL SIROP FL/150 ML,"PNEUMOLOGIE, ANTITUSSIF ANTIHISTAMINIQUE",GAIFENESINE+OXOMEMAZINE
3127227,TORA CP 20 MG B/30,HYPOLIPEMIANT,ARTOVASTATINE
3127328,TORA CP 40 MG B/30,HYPOLIPEMIANT,ARTOVASTATINE
3137529,TORA CP 80 MG B/30,HYPOLIPEMIANT,ARTOVASTATINE
9999316,TORAS DENK COMP 10MG B/30,"CARDIOLOGIE, ANTIHYPERTENSEUR",TORASEMIDE
9999317,TORAS DENK COMP 5MG B/30,"CARDIOLOGIE, ANTIHYPERTENSEUR",TORASEMIDE
3097564,TORAS DENK CP 10 MG B/30,"ANTIHYPERTENSEUR, DIURETIQUE",TORASEMIDE
8004523,TORAS DENK CP 5 MG B/30,"ANTIHYPERTENSEUR, DIURETIQUE",TORASEMIDE
8558931,TORIX COMPRIMES PELLICULES 120MG B/30,ANTI-INFLAMMATOIRE NON STEROIDIEN (AINS),ETORICOXIB
8558948,TORIX COMPRIMES PELLICULES 90MG B/30,ANTI-INFLAMMATOIRE NON STEROIDIEN (AINS),ETORICOXIB
9996273,TOROXIM CP 10 MG B/10,ANTI-INFLAMMATOIRE NON STEROIDIEN (AINS),KETOPROLAC TROMETHAMINE
2473222,TORSINEX CPR 10MG BT30,"ANTIHYPERTENSEUR, DIURETIQUE",TORASEMIDE
2473221,TORSINEX CPR 20MG BT30,"ANTIHYPERTENSEUR, DIURETIQUE",TORSEMIDE
3107454,TOTAPEN PDRE P SUSP BUV 125 MG/5 ML FL/60 ML,"ANTIBIOTIQUE, PENICILLINE",AMPICILLINE
3107313,TOT'HEMA AMP BUV B/20,"HEMATOLOGIE, ANTIANEMIQUES",FER FERREUX+MANGANESE COLLOIDAL+CUIVRE
1299881,TOUSEDAL SIROP FL/100ML,"PNEUMOLOGIE, ANTIASTHMATIQUE",TERBUTALINE + BROMHEXINE + GUAIFENESINE + MENTHOL
3998847,TOUX RELIEF SIROP FL/100ML,"PNEUMOLOGIE, ANTITUSSIF",SHUDHA GUGGUL DRAKSHA VISHNUPRIYA JUFA GUDUCHI VASAKA JATIPATRA YASTIMADHU GOJIHA NEEL PUSHPA TRIPHALA TRIKALA ETC
2481278,TOUXPA 14/138MG SIROP FL 100ML,"PNEUMOLOGIE, ANTITUSSIF",DIPHENYDRAMINE + CHLORURE D'AMMONIUM
8019601,TRABAR AMP INJ 100 MG B/5,ANTALGIQUE OPIACE FAIBLE,TRAMADOL
3145907,TRACEDOL CP EFFERVESCENTS 325MG/37.5MG B/ 16,"ANTALGIQUE/ANTIPYRETIQUE, ASSOCIATION CONTENANT UN OPIACE",PARACETAMOL + TRAMADOL
3398159,"TRACLAV PDRE P P INJ 1,2G B/1","ANTIBIOTIQUE, PENICILLINE",AMOXICILLINE+ACIDE CLAVULANIQUE
3544709,TRACLAV CP 1000MG/125MG B/14,"ANTIBIOTIQUE, PENICILLINE",AMOXICILLINE+ACIDE CLAVULANIQUE
3398197,"TRACLAV PDRE POUR SOLUTION INJECTABLE IV 0,6 B/1","ANTIBIOTIQUE, PENICILLINE",AMOXICILLINE+ACIDE CLAVULANIQUE
8147370,TRADOLAN CP PELL 50MG B/20,ANTALGIQUE OPIACE FAIBLE,TRAMADOL
8147375,TRADOLAN CP PELLICULE LP 150MG B/20,ANTALGIQUE OPIACE FAIBLE,TRAMADOL
3253793,TRADOLAN INJECTABLE 100MG/2ML B/5,ANTALGIQUES OPIOIDES FAIBLE,TRAMADOL
8147398,TRADOLAN SUPPO 100 MG B/5,ANTALGIQUE OPIACE FAIBLE,TRAMADOL
8079900,"TRAMACETAL COMPRIME PELLICULE 325MG/ 37,5MG B/10","ANTALGIQUE/ANTIPYRETIQUE, ASSOCIATION CONTENANT UN OPIACE",PARACETAMOL + TRAMADOL
8024394,TRAMACLASS CP 50 MG B/10,ANTALGIQUE OPIACE FAIBLE,TRAMADOL
8024371,TRAMACLASS SOL INJ 100MG B/5,ANTALGIQUE OPIACE FAIBLE,TRAMADOL
8082256,TRAMADIS AMP INJ 100 MG B/5,ANTALGIQUE OPIACE FAIBLE,TRAMADOL
2292633,TRAMADIS GELULE 50 MG B/10,ANTALGIQUE OPIACE FAIBLE,TRAMADOL
3135907,TRAMADOL DENK CP EFFERVESCENT 50MG B/10,ANTALGIQUE OPIACE FAIBLE,TRAMADOL
2473244,TRAMADOL DENK INJECTABLE 100MG/2ML BT5,ANTALGIQUE OPIOIDE FAIBLE,TRAMADOL
3435656,TRAMADOL LS SUPPO 100 MG B/10,ANTALGIQUE OPIACE FAIBLE,TRAMADOL
1294661,TRAMADOL/PARACETAMOL ARROW CP EFFERV 37,"ANTALGIQUE/ANTIPYRETIQUE, ASSOCIATION COMPORTANT UN OPIOIDE FABLE",PARACETAMOL + TRAMADOL
8099802,TRAMAGEN AMP INJ 100 MG B/5,ANTALGIQUE OPIACE FAIBLE,TRAMADOL
8097631,TRAMAGEN CP DISP 50MG B/20,ANTALGIQUE OPIACE FAIBLE,TRAMADOL
3358368,"TRAMAPA COMPRIMES 37,5MG/32,5MG B/20","ANTALGIQUE/ANTIPYRETIQUE, ASSOCIATION CONTENANT UN OPIACE",PARACETAMOL + TRAMADOL
3398319,TRAMYCIN CP PELL 250 MG B/6,"ANTIBIOTIQUE, MACROLIDE",AZITHROMYCINE
3398357,TRAMYCIN CP PELL 500 MG B/3,"ANTIBIOTIQUE, MACROLIDE",AZITHROMYCINE
2479013,TRANTUM COMPRIMES PELLICULES 500MG B/20,"HEMOSTASE, ANTIFIBRINOLTYQUES",ACIDE TRANEXAMIQUE
3107690,TRANXENE GELULE 10 MG B/30,"PSYCHIATRIE, ANXYOLITIQUES",CLORAZEPATE DIPOTASSIQUE
3107709,TRANXENE GELULE 5 MG B/30,"PSYCHIATRIE, ANXYOLITIQUES",CLORAZEPATE DIPOTASSIQUE
3584763,TRAVATAN CY FL/5 ML,"OPHTALMOLOGIE, ANTIGLAUCOMATEUX",TRAVOPROST
2471907,TRAVONORM COLLYRE,"OPHTALMOLOGIE, ANTIGLAUCOMATEUX",TRAVOPROST
3013973,TRAVOPROST BIOGARAN 40MCG/ML B1,ANTIGLAUCOMATEUX,TRAVOPROST
2476991,TRAVOSUN COLLYRE 40µG FL/5ML,"OPHTALMOLOGIE, ANTIGLAUCOMATEUX",TRAVOPROST
8304432,TRAXOL POUDRE POUR SOLUTION INJECTABLE IM/ IV 1000MG B/1,"ANTIBIOTIQUE, CEPHALOSPORINE",CEFTRIAXONE
8067021,TREMADOL CP 50 MG B/20,ANTALGIQUE OPIACE FAIBLE,TRAMADOL
3437629,TRENAXA CP 500 MG B/30,"HEMOSTASE, ANTIFIBRINOLTYQUES",ACIDE TRANEXAMIQUE
3810316,"TRETINEX CREME 0,05% TUBE DE 30G","DERMATOLOGIE, ANTIACNEIQUE",TRÉTINOINE
3398234,TRIAF PDRE P P INJ IM / IV 1G B/1,"ANTIBIOTIQUE, CEPHALOSPORINE",CEFTRIAXONE
2473592,TRIAFEN GELULE B/24,ANTALGIQUE/ANTIPYRETIQUE + AINS,PARACETAMOL + IBUPROFENE + CAFEINE
2475490,"TRIAF-S PDRE POUR SOL INJ 1,5 G IM/IV B/1",ASSOCIATION D'ANTIBIOTIQUES,CEFTRIAXONE + SULBACTAM
2286408,TRIALGIC GELULE B/24,ANTALGIQUE/ANTIPYRETIQUE + AINS,PARACETAMOL + IBUPROFENE + CAFEINE
4000033,TRIAM DENK SOL INJ 40MG AMP DETAIL,ANTI-INFLAMMATOIRE STEROIDIEN (AIS),TRIAMCINOLONE
3644011,"TRIATEC CP ENR 2,5MG B/30","ANTIHYPERTENSEUR, INHIBITEUR DE L'ENZYME DE CONVERSION",RAMIPRIL
5802010,TRIATEC CP 10 MG B/30,"ANTIHYPERTENSEUR, INHIBITEUR DE L'ENZYME DE CONVERSION",RAMIPRIL
3643974,"TRIATEC CP 1,25MG B/30","ANTIHYPERTENSEUR, INHIBITEUR DE L'ENZYME DE CONVERSION",RAMIPRIL
3644057,TRIATEC CP 5 MG B/30,"ANTIHYPERTENSEUR, INHIBITEUR DE L'ENZYME DE CONVERSION",RAMIPRIL
3104651,TRIAXONE PDRE P P INJ IM / IV 1G B/1,"ANTIBIOTIQUE, CEPHALOSPORINE",CEFTRIAXONE
2474684,TRIBIODERM UBIGEN PDE 1G,"DERMATOLOGIE, ANTIBACTERIEN LOCAL",NEOMYCINE + POLYMYXINE + BACITRACINE
3402528,TRIBUMOL SUSP BUV FL/60 ML,ANTALGIQUE/ANTIPYRETIQUE + AINS,PARACETAMOL+IBUPROFENE
3033845,TRIBUTINE GELULE 150MG B/20,ANTISPASMODIQUE,TRIMEBUTINE
3033869,TRIBUTINE SOL BUV FL/250 ML,"GASTRO.E.H., TROUBLES FONCTIONNELS DIGESTIFS",TRIMEBUTINE
3033852,TRIBUTINE 150MG PDRE P SUSP BUV B/20 SACH,"GASTRO.E.H., TROUBLES FONCTIONNELS DIGESTIFS",TRIMEBUTINE
3008845,TRICEF PDRE P SUSP BUV FL/60ML,"ANTIBIOTIQUE, CEPHALOSPORINE",CEFOTAXIME
3158575,TRIDESONIT CREME T/30 G,"DERMATOLOGIE,DERMOCORTICOIDE(AIS)",DESONIDE
8090652,TRIFAMOX IBL 1000 CP ENR 1000 MG B/8,"ANTIBIOTIQUE, PENICILLINE",AMOXICILLINE + SULBACTAM
8090586,TRIFAMOX IBL 500 CP ENR 500 MG B/16,"ANTIBIOTIQUE, PENICILLINE",AMOXICILLINE + SULBACTAM
8090617,TRIFAMOX-IBL INJ 750MG IV/IM B/1,"ANTIBIOTIQUE, PENICILLINE",AMOXICILLINE+ACIDE CLAVULANIQUE
8090541,TRIFAMOX-IBL 250MG SUSP BUV FL/250ML,"ANTIBIOTIQUE, PENICILLINE",AMOXICILLINE + SULBACTAM
5015595,TRIFED PLUS CP B/20,"ORL,ANTI-GRIPPE,ANTI-RHUME",PARACETAMOL+PSEUDOEPHEDRINE+TRIPROLIDINE
1196851,TRIFENE COMP 400MG B/20,ANTIINFLAMMATOIRE NON STEROIDIEN,IBUPROFENE
5050009,TRIFENE CP 200 MG B/20,ANTI-INFLAMMATOIRE NON STEROIDIEN (AINS),IBUPROFENE
8105684,TRIFENE 200MG SUSP BUV FL/200 ML,ANTI-INFLAMMATOIRE NON STEROIDIEN (AINS),IBUPROFENE
3326618,TRIFLUCAN IV SOL INJ 100 MG/FL(50 ML),ANTIFONGIQUE SYSTEMIQUE,FLUCONAZOLE
8427637,TRILLERG COLLYRE,"OPHTALMOLOGIE, ANTIALLERGIQUE LOCAL","ANTAZOLINE HCL 0,5MG + TETRYZOLINE HCL 0,4MG HYDROXY PROPYL METHYLCELLULOSE 3 MG + BENZALKONIUM CHLORIDE 0,05 MG"
3463567,TRIMOL FORTE CP 960MG B/10,"ANTIBIOTIQUE, SULFAMIDE",SULFAMETHOXAZOLE+TRIMETHOPRIME
8099848,TRIMOPRIM 240MG/5ML SUSP BUV F/100ML,"ANTIBIOTIQUE, SULFAMIDE",SULFAMETHOXAZOLE+TRIMETHOPRIME
2482111,TRIOVARSAN 10MG/12MG5/160MG CPR 30,AUTRES ASSOCIATIONS D'ANTIHYPERTENSEURS,AMLODIPINE + VALSARTAN + HYDROCHLOROTHIAZIDE
2482112,TRIOVARSAN 10MG/25MG/160MG CPR B30,AUTRES ASSOCIATIONS D'ANTIHYPERTENSEURS,AMLODIPINE + VALSARTAN + HYDROCHLOROTHIAZIDE
2482110,TRIOVARSAN 5MG/12MG5/160MG CPR B30,AUTRES ASSOCIATIONS D'ANTIHYPERTENSEURS,AMLODIPINE + VALSARTAN + HYDROCHLOROTHIAZIDE
2482108,TRIOVARSAN 5MG/25MG/160MG CPR BT30,AUTRES ASSOCIATIONS D'ANTIHYPERTENSEURS,AMLODIPINE + VALSARTAN + HYDROCHLOROTHIAZIDE
3280942,TRIPLIXAM CP 10MG/2.5MG/10MG B/30,AUTRES ASSOCIATIONS D'ANTIHYPERTENSEURS,INDAPAMIDE + PERINDOPRIL
3280904,TRIPLIXAM CP 10MG/2.5MG/5MG B/30,AUTRES ASSOCIATIONS D'ANTIHYPERTENSEURS,INDAPAMIDE + PERINDOPRIL
3280829,TRIPLIXAM CP 5MG/1.25MG/10MG B/30,AUTRES ASSOCIATIONS D'ANTIHYPERTENSEURS,INDAPAMIDE + PERINDOPRIL
3280867,TRIPLIXAM CP 5MG/1.25MG/5MG B/30,AUTRES ASSOCIATIONS D'ANTIHYPERTENSEURS,INDAPAMIDE + PERINDOPRIL
2476105,TRISPORIN COMP PELL 300MG B/10,"ANTIBIOTIQUE, CEPHALOSPORINE",CEFDINIR
2476106,TRISPORIN PDRE POUR SUSP BUV 125MG/5ML FL/ 100ML,"ANTIBIOTIQUE, CEPHALOSPORINE",CEFDINIR
8073352,"TRITAZIDE CP 10MG/12,5 MG B/28","ANTIHYPERTENSEUR,INHIBITEUR ENZYME DE CONVERSION, DIURETIQUE",RAMIPRIL+HYDROCHLOROTHIAZIDE
8073317,TRITAZIDE CP 10MG/25MG B/28,"ANTIHYPERTENSEUR,INHIBITEUR ENZYME DE CONVERSION, DIURETIQUE",RAMIPRIL+HYDROCHLOROTHIAZIDE
3100804,TRITAZIDE CP 5MG/12.5MG B/28,"ANTIHYPERTENSEUR,INHIBITEUR ENZYME DE CONVERSION, DIURETIQUE",RAMIPRIL+HYDROCHLOROTHIAZIDE
1151497,TRITAZIDE CP 5MG/25MG B/28,"ANTIHYPERTENSEUR,INHIBITEUR ENZYME DE CONVERSION, DIURETIQUE",RAMIPRIL+HYDROCHLOROTHIAZIDE
3189067,TRIVASTAL RETARD CP ENR LP 50 MG B/30,"NEUROLOGIE, ANTIPARKINSONIENS",PIRIBEDIL
3901496,TRIXSON 1G IM/IV PDRE SOL INJ F/1+SOLV/1,"ANTIBIOTIQUE, CEPHALOSPORINE",CEFTRIAXONE
3901502,TRIXSON-S PDRE SOL ING 1G/5100MG B/1,ASSOCIATION D'ANTIBIOTIQUES,CEFTRIAXONE + SULBACTAM
3402481,TRIZOLE SUSP BUV 4% FL/10 ML,"ANTIBIOTIQUE, SULFAMIDE",COTRIMOXAZOLE
3108726,TRONOTHANE GEL P APPL LOC 1% T/30G,"GASTRO.E.H., MEDICAMENT DE PROCTOLOGIE",PRAMOCAINE CHLORHYDRATE
3154577,TROPHIGIL CP VAGINAL AD B/14,"GYNECOLOGIE, DIVERS",BACCILLE DE DÖDERLEIN+PROGESTERONE+ESTRIOL
3108761,TROPHIRES COMPOSE SUPPO AD B/8,"PNEUMOLOGIE,ADJUVANTS DES INFECTIONS BRONCHOPULMONAIRES",PARACETAMOL+EUCALYPTUS
3108778,TROPHIRES COMPOSE SUPPO ENF B/8,"PNEUMOLOGIE,ADJUVANTS DES INFECTIONS BRONCHOPULMONAIRES",PARACETAMOL+EUCALYPTUS
3123625,TROPHIRES SIROP AD FL/125 ML,"PNEUMOLOGIE, ANTITUSSIF CONTENANT UN OPIACE",PHOLCODINE+TENOATE DE SODIUM
3123660,TROPHIRES SIROP ENF FL/125 ML,"PNEUMOLOGIE, ANTITUSSIF CONTENANT UN OPIACE",PHOLCODINE+TENOATE DE SODIUM
3108790,TROPHIRES SUPPO AD B/8,"PNEUMOLOGIE,ADJUVANTS DES INFECTIONS BRONCHOPULMONAIRES",EUCALYPTUS
3108809,TROPHIRES SUPPO ENF B/8,"PNEUMOLOGIE,ADJUVANTS DES INFECTIONS BRONCHOPULMONAIRES",EUCALYPTUS
8008952,TROYNOXA SOL INJ 40MG/0.4ML B/1,"HEMOSTASE, ANTICOAGULANTS INJECTABLES",ENOXAPARINE
8008946,TROYNOXA SOL INJ 60MG/0.6ML B/1,"HEMOSTASE, ANTICOAGULANTS INJECTABLES",ENOXAPARINE
3310410,TROYPANTO LP CP 40MG B/10,"GASTRO.E.H., ULCERE GASTRODUODENAL",PANTOPRAZOL
5015681,TRUSOPT CY 2% FL/5 ML,"OPHTALMOLOGIE, ANTIGLAUCOMATEUX",DORZOLAMIDE
3237465,TRYDROX CV CP PELL 250MG/62.5MG B/10,ASSOCIATION D'ANTIBIOTIQUES,CEFADROXIL + ACIDE CLAVULANIQUE
3237502,TRYDROX CV CP PELL 500MG/125MG B/10,ASSOCIATION D'ANTIBIOTIQUES,CEFADROXIL + ACIDE CLAVULANIQUE
3244869,TRYFIX CV CP PELL 100MG/62.5MG B/10,ASSOCIATION D'ANTIBIOTIQUES,CEFIXIME + ACIDE CLAVULANIQUE
3237588,TRYFIX CV CP PELL 200MG/125MG B/10,ASSOCIATION D'ANTIBIOTIQUES,CEFIXIME + ACIDE CLAVULANIQUE
3237540,TRYOXIM CV CP PELL 250MG/62.5MG B/10,ASSOCIATION D'ANTIBIOTIQUES,CEFUROXIME + ACIDE CLAVULANIQUE
3244821,TRYOXIM CV CP PELL 500 MG B/10,ASSOCIATION D'ANTIBIOTIQUES,CEFUROXIME + ACIDE CLAVULANIQUE
3237427,TRYPODOX CV CP PELL 100MG/62.5MG B/10,ASSOCIATION D'ANTIBIOTIQUES,CEFPODOXIME + ACIDE CLAVULANIQUE
3244784,TRYPODOX CV CP PELL 200MG/125MG B/10,ASSOCIATION D'ANTIBIOTIQUES,CEFPODOXIME + ACIDE CLAVULANIQUE
3142344,TULLES GRAS CPRESSES IMP. B/10,"DERMATOLOGIE, TOPIQUE A ACTIVITE TROPHIQUE OU PROTECTRICE",BAUME DU PEROU
2484740,TUMI GRIPE WATER SOL BUV FL/120ML,"GASTRO E.H, TROUBLES FONCTIONNELS DIGESTIFS",BICARBONATE DE SODIUM + HUILE DE ANETH
5015667,"TUNOLOL CY 0,5% FL/5 ML","OPHTALMOLOGIE, ANTIGLAUCOMATEUX",TIMOLOL
8084404,TURBOVAS-10 CP PELL 10 MG B/30,HYPOLIPEMIANT,ROSUVASTATINE
3798553,TUSSIDANE SANS SUCRE SOL BUV FL/125 ML,"PNEUMOLOGIE, ANTITUSSIF",DEXTROMETORPHANE
3379855,"TUSSIDANE SANS SUCRE SOL BUV 1,5MG/ML FL 125 ML","PNEUMOLOGIE, ANTITUSSIF",DEXTROMETORPHANE
8016130,TUSSIPAX SIROP FL/125 ML,"PNEUMOLOGIE, ANTITUSSIF",DEXTROMETORPHANE+GUAIFENESINE+MENGLYTATE
8014792,TUSSIPHAN SIROP FL/125 ML,"PNEUMOLOGIE, ANTITUSSIF",CHLORPHENOXAMINE+SULFAGAIACOL
3160508,TUSSISEDAL SIROP FL/125 ML,"PNEUMOLOGIE, ANTITUSSIF CONTENANT UN OPIACE",PROMETHAZINE+NOSCAPINE
3446901,TUTINERVE-P GELULE 75MG B/30,"NEUROLOGIE, ANTIEPILEPTIQUES",PREGABALINE + METHYLCOBALAMINE
2474353,TWEEZ COMPRIME 500MG B/6,"ANTIBIOTIQUE, MACROLIDE",AZITHROMYCINE
2474342,TWEEZ POUDRE P SUSP 200MG/5ML FL/15ML,"ANTIBIOTIQUE, MACROLIDE",AZITHROMYCINE
8124807,TWINZOL CY 20MCG/5ML FL/5ML,"OPHTALMOLOGIE, ANTIGLAUCOMATEUX",DORZOLAMIDE + TIMOLOL
3062517,UCETAXIM PDRE P P INJ 1000MG IM/IV DETAIL,"ANTIBIOTIQUE, CEPHALOSPORINE",CEFOTAXIME
3209058,UCILLIN PDRE P P INJ 1000MG IM/IV DETAIL,"ANTIBIOTIQUE, PENICILLINE",AMPICILLINE
2018518,UCLAPRIM CP 400 MG B/20,"ANTIBIOTIQUE, SULFAMIDE",SULFAMETHOXAZOLE+TRIMETHOPRIME
2026251,UCLAPRIM SIROP FL/100 ML,"ANTIBIOTIQUE, SULFAMIDE",SULFAMETHOXAZOLE+TRIMETHOPRIME
2484206,UDACODYL 5MG COMPRIME B/30,"GASTRO.E.H., CONSTIPATION",BISACODYL
2484208,UDELOX PLUS 230MG/200MG/25MG COMPRIME A CROQUER B/20,"GASTRO.E.H., ANTIACIDE ET PANSEMENT GASTROINTESTI",HYDROXYDE D'ALUMINIUM + HYDROXYDE MAGNESIUM + NAL SIMETHICONE
2484207,UDELOX PLUS 230MG/200MG/25MG /5ML SUSPENSION BUVABLE FL/250ML,"GASTRO.E.H., ANTIACIDE ET PANSEMENT GASTROINTESTI",HYDROXYDE D'ALUMINIUM + HYDROXYDE MAGNESIUM + NAL SIMETHICONE
2484209,"UDESTINE 0,5MG/ML SIROP FL/60ML","ALLERGOLOGIE, ANTIHISTAMINIQUE",DESLORATADINE
2484210,UDEX 10% SOLUTION POUR APPLICATION CUTANEE FL/200ML,ANTISEPTIQUES,POVIDONE IODEE
2484213,UDOFER 10MG/10ML FL/200ML,"HEMATOLOGIE, ANTIANEMIQUE",COMPLEXE OXYDE FERRIQUE POLYMALTOSE
3144892,ULCAR CP 1 G B/30,"GASTRO.E.H., ANTIACIDE ET PANSEMENT GASTROINTESTINAL",SUCRALFATE
3328391,ULCAR SOL BUV 1 G/SACH B/30,"GASTRO.E.H., ANTIACIDE ET PANSEMENT GASTROINTESTINAL",SUCRALFATE
9996277,ULCIUM GELULE 40MG/30MG B/20,"GASTRO.E.H., ULCERE GASTRODUODENAL",PANTOPRAZOLE+DOMPERIDONE
8261094,ULCIZONE GELULE 20 MG B/14,"GASTRO.E.H., ULCERE GASTRODUODENAL",OMEPRAZOLE
2476990,"ULTIFLOX COLLYRE 0,3 % FL/5ML","OPHTALMOLOGIE, ANTIBACTERIEN LOCAL",CIPROFLOXACINE
2471830,ULTRAFEN-P B/30,ANTALGIQUE/ANTIPYRETIQUE + AINS,ACECLOFENAC + PARACETAMOL
8427666,ULTRAFEN-P COMPRIME 100MG/500MG B/30,ANTALGIQUE/ANTIPYRETIQUE + AINS,ACÉCLOFÉNAC + PARACETAMOL
8414445,ULZOCER CP PELL B/28,"GASTRO.E.H., ULCERE GASTRODUODENAL",ESOMEPRAZOLE
8437937,ULZOCER POUDRE POUR SOL INJ 40MG BT1,"GASTRO.E.H., ULCERE GASTRODUODENAL",ESOMEPRAZOLE
3205655,UMEFLOX COMP PELL 200MG B/10,"ANTIBIOTIQUE, QUINOLONE",OFLOXACINE
3179192,UMEXIM GELULES 200MG B/10,"ANTIBIOTIQUE, CEPHALOSPORINE",CEFIXIME
3352343,UMULINE NPH SOL INJ 100 UI/ML FL/10 ML,ANTIDIABETIQUES ( INSULINES),INSULINE HUMAINE BIOGENETIQUE
3352308,UMULINE PROFIL 30 SOL INJ 100 UI/ML FL/10 ML,ANTIDIABETIQUES ( INSULINES),INSULINE HUMAINE BIOGENETIQUE
3775387,UNIFED COMP B/20,"ORL, RHUME ET GRIPPE",TRIPOLIDINE + PSEUDOEPHEDRINE
3775431,UNIFLOX COMP PELL 500MG B/7,"ANTIBIOTIQUE, QUINOLONE",LEVOFLOXACINE
5015718,"UNIGENTA CY 0,3% FL/5 ML","ANTIBIOTIQUE, AMINOSIDE",GENTAMICINE
3470600,UNIMER PEDIATRIQUE HYPERTONIQUE 22% SPRAY NASAL FL/100ML,DECONGESTIONNANT NASAL,EAU DE MER + CU + MN
8001393,"UNISPIRA CP PELL 1,5 MUI B/10","ANTIBIOTIQUE, MACROLIDE",SPIRAMYCINE
8001424,UNISPIRA CP PELL 3 MUI B/10,"ANTIBIOTIQUE, MACROLIDE",SPIRAMYCINE
8001335,UNIZITHRIN GELULE 500 MG B/3,"ANTIBIOTIQUE, MACROLIDE",AZITHROMYCINE
8001306,UNIZITHRIN PDRE P SUSP BUV FL/30 ML,"ANTIBIOTIQUE, MACROLIDE",AZITHROMYCINE
3903347,UNODEX PLUS SIROP ENF FL/150 ML,"PNEUMOLOGIE, ANTIASTHMATIQUE",TERBUTALINE + BROMHEXINE
3999370,UNOTATION COMPRIME PELL 500MG B/10,"HEMOSTASE, ANTIFIBRINOLTYQUES",ACIDE TRANEXAMIQUE
3208342,UNOZIT CP 250 MG B/6,"ANTIBIOTIQUE, MACROLIDE",AZITHROMYCINE
3208359,UNOZIT CP 500 MG B/3,"ANTIBIOTIQUE, MACROLIDE",AZITHROMYCINE
3647448,UPERIO 24MG/26MG CPR PELL B/28,INHIBITEUR DU RÉCEPTEUR DE L'ANGIOTENSINE ET DE LA NÉPRILYSINE,SACUBRIL + VALSARTAN
3647493,UPERIO 49MG/51MG CPR PELL B/28,INHIBITEUR DU RÉCEPTEUR DE L'ANGIOTENSINE ET DE LA NÉPRILYSINE,SACUBRIL + VALSARTAN
3647547,UPERIO 97MG/103MG CPR PELL B/28,INHIBITEUR DU RÉCEPTEUR DE L'ANGIOTENSINE ET DE LA NÉPRILYSINE,SACUBRIL + VALSARTAN
8553721,UPRACID CP 20 MG B/10,"GASTRO EH, ULCERE GASTRO-DUODENALE",PANTOPRAZOLE
8553715,UPRACID CP 40MG B/14,"GASTRO EH, ULCERE GASTRO-DUODENALE",PANTOPRAZOLE
2298831,UPRADONE GELULE B/30,"GASTRO.E.H., ULCERE GASTRODUODENAL",PANTOPRAZOLE+DOMPERIDONE
8653817,UPRAJECT AMP INJ 40 MG B/1,"GASTRO EH, ULCERE GASTRO-DUODENALE",PANTOPRAZOLE
3363744,UPRAZOL CP 40MG B/10,"GASTRO.E.H., ULCERE GASTRODUODENAL",PANTOPRAZOL
8594200,URADOX CP 2MG B/30,"UROLOGIE NEPHROLOGIE,DIVERS MEDTS DE L'APPAREIL URO-GENITAL",DOXAZOSINE
3179505,UROXIME CP 250 MG B/10,"ANTIBIOTIQUE, CEPHALOSPORINE",CEFUROXIME
3179512,UROXIME CP 500 MG B/10,"ANTIBIOTIQUE, CEPHALOSPORINE",CEFUROXIME
3209028,UROXIME INJ 750MG IV/IM B/1,"ANTIBIOTIQUE, CEPHALOSPORINE",CEFUROXIME
9117811,UROX-10 CP LP B/30,"UROLOGIE , HYPERTROPHIE BENIGNE DE LA PROSTATE",ALFUZOSINE
3234075,URSOLVAN 200 GELULE 200 MG B/30,"UROLOGIE NEPHROLOGIE, MEDICAMENTS DE LA LITHIASE URINAIRE",ACIDE URSODESOXYCHOLIQUE
3404706,UTERGIN CP PELL B/30,"GYNECOLOGIE, OCYTOCIQUES",METHYLERGOMETRINE
2478593,UTERON CAPSULE 100MG B/30,"GYNECOLOGIE, PROGESTATIFS",PROGESTERONE
2478592,UTERON CAPSULE 200MG B/15,"GYNECOLOGIE, PROGESTATIFS",PROGESTERONE
3179482,UTRIXONE 1000MG/10ML INJ IM/IV B/1,"ANTIBIOTIQUE, CEPHALOSPORINE",CEFTRIAXONE
3839962,UTROGESTAN CAPSULES MOLLES ORALES OU VAGINALES 200MG B/15,"GYNECOLOGIE, PROGESTATIFS",PROGESTERONE
3232751,UTROGESTAN GELULE 100 MG B/30,"GYNECOLOGIE, PROGESTATIFS",PROGESTERONE
3994825,U-TRYP SOLUTION INJECTABLE I.V 100.000 UI FL/ 5ML,ANTI INFLAMMATOIRE PANCREATIQUE,ULINASTATINE
3179529,UZET CP 500 MG B/3,"ANTIBIOTIQUE, MACROLIDE",AZITHROMYCINE
3179154,UZET SUSP BUV 200MG/5ML FL/15ML,"ANTIBIOTIQUE, MACROLIDE",AZITHROMYCINE
3550052,"V CARE GEL 7,1% TUBE DE 5G","STOMATOLOGIES, ANTI-INFLAMMATOIRE ET/OU ANTIBACTERIEN",CHLORHEXIDINE
3816424,"VACCIN CERVARIX SUSP INJ EN SER PRE- REMPLIE DE 0,5 ML B/1","INFECTIOLOGIE, VACCINS ET SERUMS",PROTEINE DE PAPILLOMA VIRUS
5803020,VACCIN DULTAVAX SUSP INJ B/1,"INFECTIOLOGIE, VACCINS ET SERUMS","VACCIN ANTIDIPHTERIQUE (ANATOXINE PURIFIEE) +VACCIN ANTI ¿TETANIQUE+VACCIN ANTI- POLIOMYELITIQUE TYPES 1,2,3 ATTENUES"
3311539,VACCIN ENGERIX B SUSP INJ 10 MICROG B/1,"INFECTIOLOGIE, VACCINS ET SERUMS",VACCIN ANTI HEPATITE B
3381735,VACCIN ENGERIX-B SUSP INJ 20 MICROG. B/1,"INFECTIOLOGIE, VACCINS ET SERUMS",VACCIN ANTI HEPATITE B
5614070,VACCIN MENCEVAX ACWY 135 SUSP INJ 50MICROG,"INFECTIOLOGIE, VACCINS ET SERUMS",VACCIN ANTI MENINGOCOCCIQUE DES GROUPES A ET C
3183722,VACCIN MENINGOCOCCIQUE A+C PDRE P P INJ B/1,"INFECTIOLOGIE, VACCINS ET SERUMS",VACCIN ANTI MENINGOCOCCIQUE DES GROUPES A ET C
5803040,VACCIN PENTAXIM SUSP INJ B/1,"INFECTIOLOGIE, VACCINS ET SERUMS","VACCIN ANTIHAEMOPHILUS TYPE B CONJUGUE+VACCIN ANTI-COQUELUCHEUX ADSORBE+VACCIN ANTI-TETANIQUE +VACCIN ANTI DIPHTERIQUE (ANATOXINE PURIFIEE) +VACCIN ANTIPOLIOMYELITIQUE TYPES 1,2,3 ATTENUES"
3243482,VACCIN PNEUMO 23 SUSP INJ B/1,"INFECTIOLOGIE, VACCINS ET SERUMS",VACCIN ANTI PNEUMOCOCCIQUE
3277765,VACCIN ROR SUSP INJ B/1,"INFECTIOLOGIE, VACCINS ET SERUMS",VACCIN ANTI-RUBEOLEUX A VIRUS VIVANT ATTENUE +VACCIN ANTI-OURLIEN A VIRUS VIVANT ATTENUE +VACCIN ANTI-ROUGEOLEUX A VIRUS VIVANT ATTENUE
3104674,VACCIN TETANIQ ADS SUSP INJ B/1,"INFECTIOLOGIE, VACCINS ET SERUMS",VACCIN ANTI-TETANIQUE
5803030,VACCIN TETRAXIM SUSP INJ B/1,"INFECTIOLOGIE, VACCINS ET SERUMS","VACCIN ANTI POLIOMYELITIQUE TYPES1,2,3 ATTENUES +VACCIN ANTIDIPHTERIQUE (ANATOXINE PURIFIEE) +VACCIN ANTI ¿TETANIQUE+VACCIN ANTI- COQUELUCHEUX ADSORBE"
3315069,VACCIN TYPHIM VI SUSP INJ B/1,"INFECTIOLOGIE, VACCINS ET SERUMS",VACCIN ANTI THYPHOIDIQUE
3366049,VACCIN VERORAB SUSP INJ B/1,"INFECTIOLOGIE, VACCINS ET SERUMS",VACCIN INACTIVE CONTRE LA RAGE
2029284,VAGILEN OVULE 500 MG B/10,"GYNECOLOGIE,TRAITEMENT DES VULVOVAGINITES",METRONIDAZOLE
3228135,VAGIMILT CAPSULES VAGINALES B/7,"GYNECOLOGIE,TRAITEMENT DES VULVOVAGINITES",CLINDAMYCINE + CLOTRIMAZOLE
7052109,VALASTAR COMPRIME 500MG B/10,ANTIVIRAUX,VALACICLOVIR
3008849,VALEX CP 160 MG B/30,"ANTIHYPERTENSEUR, ANTAGONISTE RECEPTEURS ANGIOTENSINE II",VALSARTAN
3008844,VALEX CP 80 MG B/30,"ANTIHYPERTENSEUR, ANTAGONISTE RECEPTEURS ANGIOTENSINE II",VALSARTAN
3111243,VALIUM AMP INJ 10MG B/6,"PSYCHIATRIE, ANXYOLITIQUES",DIAZEPAM
3111272,VALIUM CP 10 MG B/30,"PSYCHIATRIE, ANXYOLITIQUES",DIAZEPAM
8157072,VALMAC CP 160 MG B/30,"ANTIHYPERTENSEUR, ANTAGONISTE RECEPTEURS ANGIOTENSINE II",VALSARTAN
8157089,VALMAC CP 80 MG B/30,"ANTIHYPERTENSEUR, ANTAGONISTE RECEPTEURS ANGIOTENSINE II",VALSARTAN
3344293,VALSAR DENK CP 160MG B/28,"ANTIHYPERTENSEUR, ANTAGONISTE RECEPTEURS ANGIOTENSINE II",VALSARTAN
3344330,VALSAR DENK CP 80MG B/28,"ANTIHYPERTENSEUR, ANTAGONISTE RECEPTEURS ANGIOTENSINE II",VALSARTAN
2472852,VASTATOR CP 10MG B/30,HYPOLIPEMIANT,ATORVASTATINE
2472853,VASTATOR CP 20MG B/30,HYPOLIPEMIANT,ATORVASTATINE
3040942,VASTATOR CP 40 MG B/30,HYPOLIPEMIANT,ATORVASTATINE
2484805,VEGAFAN 80MG INJ AMP 1ML BT 6,"PARASITOLOGIE, ANTIPALUDIQUE",ARTEMETHER
2484793,VEGAFAN 80MG/480MG CPR BT 6,"PARASITOLOGIE, ANTIPALUDIQUE",ARTEMETHER + LUMEFANTRINE
2484791,VEGAFED 325MG/2MG CPR BT 20,"ORL, ANTI-GRIPPE, ANTI-RHUME",PARACETAMOL + PHENYLEPHRINE
2484804,VEGAFER SIROP F/200ML,"HEMATOLOGIE, ANTIANEMIQUE",FER + VITAMINES
3906507,VEGAMONT-L 10MG/5MG CPR B/28,"ALLERGOLOGIE, ANTIHISTAMINIQUE",LEVOCETIRIZINE + MONTELUKAST
2484799,VEGAMOX 125MG/5ML PDRE SUSP BUV F/100ML,"ANTIBIOTIQUE, PENICILLINE",AMOXICILLINE
2484800,VEGAMOX 250MG/5ML PDRE SUSP BUV F/100ML,"ANTIBIOTIQUE, PENICILLINE",AMOXICILLINE
2484796,VEGAMOX 500MG GELU BT 24,"ANTIBIOTIQUE, PENICILLINE",AMOXICILLINE
2484797,VEGAMOX 500MG PLAQUETTE DE 10,"ANTIBIOTIQUE, PENICILLINE",AMOXICILLINE
2479654,VEGANAC PLUS 100MG/500MG CPR/20,ANTALGIQUE/ANTIPYRETIQUE + AINS,ACECLOFENAC + PARACETAMOL
2479661,VEGAPAR PLUS 500MG/65MG CPR B/20,ANTALGIQUE/ANTIPYRETIQUE,PARACETAMOL + CAFEINE
2479653,VEGAXEM 500MG CPR B/20,"HEMOSTASE, ANTIFIBRINOLTYQUES",ACIDE TRANEXAMIQUE
2485340,VEGAXEM 500MG SOL INJ AMP5X5ML,"HEMOSTASE, ANTIFIBRINOLTYQUES",ACIDE TRANEXAMIQUE
3583464,VELOFT DS COMPRIME 500MG B/10,"ANTIBIOTIQUE, QUINOLONE",LEVOFLOXACINE
3555798,VELSO CP 400/100MG B/28,"GASTRO.E.H., HEPATITES VIRALES CHRONIQUES",SOFOSBUVIR + VELPATASVIR
2475719,VELSOF COMP PELL 400MG/100MG B/28,"GASTRO E H, HEPATITES VIRALES CHRONIQUES",SOFOSBUVIR + VELPATASVIR
9001320,VENTESYL SP FL 100ML,"PNEUMOLOGIE, ANTITUSSIF",ADHATODA VASICA + PIPER LONGUM + GLYCYRRHIZA GLABRA + VITIS VINIFERA + OCIMUM SANCTUM
4003518,"VENTOLINE SOL INHAL 2,5MB/2,5ML DETAIL CONDITIONEMENT DE 5 UNIDOSES","PNEUMOLOGIE, ANTIASTHMATIQUE",SALBUTAMOL
3152271,VENTOLINE CP 2 MG B/40,"PNEUMOLOGIE, ANTIASTHMATIQUE",SALBUTAMOL
3185431,"VENTOLINE SIROP 0,04% FL/150 ML","PNEUMOLOGIE, ANTIASTHMATIQUE",SALBUTAMOL
3117961,VENTOLINE SUSP P INHAL 100 MCG FL/200 DOSES,"PNEUMOLOGIE, ANTIASTHMATIQUE",SALBUTAMOL
5523518,VENTOLINE 2.5MG/2.5ML SOL INH UNID B/20,"PNEUMOLOGIE, ANTIASTHMATIQUE",SALBUTAMOL
2297725,VERAX BLU SOL P BAIN BOUCHE FL/120 ML,"STOMATOLOGIE,BAIN DE BOUCHE,GARGARISME ET GELS",BENZYDAMINE
3999622,VERICLAV COMPRIME PELLICULE 1G/125 MG B/14,"ANTIBIOTIQUE, PENICILLINE",AMOXICILINE + ACIDE CLAVULANIQUE
3999639,VERICLAV INJECTABLE IM/IV 1G/200 MG B/1,"ANTIBIOTIQUE, PENICILLINE",AMOXICILINE + ACIDE CLAVULANIQUE
3008823,"VERICLAV SUSP 100MG/12,5MG FL/60ML","ANTIBIOTIQUE, PENICILLINE",AMOXICILLINE + ACIDE CLAVULANIQUE
3008830,"VERICLAV SUSP 250MG/31,5MG FL/60ML","ANTIBIOTIQUE, PENICILLINE",AMOXICILLINE + ACIDE CLAVULANIQUE
3296745,VERMINTEL SUSP BUV FL/30 ML,"PARASITOLOGIE, ANTHELMINTIQUE",PYRANTEL
3146262,VERRUMAL SOL CUTANEE FL/13ML,"DERMATOLOGIE, AUTRES",FLUORO-URACILE + ACIDE SALICYLIQUE + DIMETHYL SULFOXYDE
3145050,VERSINO CP B/10,ANTALGIQUE/ANTIPYRETIQUE + AINS,PARACETAMOL + DICLOFENAC + CHLORPHENIRAMINE + MAGNESIUM
2472834,VERZOL SUSP BUV SACH10ML,"PARASITOLOGIE, ANTHELMINTHIQUE",ALBENDAZOLE
8313359,VERZOL 400MG SUSP BUV BT1,"PARASITOLOGIE, ANTHELMINTHIQUE",ALBENDAZOLE
5805010,VEXOL CY 1% FL 5ML,"OPHTALMOLOGIE, ANTIBACTERIENS LOCAUX",RIMEXOLONE
2479657,VEZI CPR 500MG BT3,"ANTIBIOTIQUE, MACROLIDE",AZITHROMYCINE
2479655,VEZI SUSP PDR 200MG FL30ML,"ANTIBIOTIQUE, MACROLIDE",AZITHROMYCINE
2021259,VIBROCIL GEL NASAL T/12 G,"ORL, DECONGESTIONNANTS",DIMETINDENI MALEAS+PHENYL EPHRINUM
2018381,VIBROCIL GOUTTE SOL P PULV NAS FL/15 ML,"ORL, DECONGESTIONNANTS",DIMETINDENI MALEAS+PHENYL EPHRINUM
2018398,VIBROCIL SPRAY SOL P PULV NAS FL/10 ML,"ORL, DECONGESTIONNANTS",DIMETINDENI MALEAS+PHENYL EPHRINUM
5609010,VICLINE CP 200 MG B/10,"ANTIBIOTIQUE, CYCLINE",DOXYCYCLINE
3240302,VICTAN CP ENR 2 MG B/30,"PSYCHIATRIE, ANXYOLITIQUES",LOFLAZEPATE D'ETHYL
2481545,VIDAGLIN CP 50MG B/30,AUTRES ANTIDIABETIQUES,VIDAGLIPTINE
2474779,VIFERON B SIROP FL/200ML,"HEMATOLOGIE, ANTIANEMIQUE",FER + ACIDE FOLIQUE + VIT B12
2292780,VIFEX SIROP 1MG FL/100 ML,"PNEUMOLOGIE, ANTIASTHMATIQUE",BROMHEXINE + SALBUTAMOL +GUAIFENESINE
3145074,VIKLEVO CP 500 MG B/10,"ANTIBIOTIQUE, QUINOLONE",LEVOFLOXACINE
3145098,VIKTHRO CP 500 MG B/3,"ANTIBIOTIQUE, MACROLIDE",AZITHROMYCINE
3263099,VIKTHRO SUSP BUV 200 MG/5 ML FL/15 ML,"ANTIBIOTIQUE, MACROLIDE",AZITHROMYCINE
2475189,VILDARIL CP 50MG B/30,AUTRES ANTIDIABETIQUES,VIDAGLIPTINE
2475186,VILDARIL M CP 50MG/1000MG B/30,AUTRES ANTIDIABETIQUES,VIDAGLIPTINE + METFORMINE
2475187,VILDARIL M CP 50MG/500MG B/30,AUTRES ANTIDIABETIQUES,VIDAGLIPTINE + METFORMINE
2475188,VILDARIL M CP 50MG/850MG B/30,AUTRES ANTIDIABETIQUES,VIDAGLIPTINE + METFORMINE
2485612,VILDOMET 50MG/1000MG CPR BT 28,AUTRES ANTIDIABETIQUES,VIDAGLIPTINE + METFORMINE
2485615,VILDOMET 50MG/500MG CPR BT 28,AUTRES ANTIDIABETIQUES,VIDAGLIPTINE + METFORMINE
8015343,VINCISEPTIL OTICO PDRE ET SOL P INSTIL AURIC FL/5 ML,"ORL, OTITES",FLUOCINOLONE ACETONIDE+BENZYDAMINE+TETRACAINE +POLYMYXINE B+NEOMYCINE
3266968,VIROPHTA CY 1% FL 5ML,"OPHTALMOLOGIE, ANTIVIRAUX LOCAUX",TRIFLURIDINE
3471131,VISANNE COMP 2MG B/28,"GYNECOLOGIE,TRAITEMENT DE L'ENDOMETRIOSE",DIENOGEST
3112981,VISCERALGINE AMP INJ 5 MG B/10,ANTISPASMODIQUE,TIEMONIUM METHYLSUFATE
3112975,VISCERALGINE SUPPO 20 MG B/20,ANTISPASMODIQUE,TIEMONIUM METHYLSUFATE
3112917,VISCERALGINE CP ENR 50 MG B/30,ANTISPASMODIQUE,TIEMONIUM METHYLSUFATE
3112969,VISCERALGINE SIROP 2% FL/150 ML,ANTISPASMODIQUE,TIEMONIUM METHYLSUFATE
3258569,VISCID SUSP BUV FL/200 ML,"GASTRO.E.H., ANTIACIDE ET PANSEMENT GASTROINTESTINAL",HYDOXYDE D'ALUMINIUM + MAGNESIUM + SILICATE
3550045,VISCID SUSPENSION BUVABLE EN SACHET B/20,"GASTRO EH, ANTIACIDE ET PANSEMENT GASTROINTESTINAL",HYDROXYDE D'ALUMINIUM + HYDROXYDE DE MAGNESIUM + SIMETHICONE
8306098,VISCODRIL SIROP FL/100 ML,"PNEUMOLOGIE, ANTIASTHMATIQUE","CHLORHYDRATE DE DIPHENYLDRAMINE, CHLORURE D'AMMONIUM"
2473842,VISCOF SIROP FL/100ML,"PNEUMOLOGIE, ANTITUSSIF",AMBROXOL + RACEMENTHOL + GUAIFENESINE
2473841,VISCOF-S SIROP FL/100ML,"PNEUMOLOGIE, ANTITUSSIF",AMBROXOL + RACEMENTHOL + GUAIFENESINE + SALBUTAMOL
8039674,VISIODIS CY FL/5 ML,"OPHTALMOLOGIE, ANTISEPTIQUES LOCAUX",BENZALKONIUM
3224243,VISKEN CP ENR 15 MG B/28,"ANTIHYPERTENSEUR, BÊTABLOQUANT",PINDOLOL
3054261,VISKEN CP 5 MG B/50,"ANTIHYPERTENSEUR, BÊTABLOQUANT",PINDOLOL
3113437,VIT B12 CY 0,"OPHTALMOLOGIE, CICATRISANTS",CYANOCOBALAMINE (VITAMINE B12)
3113615,VIT B12 FER SOL BUV FL/180 ML,"HEMATOLOGIE, ANTIANEMIQUES",CYANOCOBALAMINE (VITAMINE B12)+FER FERREUX
3113638,VIT B12 1000 LABAZ AMP INJ B/6,"HEMATOLOGIE, ANTIANEMIQUES",CYANOCOBALAMINE (VITAMINE B12)
3483022,VIT K1 AMP INJ/BUV 10MG B/3,"HEMOSTASE, VITAMINE K1",PHYTOMENADIONE
3114017,VIT K1 CP ENR 10 MG B/20,"HEMOSTASE, VITAMINE K1",PHYTOMENADIONE
3290292,VIT K1 ROCHE AMP INJ 10 MG B/3,"HEMOSTASE, VITAMINE K1",PHYTOMENADIONE
3227980,VITABACT CY FL/10 ML,"OPHTALMOLOGIE, ANTISEPTIQUES LOCAUX",PICLOXYDINE
3114224,VITABLEU CY FL/15 ML,"OPHTALMOLOGIE, ANTISEPTIQUES LOCAUX",METHYLTHIONINIUM
8401112,VITAFER CAPS B/30,"HEMATOLOGIE, ANTIANEMIQUES",SULFATE FERREUX+ACIDE FOLIQUE
4215855,VITAFER FORTE SIROP FL/200 ML,"HEMATOLOGIE, ANTIANEMIQUES",FER+ACIDE FOLIQUE
2482651,VITAFER FORTE SIROP FL 100ML,"HEMATOLOGIE, ANTIANEMIQUE",FER+ACIDE FOLIQUE
6192420,VITAPRED CP 20 MG B/20,ANTI-INFLAMMATOIRE STEROIDIEN (AIS),PREDNISOLONE
6192181,VITAPRED CP 5 MG B/30,ANTI-INFLAMMATOIRE STEROIDIEN (AIS),PREDNISOLONE
3351964,VITASEDINE CY FL/10 ML,"OPHTALMOLOGIE, ANTISEPTIQUES LOCAUX",CHLORHYDRATE DE PHENYLEPHRINE
3114678,VITASEDINE CY FL/15 ML,"OPHTALMOLOGIE, ANTISEPTIQUES LOCAUX",CHLORHYDRATE DE PHENYLEPHRINE
5604080,VITCOFOL SOL BUV FL/180 ML,"HEMATOLOGIE, ANTIANEMIQUES",FER FERREUX+ACIDE FOLIQUE+CYANOCOBALAMINE
3114945,VOGALENE AMP INJ 10 MG B/10,"GASTRO.E.H., NAUSEES ET VOMISSEMENTS",METOPIMAZINE
3205441,VOGALENE GELULE 15 MG B/20,"GASTRO.E.H., NAUSEES ET VOMISSEMENTS",METOPIMAZINE
3171481,"VOGALENE SOL BUV 0,1% FL/150 ML","GASTRO.E.H., NAUSEES ET VOMISSEMENTS",METOPIMAZINE
3114968,"VOGALENE SOL BUV 0,4% FL/30 ML","GASTRO.E.H., NAUSEES ET VOMISSEMENTS",METOPIMAZINE
3114974,VOGALENE SUPPO 5 MG B/10,"GASTRO.E.H., NAUSEES ET VOMISSEMENTS",METOPIMAZINE
2475991,VOGLINORM CPR 0MG2 BT30,AUTRES ANTIDIABETIQUES,VOGLIBOSE
2475992,VOGLINORM CPR 0MG3 BT30,AUTRES ANTIDIABETIQUES,VOGLIBOSE
2276433,VOLINI GEL P APPL LOC T/30 G,ANTI-INFLAMMATOIRE NON STEROIDIEN (AINS),DICLOFENAC + SALYCYLATE DE METHYLE
9990123,VOLINI GEL P APPL LOC 1% T/5 G,ANTI-INFLAMMATOIRE NON STEROIDIEN (AINS),DICLOFENAC +MENTHOL + METHYL SALICYLATE + HUILE DE LIN
3323287,"VOLTARENE CY 0,1% FL/5 ML","OPHTALMOLOGIE, ANTI-INFLAMMATOIRES LOCAUX",DICLOFENAC
5052012,VOLTARENE DOLO CP 12.5MG B/10,ANTALGIQUE/ANTIPYRETIQUE + AINS,PARACETAMOL+DICLOFENAC
3288697,VOLTARENE GEL P APPL LOC 1% T/50 G,ANTI-INFLAMMATOIRE NON STEROIDIEN (AINS),DICLOFENAC
8090971,VOLTFAST PDRE P SUSP BUV SACHET B/9,ANTI-INFLAMMATOIRE NON STEROIDIEN (AINS),DICLOFENAC
1536951,VOLTFAST 50 MG POUDRE POUR SUSPENSION BUVABLE BTE DE 30 SACHETS,ANTI-INFLAMMATOIRE NON STEROIDIEN (AINS),DICLOFENAC
3326336,VOMIOFF-S SOL BUV FL/30 ML,"GASTRO.E.H., NAUSEES ET VOMISSEMENTS","DOMPERIDONE, SIMETHICONE"
3326299,VOMIOFF-S SOLUTION BUVABLE EN GOUTTES FLACON COMPTE GOUTTES DE 5ML,"GASTRO.E.H., NAUSEES ET VOMISSEMENTS","DOMPERIDONE, SIMETHICONE"
8052433,VOTREX CP 25 MG B/30,ANTI-INFLAMMATOIRE NON STEROIDIEN (AINS),DICLOFENAC
8052427,VOTREX CP 50 MG B/20,ANTI-INFLAMMATOIRE NON STEROIDIEN (AINS),DICLOFENAC
8091752,VOVGEL GEL P APPL LOC T/30 G,ANTI-INFLAMMATOIRE NON STEROIDIEN (AINS),HUILE DE LIN + DICLOFENAC + MENTHOL + METHYLSALICYLATE + ALCOOL BENZYLIQUE
8146105,VOVNAC CP 100 MG B/30,ANTI-INFLAMMATOIRE NON STEROIDIEN (AINS),ACECLOFENAC
8028593,WARIMAZOL CPR VAG 200MG BT3,"DERMATOLOGIE, ANTIFONGIQUE LOCAL",CLOTRIMAZOLE
8028601,WARIMAZOL CR DERM 1% T/20G,"DERMATOLOGIE, ANTIFONGIQUE LOCAL",CLOTRIMAZOLE
2474057,WELBEEN-L COMP 5MG B/10,"ALLERGOLOGIE, ANTIHISTAMINIQUE",LEVOCETIRIZINE
8417691,WELQUINE CP 750 MG B/10,"ANTIBIOTIQUE, QUINOLONE",LEVOFLOXACINE
9999800,WINJECT INJ 1G IM / IV B/1,"ANTIBIOTIQUE, CEPHALOSPORINE",CEFTRIAXONE
3917559,WINODRYL SIROP FL/100ML,"PNEUMOLOGIE, ANTITUSSIF",AMBROXOL + TERBUTALINE + GUAFENESINE
2476943,WYMLY COMPRIMES 25MG B/30,"GASTRO EH, HEPATITES VIRALES CHRONIQUES",TENOFOVIR ALAFENAMIDE
3576031,"XALACOM COLLYRE B/3 FL/2,5 ML","OPHTALMOLOGIE, ANTIGLAUCOMATEUX",TRAVOPROST + TIMOLOL
5605020,"XALACOM COLLYRE FL/2,5ML","OPHTALMOLOGIE, ANTIGLAUCOMATEUX",TRAVOPROST + TIMOLOL
3420256,"XALATAN COLLYRE FL/2,5ML","OPHTALMOLOGIE, ANTIGLAUCOMATEUX",LATANOPROST
3264455,"XANAX CP 0,5 MG B/30","PSYCHIATRIE, ANXYOLITIQUES",ALPRAZOLAM
8450748,XANTHERNET GEL EN FLACONS UNIDOSES B/30,"OPHTALMOLOGIE, TRAITEMENT DES LESIONS ET ABRASIONS OCCULAIRES",HYALORUNATE DE SODIUM + GOMME XANTHANE + NETILMICINE + PHOSPHATE DISSODIQUE
3883827,XARELTO CP 10 MG B/10,"HEMOSTASE, ANTICOAGULANTS ORAUX",RIVAROXABAN
3922516,XARELTO CP 15MG B/14,"HEMOSTASE, ANTICOAGULANTS ORAUX",RIVAROXABAN
3922974,XARELTO CP 20 MG B/14,"HEMOSTASE, ANTICOAGULANTS ORAUX",RIVAROXABAN
3366173,XATRAL LP CP ENR LP 5 MG B/56,"UROLOGIE , HYPERTROPHIE BENIGNE DE LA PROSTATE",ALFUSOZINE
3511066,XATRAL LP CP 10 MG B/30,"UROLOGIE , HYPERTROPHIE BENIGNE DE LA PROSTATE",ALFUSOZINE
8069899,XELIPROST CP 10 MG B/10,"UROLOGIE , HYPERTROPHIE BENIGNE DE LA PROSTATE",TERAZOSINE
8069913,XELIPROST CP 5 MG B/10,"UROLOGIE , HYPERTROPHIE BENIGNE DE LA PROSTATE",TERAZOSINE
5630289,XELODA CP 500 MG B/120,"CANCEROLOGIE, ANTINEOPLASIQUE",CAPECITABINE
3338490,XENID GEL P APPL LOC 1% T/60 G,ANTI-INFLAMMATOIRE NON STEROIDIEN (AINS),DICLOFENAC
8417716,XERIN CP PELLICULES 5MG/10MG B/10,"ALLERGOLOGIE,ANTIHISTAMINIQUE","LEVOCETIRIZINE, MONTELUKAST"
4577644,X'FERON SIROP FL/200ML,"HEMATOLOGIE, ANTIANEMIQUE",FER III POLYMALTOSE + ACIDE FOLIQUE
3015193,XOLA CY FL/5 ML,"OPHTALMOLOGIE, ANTIGLAUCOMATEUX",DORZOLAMIDE
3015209,XOLAMOL CY FL/5 ML,"OPHTALMOLOGIE, ANTIGLAUCOMATEUX",DORZOLAMIDE + TIMOLOL
3084458,XOLFOVEL CP B/10,"ANTIBIOTIQUE, QUINOLONE",LEVOFLOXACINE
3261569,XONADINE COMPRIMES PELLICULES 120MG B/30,"ALLERGOLOGIE,ANTIHISTAMINIQUE",FEXOFENADINE
3261606,XONADINE COMPRIMES PELLICULES 180MG B/30,"ALLERGOLOGIE,ANTIHISTAMINIQUE",FEXOFENADINE
3567579,XONADINE CP PELL 120MG B/10,"ALLERGOLOGIE, ANTIHISTAMINIQUE",FEXOFENADINE
3567616,XONADINE CP PELL 180MG B/10,"ALLERGOLOGIE, ANTIHISTAMINIQUE",FEXOFENADINE
8098240,XONE INJ 1G IM / IV B/1,"ANTIBIOTIQUE, CEPHALOSPORINE",CEFTRIAXONE
8098257,XONE PDRE P P INJ 500 MG B/1,"ANTIBIOTIQUE, CEPHALOSPORINE",CEFTRIAXONE
8063313,XORIMAX CP 250 MG B/10,"ANTIBIOTIQUE, CEPHALOSPORINE",CEFUROXIME
3028086,X-PLENTED COMPRIMES 10MG B/30,HYPOLIPEMIANT,ROSUVASTINE
3028194,X-PLENTED COMPRIMES 5MG B/30,HYPOLIPEMIANT,ROSUVASTINE
3344538,XYDOL GYN CP PELL 100 MG B/20,ANTI-INFLAMMATOIRE NON STEROIDIEN (AINS),FLUBIPROFENE
3428511,XYKAA RAPID CP DISP 500MG B/20,ANTALGIQUE/ANTIPYRETIQUE,PARACETAMOL
3357644,XYLIX CP 5MG B/15,"ALLERGOLOGIE,ANTIHISTAMINIQUE",LEVOCETIRIZINE
8377514,"XYLO-ACINO SPRAY NASAL AD 0,1% FL/10 ML","ORL, DECONGESTIONNANTS",XYLOMETAZOLINE
8377508,"XYLO-ACINO SPRAY NASAL ENF 0,05% FL/10 ML","ORL, DECONGESTIONNANTS",XYLOMETAZOLINE
3999684,XYLOMEX 0.1% GOUTTES NASALES FL/10ML,"ORL, DECONGESTIONNANTS",XYLOMETAZOLINE
3999677,XYLOMEX 0.5% GOUTTES NASALES FL/10ML,"ORL, DECONGESTIONNANTS",XYLOMETAZOLINE
8715514,XYRA GELULES 75MG,"NEUROLOGIE, ANTIEPILEPTIQUES",PREGABALINE
3585024,XYZALL CP 5MG B/14,"ALLERGOLOGIE,ANTIHISTAMINIQUE",LEVOCETIRIZINE
5646328,YEKAFER PLUS SIROP FL/200ML,"HEMATOLOGIE, ANTIANEMIQUE",HYDROXYDE POLYMALTOSE DE FER + ACIDE FOLIQUE + SELENIUM + VITAMINE B12
2484287,YEMAY KIT 1000MG/1000MG COMPRIME B/4,ASSOCIATION D'ANTIBIOTIQUES,AMOXICILLINE + FLUCLOXACILLINE
8023070,YENDOL PDRE P SUSP BUV B/10 SACH,"ORL,ANTI-GRIPPE,ANTI-RHUME",PARACETAMOL+CHLOPHENIRAMINE+CAFEINE
3278161,YODAFAR CP 300MCG B/50,COMPLEMENTS MINERAUX ET VITAMINIQUES,IODURE DE POTASSIUM
3211973,YPEVA SOL IV 25MG/ML FL/16ML,"CANCEROLOGIE, ANTINEOPLASIQUE",BEVACIZUMAB
3508035,YPEVA SOL PR PERF IV 25MG/ML FL/4ML,"CANCEROLOGIE, ANTINEOPLASIQUE",BEVACIZUMAB
3244895,ZADITEN SOL BUV 0,"PNEUMOLOGIE, ANTIASTHMATIQUE",KETOTIFENE
3309346,ZALAIN OVULE 300 MG B/1,"GYNECOLOGIE,TRAITEMENT DES VULVOVAGINITES",SERTACONAZOLE
3037365,ZAMOX ENFANT PDRE P SUSP BUV FL/60 ML,"ANTIBIOTIQUE, PENICILLINE",AMOXICILLINE+ACIDE CLAVULANIQUE
3037362,ZAMOX PDR PR SUSP BUV 1G/125 MG B/12 SACH,"ANTIBIOTIQUE, PENICILLINE",AMOXICILLINE+ACIDE CLAVULANIQUE
3037331,ZAMOX PDRE P SUSP BUV SACHET 1000/125 B/16,"ANTIBIOTIQUE, PENICILLINE",AMOXICILLINE+ACIDE CLAVULANIQUE
3037348,ZAMOX PDRE P SUSP BUV SACHET 500/62.5,"ANTIBIOTIQUE, PENICILLINE",AMOXICILLINE+ACIDE CLAVULANIQUE
5610000,ZAMUR CP 500 MG B/10,"ANTIBIOTIQUE, CEPHALOSPORINE",CEFUROXIME
3005461,ZANEXTRA COMP PELL 10MG/20MG B/30,ASSOCIATION DE PLUSIEURS ANTIHYPERTENSEURS,ENALAPRIL + LERCANIDIPINE
3005460,ZANEXTRA CPR PEL 20MG/20MG B30,ASSOCIATION DE PLUSIEURS ANTIHYPERTENSEURS,ENALAPRIL + LERCANIDIPINE
5050100,ZANIDIP CP 10 MG B/28,"ANTIHYPERTENSEUR, INHIBITEUR CALCIQUE",LERCANIDIPINE CHLORYDRATE
8013077,ZAXTER PDRE P P INJ 500 MG B/1,"ANTIBIOTIQUE , AUTRES BETA-LACTAMINES",MEROPENEME
3460177,Z-COLD SIROP ENF FL/100 ML,"ORL,ANTI-GRIPPE,ANTI-RHUME","PARACETAMOL, CHLORZOXAZONE, DICLOFENAC"
9279041,Z-COLD CP POCHETTE/4,"ORL, ANTIGRIPE, ANTI RHUME",PARACETAMOL + PHENYLEPHRINE + CHLORPHENIRAMINE + CAFEINE
3664414,Z-COLD JUNIOR SIROP,"ORL, RHUME ET GRIPPE",PARACETAMOL + CHLORPHENIRAMINE
5606040,ZEBEN SUSP BUV 4% FL/10 ML,"PARASITOLOGIE, ANTHELMINTIQUE",ALBENDAZOLE
4699207,ZEC 10 10MG CP B/10,"ALLERGOLOGIE, ANTIHISTAMINIQUE",CETIRIZINE
3456545,ZECLAR SOL BUV 25MG FL/100ML,"ANTIBIOTIQUE, MACROLIDE",CLARITHROMYCINE
3785290,ZECLAR 50MG GR SP F/60ML,"ANTIBIOTIQUE, MACROLIDE",CLARITHROMYCINE
3417083,ZELITREX CP 500 MG B/10,ANTIVIRAUX,VALACICLOVIR
3270027,ZELVA SOL PR PERF IV 10MG/ML FL/10ML,"CANCEROLOGIE, ANTINEOPLASIQUE",RITUXIMAB
3224670,ZELVA SOL PR PERF IV 10MG/ML FL/50ML,"CANCEROLOGIE, ANTINEOPLASIQUE",RITUXIMAB
3011403,ZEMCLAV COMPRIME 1000MG/125MG B/14,"ANTIBIOTIQUE, PENICILLINE",AMOXICILINE + ACIDE CLAVULANIQUE
3011427,ZEMFER SIROP 60MG/1MG FL/200ML,"HEMATOLOGIE, ANTIANEMIQUE",FER + ACIDE FOLIQUE + VITAMINE B + VITAMINE E + ZINC + SELENIUM
3011434,ZEMFORTE COMPRIME 100MG/325MG/15MG B/100,ANTALGIQUE/ANTIPYRETIQUE + AINS,ACECLOFENAC + PARACETAMOL + SERRATIOPETIDASE
2481089,ZEMGRIPE 500/10/2MG5/30 CPR100,"ORL, ANTI-GRIPPE, ANTI-RHUME",PARACETAMOL + PHENYLEPHRINE + CAFEINE + LEVOCETIRIZINE
3998687,ZEMILAST PDRE POUR SOLUTION INJECTABLE 500MG/500MG IV FL/30ML,ASSOCIATION D'ANTIBIOTIQUES,IMIPENEME + CILASTATINE
3911410,ZEMTOUX SIROP FL/150ML,"PNEUMOLOGIE, ANTITUSSIF",SHUDHA GUGGUL DRAKSHA VISHNUPRIYA JUFA GUDUCHI VASAKA JATIPATRA YASTIMADHU GOJIHA NEEL PUSHPA TRIPHALA TRIKALA TRIKATU VIDANG KANTAKARI TAJA NAVASADAR MENTHOL
5804050,ZENAVAN GEL P APPL LOC 5% T/40 G,ANTI-INFLAMMATOIRE NON STEROIDIEN (AINS),ETOFENAMATE
1226571,ZENCOFER SIROP FL/200 ML,"HEMATOLOGIE, ANTI-ANEMIQUES",FER + ZINC + AC FOLIQUE + VIT B12
3690840,ZENCOFER GELULE B/30,"HEMATOLOGIE, ANTIANEMIQUES",FER + ACIDE FOLIQUE + VITAMINE B12
1561561,"ZENTREK SIROP 2,5MG FL/100ML","ALLERGOLOGIE, ANTIHISTAMINIQUE",DESLORATADINE
9561561,ZENTREK 2.5MG SIRO FLACON DE 100 ML,"ALLERGOLOGIE, ANTIHISTAMINIQUE",DESLORATADINE
3218501,ZEPOTIL CP 200 MG B/10,"ANTIBIOTIQUE, CEPHALOSPORINE",CEFPODOXIME
3218518,ZEPOTIL DT CP DISPERS 100 MG B/10,"ANTIBIOTIQUE, CEPHALOSPORINE",CEFPODOXIME
3218525,ZEPOTIL PDRE P SUSP ORALE 50MG/5ML FL/60ML,"ANTIBIOTIQUE, CEPHALOSPORINE",CEFPODOXIME
8049744,ZERODOL CP PELL 100 MG B/10,ANTI-INFLAMMATOIRE NON STEROIDIEN (AINS),ACECLOFENAC
2294276,ZERODOL CP 100 MG B/30,ANTI-INFLAMMATOIRE NON STEROIDIEN (AINS),ACECLOFENAC
8403223,ZERODOL CR COMP 200MG B/30,ANTI-INFLAMMATOIRE NON STEROIDIEN (AINS),ACECLOFENAC
8086203,ZERODOL CR CP 200 MG B/10,ANTI-INFLAMMATOIRE NON STEROIDIEN (AINS),ACECLOFENAC
2291645,ZERODOL P COMPRIMES PELLICULES 100MG/ 500MG B/30,ANTALGIQUE/ANTIPYRETIQUE + AINS,ACECLOFENAC + PARACETAMOL
2291668,ZERODOL P CP 100MG/500MG B/10,ANTALGIQUE/ANTIPYRETIQUE + AINS,ACECLOFENAC + PARACETAMOL
8018861,"ZERODOL 1,5% CREME TUBE 30 G",ANTI-INFLAMMATOIRE NON STEROIDIEN (AINS),ACECLOFENAC
8019288,"ZERODOL 1,5% CREME TUBE 60 G",ANTI-INFLAMMATOIRE NON STEROIDIEN (AINS),ACECLOFENAC
8451038,ZEROVER SOL BUV FL/30 ML,"PARASITOLOGIE, ANTHELMINTIQUE",MEBENDAZOLE
3299904,ZESTRIL CP 20 MG B/28,"ANTIHYPERTENSEUR, INHIBITEUR DE L'ENZYME DE CONVERSION",LISINOPRIL
8003328,ZEXIM DS PDRE P SUSP BUV 200MG/5ML FL/30ML,"ANTIBIOTIQUE, CEPHALOSPORINE",CEFIXIME
8003334,ZEXIM GELULE 400MG B/5,"ANTIBIOTIQUE, CEPHALOSPORINE",CEFIXIME
8003311,ZEXIM PDRE P SUSP BUV 100MG/5ML FL/30ML,"ANTIBIOTIQUE, CEPHALOSPORINE",CEFIXIME
8182610,ZICLAV CP 1G/125MG B/16,"ANTIBIOTIQUE, PENICILLINE",AMOXICILLINE+ACIDE CLAVULANIQUE
8182609,ZICLAV CP 500MG/62.5MG B/16,"ANTIBIOTIQUE, PENICILLINE",AMOXICILLINE+ACIDE CLAVULANIQUE
3706640,ZICLAV INJ 1G/200MG FL/1,"ANTIBIOTIQUE, PENICILLINE",AMOXICILLINE + ACIDE CLAVULANIQUE
8182638,ZICLAV PDRE P SUSP BUV 562.5MG FL/60ML,"ANTIBIOTIQUE, PENICILLINE",AMOXICILLINE+ACIDE CLAVULANIQUE
8182639,"ZICLAV PDRE POUR SUSP BUV 250MG/31,25MG FL/ 60ML","ANTIBIOTIQUE, PENICILLINE",AMOXICILLINE+ACIDE CLAVULANIQUE
8065329,ZIFAR CP 10 MG B/14,"ALLERGOLOGIE,ANTIHISTAMINIQUE",LORATIDINE
2476082,ZIFLUSEC 1G/150MG/1G CPR B/4,ASSOCIATION D'ANTIBIOTIQUES,FLUCONAZOLE +AZITHROMYCINE+ SECNIDAZOLE
3153536,ZIMAX CP 500 MG B/3,"ANTIBIOTIQUE, MACROLIDE",AZITHROMYCINE
2474111,ZIMEX PDRE POUR SUSP INJ B/1,"ANTIBIOTIQUE, CEPHALOSPORINE",CEFTAZIDIME
2262968,ZIMOR GELULE 20 MG B/14,"GASTRO.E.H., ULCERE GASTRODUODENAL",OMEPRAZOLE
3910154,ZINBACT T 500MG COMPRIMÉS PELLICULÉS BTE DE 3,"ANTIBIOTIQUE, MACROLIDE",AZITROMYCINE
5555903,ZINNAT AMP INJ 750 MG B/1,"ANTIBIOTIQUE, CEPHALOSPORINE",CEFUROXIME
2479014,ZIOMYCIN COMPRIMES PELLICULES 500MG B/3,"ANTIBIOTIQUE, MACROLIDE",AZITHROMYCINE
3302002,ZIPIME PDRE P SOL INJ 1000MG IM/IV B/1+1,"ANTIBIOTIQUE, CEPHALOSPORINE",CEFIXIME
2482726,ZITH COMPRIME 500MG B/3,"ANTIBIOTIQUE, MACROLIDE",AZITHROMYCINE
2025286,ZITHROMAX SIROP 200 MG FL/15 ML,"ANTIBIOTIQUE, MACROLIDE",AZITHROMYCINE
8480689,ZITHROPHINE 200MG/5ML PDR SUSP,"ANTIBIOTIQUE, MACROLIDE",AZITHROMYCINE
8480695,ZITHROPHINE 500MG CPR PELL B/3,"ANTIBIOTIQUE, MACROLIDE",AZITHROMYCINE
3893661,ZITHROSUN COMPR PELLICULE 500MG B/3,"ANTIBIOTIQUE, QUINOLONE",LÉVOFLOXACINE
3351697,ZITHROTIL CP PELL 500 MG B/3,"ANTIBIOTIQUE, MACROLIDE",AZITHROMYCINE
9002756,ZITMYC COMPRIMES PELLICULES 500MG B/3,"ANTIBIOTIQUE, MACROLIDE",AZITHROMYCINE
3069202,ZITRAM SOL INJECTABLE 100MG/ML IM B/5,ANTALGIQUE OPIACE FAIBLE,TRAMADOL
8092154,ZITRAM SR CP 100 MG B/20,ANTALGIQUE OPIACE FAIBLE,TRAMADOL
8092160,ZITRAM SR CP 200 MG B/20,ANTALGIQUE OPIACE FAIBLE,TRAMADOL
3011485,ZOCARD COMPRIME PELLICULE 10MG/B30,"ANTIHYPERTENSEUR, INHIBITEUR CALCIQUE",AMLODIPINE
8031218,ZOCIN CP 500 MG B/3,"ANTIBIOTIQUE, MACROLIDE",AZITHROMYCINE
2277958,ZOCIN SUSP BUV 200 MG/5 ML FL/15 ML,"ANTIBIOTIQUE, MACROLIDE",AZITHROMYCINE
5050068,ZOCON 200MG CPR B/10,ANTIFONGIQUE SYSTEMIQUE,FLUCONAZOLE
3415177,ZOEGAS GELULE 20 MG B/14,"GASTRO.E.H., ULCERE GASTRODUODENAL",ESOMEPRAZOLE
3415184,ZOEGAS GELULE 20MG B/28,"GASTRO.E.H., ULCERE GASTRODUODENAL",ESOMEPRAZOLE
9002928,ZOFLOX 500MG CPR B/10,"ANTIBIOTIQUE, QUINOLONE",CIPROFLOXACINE
9001395,ZOFLOX 750MG CPR B/10,"ANTIBIOTIQUE, QUINOLONE",CIPROFLOXACINE
3396381,ZOLADEX IMPLANT 10.8MG S/C B/1,"CANCEROLOGIE, ANTINEOPLASIQUE",GOSERELINE
3293267,ZOLADEX IMPLANT 3.6MG S/C B/1,"CANCEROLOGIE, ANTINEOPLASIQUE",GOSERELINE
3323328,ZOLEDRO DENK SOLUTION A DILUER POUR PERFUSION 4MG/5ML IV B/1,"CANCEROLOGIE, TRAITEMENTS ASSOCIES",ACIDE ZOLEDRONIQUE
8064577,ZOLINE CP PELL 500 MG B/10,"ANTIBIOTIQUE, QUINOLONE",LEVOFLOXACINE
1143505,"ZOLIR M 500MG/0,30 CP/B30",AUTRES ANTIDIABETIQUES,METFORMINE + VOGLIBOSE
3247295,"ZOLMITRIPTAN BIOGARAN CP ORODISP 2,5MG B/12",ANTIMIGRAINEUX,ZOLMITRIPTAN
3247127,"ZOLMITRIPTAN BIOGARAN CP ORODISP 2,5MG B/6",ANTIMIGRAINEUX,ZOLMITRIPTAN
5600006,ZOLOFT GELEULE 50 MG B/15,"PSYCHIATRIE, ANTIDEPRESSEURS",STERALINE
8052605,"ZOMAX PDRE P SUSP BUV 300 MG/7,5 ML FL/22,5 ML","ANTIBIOTIQUE, MACROLIDE",AZITHROMYCINE
8052597,ZOMAX SUSP BUV 200 MG/5 ML FL/15 ML,"ANTIBIOTIQUE, MACROLIDE",AZITHROMYCINE
3618769,ZOMETA INJ IV 4MG/5ML B/1,"CANCEROLOGIE, TRAITEMENTS ASSOCIES",ACIDE ZOLEDRONIQUE
3473443,ZOMIG CP 2.5MG B/6,ANTIMIGRAINEUX,ZOLMITRIPTAN
3223055,ZOPAN CP 250 MG PLAQUETTE DE 10,ANTI-INFLAMMATOIRE NON STEROIDIEN (AINS),ACIDE MEFENAMIQUE
3384367,ZOPAN DS GELULE 500MG PLAQUETTE/10,ANTI-INFLAMMATOIRE NON STEROIDIEN (AINS),ACIDE MEFENAMIQUE
2471862,ZOPRANOL COMPRIMÉ 30MG B/30,"ANTIHYPERTENSEUR, INHIBITEUR ENZYME DE CONVERSION",ZOFENOPRIL CALCIUM
2479350,"ZOPRANOL COMPRIMÉ 7,5MG B/12","ANTIHYPERTENSEUR, INHIBITEUR ENZYME DE CONVERSION",ZOFENOPRIL CALCIUM
2471861,"ZOPRAZIDE COMPRIMÉ 30/12,5MG B/30","ANTIHYPERTENSEUR, INHIBITEUR ENZYME DE CONVERSION + DIURETIQUE",ZOFENOPRIL CALCIUM + HYDROCHOROTHIAZIDE
1155294,ZOSTRA COMPRIME 10MG B/30,HYPOLIPEMIANT,ROSUVASTATINE
1155195,ZOSTRA COMPRIME 5MG B/30,HYPOLIPEMIANT,ROSUVASTATINE
8064583,ZOUCEF PDRE P P INJ 1G B/1,"ANTIBIOTIQUE, CEPHALOSPORINE",CEFTRIAXONE
8177181,ZOVATIN CP 20 MG B/30,HYPOLIPEMIANT,SIMVASTATINE
8177198,ZOVATIN CP 40 MG B/30,HYPOLIPEMIANT,SIMVASTATINE
3284618,ZOVIRAX CREME 5% T/10 G,ANTIVIRAUX,ACICLOVIR
3253954,"ZOVIRAX PDE OPHT 3% T/4,5 G","OPHTALMOLOGIE, ANTIVIRAUX LOCAUX",ACICLOVIR
8482607,ZYBEND SUSP BUV FL/10 ML,"PARASITOLOGIE, ANTHELMINTIQUE",ALBENDAZOLE
3917603,ZYLOCEF-S PDR SOL INJ IV 1000MG/500MG B/1,ASSOCIATION D'ANTIBIOTIQUES,CEFTRIAXONE + SULBACTAM
3259833,ZYLORIC 100 CP 100 MG B/28,"RHUMATOLOGIE, HYPO-URICEMIANT",ALLOPURINOL
3272727,ZYLORIC 200 CP 200 MG B/28,"RHUMATOLOGIE, HYPO-URICEMIANT",ALLOPURINOL
3222959,ZYLORIC 300 CP 300 MG B/28,"RHUMATOLOGIE, HYPO-URICEMIANT",ALLOPURINOL
3410410,ZYLTAN AM CP 50MG/5MG B/30,AUTRES ASSOCIATIONS D'ANTIHYPERTENSEURS,LOSARTAN+AMLODIPINE
3044551,ZYLTAN H CP PELL B/30,ANTIHYPERTENSEUR ANTAGONISTE RECEPTEURS ANGIOTENSINE II + DIURETIQUE,LOSARTAN + HYDROCHLOROTHIAZIDE
3052624,ZYLTAN 50 CP PELL B/30,"ANTIHYPERTENSEUR, ANTAGONISTE RECEPTEURS ANGIOTENSINE II",LOSARTAN
3191199,"ZYMAFLUOR CP 0,25 MG B/200","STOMATOLOGIES, APPORT FLUORE",FLUORURE DE SODIUM
3274241,ZYMAFLUOR CP 1 MG B/100,"STOMATOLOGIES, APPORT FLUORE",FLUORURE DE SODIUM
8650157,ZYNOCET COMPRIMES PELLICULES 5MG B/20,"ALLERGOLOGIE, ANTIHISTAMINIQUE",LEVOCETIRIZINE
8650163,"ZYNOCET SIROP 0,5MG/ML SOL BUV FL/100ML","ALLERGOLOGIE, ANTIHISTAMINIQUE",LEVOCETIRIZINE
5015563,ZYPREXA CP ENR 5 MG B/28,"PSYCHIATRIE, NEUROLEPTIQUES",OLANZAPINE
3956625,ZYROVA COMPRIME 10MG B/30,HYPOLIPEMIANT,ROSUVASTATINE
3957035,ZYROVA COMPRIME 20MG B/30,HYPOLIPEMIANT,ROSUVASTATINE
3630105,3HP KIT GÉLULE 2+COMPRIMÉ2+2,"GASTRO E.H, ULCERE GASTRO-DUODENALE",CLARITHOMYCINE + TINIDAZOLE + LANSOPRAZOLE
8108772,5 FLUORO URACILE INJ FLACON DETAIL,"CANCEROLOGIE, ANTINEOPLASIQUE",FLUOROURACILE